{"data":[{"id":"ctry.ph.39.1","address":"Andili, Davao Occidental, Philippines","path":"earth/countries/ph/39/1/data.json"},{"id":"ctry.ph.39.2","address":"Andop, Davao Occidental, Philippines","path":"earth/countries/ph/39/2/data.json"},{"id":"ctry.ph.39.3","address":"Anibongan, Davao Occidental, Philippines","path":"earth/countries/ph/39/3/data.json"},{"id":"ctry.ph.39.4","address":"Astorga, Davao Occidental, Philippines","path":"earth/countries/ph/39/4/data.json"},{"id":"ctry.ph.39.5","address":"Asuncion, Davao Occidental, Philippines","path":"earth/countries/ph/39/5/data.json"},{"id":"ctry.ph.39.6","address":"Babag, Davao Occidental, Philippines","path":"earth/countries/ph/39/6/data.json"},{"id":"ctry.ph.39.7","address":"Baculin, Davao Occidental, Philippines","path":"earth/countries/ph/39/7/data.json"},{"id":"ctry.ph.39.8","address":"Baganga, Davao Occidental, Philippines","path":"earth/countries/ph/39/8/data.json"},{"id":"ctry.ph.39.9","address":"Balagunan, Davao Occidental, Philippines","path":"earth/countries/ph/39/9/data.json"},{"id":"ctry.ph.39.10","address":"Balangonan, Davao Occidental, Philippines","path":"earth/countries/ph/39/10/data.json"},{"id":"ctry.ph.39.11","address":"Balutakay, Davao Occidental, Philippines","path":"earth/countries/ph/39/11/data.json"},{"id":"ctry.ph.39.12","address":"Banaybanay, Davao Occidental, Philippines","path":"earth/countries/ph/39/12/data.json"},{"id":"ctry.ph.39.13","address":"Bansalan, Davao Occidental, Philippines","path":"earth/countries/ph/39/13/data.json"},{"id":"ctry.ph.39.14","address":"Bantacan, Davao Occidental, Philippines","path":"earth/countries/ph/39/14/data.json"},{"id":"ctry.ph.39.15","address":"Baon, Davao Occidental, Philippines","path":"earth/countries/ph/39/15/data.json"},{"id":"ctry.ph.39.16","address":"Baracatan, Davao Occidental, Philippines","path":"earth/countries/ph/39/16/data.json"},{"id":"ctry.ph.39.17","address":"Basiawan, Davao Occidental, Philippines","path":"earth/countries/ph/39/17/data.json"},{"id":"ctry.ph.39.18","address":"Batiano, Davao Occidental, Philippines","path":"earth/countries/ph/39/18/data.json"},{"id":"ctry.ph.39.19","address":"Bato, Davao Occidental, Philippines","path":"earth/countries/ph/39/19/data.json"},{"id":"ctry.ph.39.20","address":"Batobato, Davao Occidental, Philippines","path":"earth/countries/ph/39/20/data.json"},{"id":"ctry.ph.39.21","address":"Baylo, Davao Occidental, Philippines","path":"earth/countries/ph/39/21/data.json"},{"id":"ctry.ph.39.22","address":"Biao, Davao Occidental, Philippines","path":"earth/countries/ph/39/22/data.json"},{"id":"ctry.ph.39.23","address":"Bincoñgan, Davao Occidental, Philippines","path":"earth/countries/ph/39/23/data.json"},{"id":"ctry.ph.39.24","address":"Bitaogan, Davao Occidental, Philippines","path":"earth/countries/ph/39/24/data.json"},{"id":"ctry.ph.39.25","address":"Bobon, Davao Occidental, Philippines","path":"earth/countries/ph/39/25/data.json"},{"id":"ctry.ph.39.26","address":"Bolila, Davao Occidental, Philippines","path":"earth/countries/ph/39/26/data.json"},{"id":"ctry.ph.39.27","address":"Boston, Davao Occidental, Philippines","path":"earth/countries/ph/39/27/data.json"},{"id":"ctry.ph.39.28","address":"Buclad, Davao Occidental, Philippines","path":"earth/countries/ph/39/28/data.json"},{"id":"ctry.ph.39.29","address":"Buhangin, Davao Occidental, Philippines","path":"earth/countries/ph/39/29/data.json"},{"id":"ctry.ph.39.30","address":"Bukid, Davao Occidental, Philippines","path":"earth/countries/ph/39/30/data.json"},{"id":"ctry.ph.39.31","address":"Bulacan, Davao Occidental, Philippines","path":"earth/countries/ph/39/31/data.json"},{"id":"ctry.ph.39.32","address":"Bungabon, Davao Occidental, Philippines","path":"earth/countries/ph/39/32/data.json"},{"id":"ctry.ph.39.33","address":"Butulan, Davao Occidental, Philippines","path":"earth/countries/ph/39/33/data.json"},{"id":"ctry.ph.39.34","address":"Cabayangan, Davao Occidental, Philippines","path":"earth/countries/ph/39/34/data.json"},{"id":"ctry.ph.39.35","address":"Cabinuangan, Davao Occidental, Philippines","path":"earth/countries/ph/39/35/data.json"},{"id":"ctry.ph.39.36","address":"Caburan, Davao Occidental, Philippines","path":"earth/countries/ph/39/36/data.json"},{"id":"ctry.ph.39.37","address":"Cambanugoy, Davao Occidental, Philippines","path":"earth/countries/ph/39/37/data.json"},{"id":"ctry.ph.39.38","address":"Camudmud, Davao Occidental, Philippines","path":"earth/countries/ph/39/38/data.json"},{"id":"ctry.ph.39.39","address":"Caraga, Davao Occidental, Philippines","path":"earth/countries/ph/39/39/data.json"},{"id":"ctry.ph.39.40","address":"Carmen, Davao Occidental, Philippines","path":"earth/countries/ph/39/40/data.json"},{"id":"ctry.ph.39.41","address":"Cateel, Davao Occidental, Philippines","path":"earth/countries/ph/39/41/data.json"},{"id":"ctry.ph.39.42","address":"City of Mati, Davao Occidental, Philippines","path":"earth/countries/ph/39/42/data.json"},{"id":"ctry.ph.39.43","address":"City of Panabo, Davao Occidental, Philippines","path":"earth/countries/ph/39/43/data.json"},{"id":"ctry.ph.39.44","address":"City of Tagum, Davao Occidental, Philippines","path":"earth/countries/ph/39/44/data.json"},{"id":"ctry.ph.39.45","address":"Cogon, Davao Occidental, Philippines","path":"earth/countries/ph/39/45/data.json"},{"id":"ctry.ph.39.46","address":"Concepcion, Davao Occidental, Philippines","path":"earth/countries/ph/39/46/data.json"},{"id":"ctry.ph.39.47","address":"Corocotan, Davao Occidental, Philippines","path":"earth/countries/ph/39/47/data.json"},{"id":"ctry.ph.39.48","address":"Coronon, Davao Occidental, Philippines","path":"earth/countries/ph/39/48/data.json"},{"id":"ctry.ph.39.49","address":"Cuambog, Davao Occidental, Philippines","path":"earth/countries/ph/39/49/data.json"},{"id":"ctry.ph.39.50","address":"Culaman, Davao Occidental, Philippines","path":"earth/countries/ph/39/50/data.json"},{"id":"ctry.ph.39.51","address":"Dacudao, Davao Occidental, Philippines","path":"earth/countries/ph/39/51/data.json"},{"id":"ctry.ph.39.52","address":"Dakbayan sa Digos, Davao Occidental, Philippines","path":"earth/countries/ph/39/52/data.json"},{"id":"ctry.ph.39.53","address":"Davan, Davao Occidental, Philippines","path":"earth/countries/ph/39/53/data.json"},{"id":"ctry.ph.39.54","address":"Davao City, Davao Occidental, Philippines","path":"earth/countries/ph/39/54/data.json"},{"id":"ctry.ph.39.55","address":"Del Pilar, Davao Occidental, Philippines","path":"earth/countries/ph/39/55/data.json"},{"id":"ctry.ph.39.56","address":"Digos, Davao Occidental, Philippines","path":"earth/countries/ph/39/56/data.json"},{"id":"ctry.ph.39.57","address":"Dolo, Davao Occidental, Philippines","path":"earth/countries/ph/39/57/data.json"},{"id":"ctry.ph.39.58","address":"Don Marcelino, Davao Occidental, Philippines","path":"earth/countries/ph/39/58/data.json"},{"id":"ctry.ph.39.59","address":"Dumlan, Davao Occidental, Philippines","path":"earth/countries/ph/39/59/data.json"},{"id":"ctry.ph.39.60","address":"Esperanza, Davao Occidental, Philippines","path":"earth/countries/ph/39/60/data.json"},{"id":"ctry.ph.39.61","address":"Gabi, Davao Occidental, Philippines","path":"earth/countries/ph/39/61/data.json"},{"id":"ctry.ph.39.62","address":"Gabuyan, Davao Occidental, Philippines","path":"earth/countries/ph/39/62/data.json"},{"id":"ctry.ph.39.63","address":"Goma, Davao Occidental, Philippines","path":"earth/countries/ph/39/63/data.json"},{"id":"ctry.ph.39.64","address":"Governor Generoso, Davao Occidental, Philippines","path":"earth/countries/ph/39/64/data.json"},{"id":"ctry.ph.39.65","address":"Guihing Proper, Davao Occidental, Philippines","path":"earth/countries/ph/39/65/data.json"},{"id":"ctry.ph.39.66","address":"Gumalang, Davao Occidental, Philippines","path":"earth/countries/ph/39/66/data.json"},{"id":"ctry.ph.39.67","address":"Gupitan, Davao Occidental, Philippines","path":"earth/countries/ph/39/67/data.json"},{"id":"ctry.ph.39.68","address":"Hagonoy, Davao Occidental, Philippines","path":"earth/countries/ph/39/68/data.json"},{"id":"ctry.ph.39.69","address":"Ignit, Davao Occidental, Philippines","path":"earth/countries/ph/39/69/data.json"},{"id":"ctry.ph.39.70","address":"Ilangay, Davao Occidental, Philippines","path":"earth/countries/ph/39/70/data.json"},{"id":"ctry.ph.39.71","address":"Inawayan, Davao Occidental, Philippines","path":"earth/countries/ph/39/71/data.json"},{"id":"ctry.ph.39.72","address":"Island Garden City of Samal, Davao Occidental, Philippines","path":"earth/countries/ph/39/72/data.json"},{"id":"ctry.ph.39.73","address":"Jose Abad Santos, Davao Occidental, Philippines","path":"earth/countries/ph/39/73/data.json"},{"id":"ctry.ph.39.74","address":"Jovellar, Davao Occidental, Philippines","path":"earth/countries/ph/39/74/data.json"},{"id":"ctry.ph.39.75","address":"Kalbay, Davao Occidental, Philippines","path":"earth/countries/ph/39/75/data.json"},{"id":"ctry.ph.39.76","address":"Kalian, Davao Occidental, Philippines","path":"earth/countries/ph/39/76/data.json"},{"id":"ctry.ph.39.77","address":"Kaligutan, Davao Occidental, Philippines","path":"earth/countries/ph/39/77/data.json"},{"id":"ctry.ph.39.78","address":"Kapalong, Davao Occidental, Philippines","path":"earth/countries/ph/39/78/data.json"},{"id":"ctry.ph.39.79","address":"Katipunan, Davao Occidental, Philippines","path":"earth/countries/ph/39/79/data.json"},{"id":"ctry.ph.39.80","address":"Kiblawan, Davao Occidental, Philippines","path":"earth/countries/ph/39/80/data.json"},{"id":"ctry.ph.39.81","address":"Kinablangan, Davao Occidental, Philippines","path":"earth/countries/ph/39/81/data.json"},{"id":"ctry.ph.39.82","address":"Kinamayan, Davao Occidental, Philippines","path":"earth/countries/ph/39/82/data.json"},{"id":"ctry.ph.39.83","address":"Kinangan, Davao Occidental, Philippines","path":"earth/countries/ph/39/83/data.json"},{"id":"ctry.ph.39.84","address":"La Libertad, Davao Occidental, Philippines","path":"earth/countries/ph/39/84/data.json"},{"id":"ctry.ph.39.85","address":"La Paz, Davao Occidental, Philippines","path":"earth/countries/ph/39/85/data.json"},{"id":"ctry.ph.39.86","address":"La Union, Davao Occidental, Philippines","path":"earth/countries/ph/39/86/data.json"},{"id":"ctry.ph.39.87","address":"Lacaron, Davao Occidental, Philippines","path":"earth/countries/ph/39/87/data.json"},{"id":"ctry.ph.39.88","address":"Lacson, Davao Occidental, Philippines","path":"earth/countries/ph/39/88/data.json"},{"id":"ctry.ph.39.89","address":"Lais, Davao Occidental, Philippines","path":"earth/countries/ph/39/89/data.json"},{"id":"ctry.ph.39.90","address":"Lamitan, Davao Occidental, Philippines","path":"earth/countries/ph/39/90/data.json"},{"id":"ctry.ph.39.91","address":"Lapuan, Davao Occidental, Philippines","path":"earth/countries/ph/39/91/data.json"},{"id":"ctry.ph.39.92","address":"Lasang, Davao Occidental, Philippines","path":"earth/countries/ph/39/92/data.json"},{"id":"ctry.ph.39.93","address":"Libuganon, Davao Occidental, Philippines","path":"earth/countries/ph/39/93/data.json"},{"id":"ctry.ph.39.94","address":"Limao, Davao Occidental, Philippines","path":"earth/countries/ph/39/94/data.json"},{"id":"ctry.ph.39.95","address":"Limot, Davao Occidental, Philippines","path":"earth/countries/ph/39/95/data.json"},{"id":"ctry.ph.39.96","address":"Linao, Davao Occidental, Philippines","path":"earth/countries/ph/39/96/data.json"},{"id":"ctry.ph.39.97","address":"Linoan, Davao Occidental, Philippines","path":"earth/countries/ph/39/97/data.json"},{"id":"ctry.ph.39.98","address":"Lukatan, Davao Occidental, Philippines","path":"earth/countries/ph/39/98/data.json"},{"id":"ctry.ph.39.99","address":"Luna, Davao Occidental, Philippines","path":"earth/countries/ph/39/99/data.json"},{"id":"ctry.ph.39.100","address":"Lungaog, Davao Occidental, Philippines","path":"earth/countries/ph/39/100/data.json"},{"id":"ctry.ph.39.101","address":"Lupon, Davao Occidental, Philippines","path":"earth/countries/ph/39/101/data.json"},{"id":"ctry.ph.39.102","address":"Luzon, Davao Occidental, Philippines","path":"earth/countries/ph/39/102/data.json"},{"id":"ctry.ph.39.103","address":"Mabini, Davao Occidental, Philippines","path":"earth/countries/ph/39/103/data.json"},{"id":"ctry.ph.39.104","address":"Mabuhay, Davao Occidental, Philippines","path":"earth/countries/ph/39/104/data.json"},{"id":"ctry.ph.39.105","address":"Maco, Davao Occidental, Philippines","path":"earth/countries/ph/39/105/data.json"},{"id":"ctry.ph.39.106","address":"Maduao, Davao Occidental, Philippines","path":"earth/countries/ph/39/106/data.json"},{"id":"ctry.ph.39.107","address":"Magatos, Davao Occidental, Philippines","path":"earth/countries/ph/39/107/data.json"},{"id":"ctry.ph.39.108","address":"Magdug, Davao Occidental, Philippines","path":"earth/countries/ph/39/108/data.json"},{"id":"ctry.ph.39.109","address":"Magnaga, Davao Occidental, Philippines","path":"earth/countries/ph/39/109/data.json"},{"id":"ctry.ph.39.110","address":"Magsaysay, Davao Occidental, Philippines","path":"earth/countries/ph/39/110/data.json"},{"id":"ctry.ph.39.111","address":"Mahanob, Davao Occidental, Philippines","path":"earth/countries/ph/39/111/data.json"},{"id":"ctry.ph.39.112","address":"Mahayag, Davao Occidental, Philippines","path":"earth/countries/ph/39/112/data.json"},{"id":"ctry.ph.39.113","address":"Malagos, Davao Occidental, Philippines","path":"earth/countries/ph/39/113/data.json"},{"id":"ctry.ph.39.114","address":"Malalag, Davao Occidental, Philippines","path":"earth/countries/ph/39/114/data.json"},{"id":"ctry.ph.39.115","address":"Malinao, Davao Occidental, Philippines","path":"earth/countries/ph/39/115/data.json"},{"id":"ctry.ph.39.116","address":"Malita, Davao Occidental, Philippines","path":"earth/countries/ph/39/116/data.json"},{"id":"ctry.ph.39.117","address":"Mambago, Davao Occidental, Philippines","path":"earth/countries/ph/39/117/data.json"},{"id":"ctry.ph.39.118","address":"Managa, Davao Occidental, Philippines","path":"earth/countries/ph/39/118/data.json"},{"id":"ctry.ph.39.119","address":"Manaloal, Davao Occidental, Philippines","path":"earth/countries/ph/39/119/data.json"},{"id":"ctry.ph.39.120","address":"Manat, Davao Occidental, Philippines","path":"earth/countries/ph/39/120/data.json"},{"id":"ctry.ph.39.121","address":"Manay, Davao Occidental, Philippines","path":"earth/countries/ph/39/121/data.json"},{"id":"ctry.ph.39.122","address":"Mangili, Davao Occidental, Philippines","path":"earth/countries/ph/39/122/data.json"},{"id":"ctry.ph.39.123","address":"Manikling, Davao Occidental, Philippines","path":"earth/countries/ph/39/123/data.json"},{"id":"ctry.ph.39.124","address":"Matanao, Davao Occidental, Philippines","path":"earth/countries/ph/39/124/data.json"},{"id":"ctry.ph.39.125","address":"Mati, Davao Occidental, Philippines","path":"earth/countries/ph/39/125/data.json"},{"id":"ctry.ph.39.126","address":"Matiao, Davao Occidental, Philippines","path":"earth/countries/ph/39/126/data.json"},{"id":"ctry.ph.39.127","address":"Matti, Davao Occidental, Philippines","path":"earth/countries/ph/39/127/data.json"},{"id":"ctry.ph.39.128","address":"Mawab, Davao Occidental, Philippines","path":"earth/countries/ph/39/128/data.json"},{"id":"ctry.ph.39.129","address":"Mayo, Davao Occidental, Philippines","path":"earth/countries/ph/39/129/data.json"},{"id":"ctry.ph.39.130","address":"Monkayo, Davao Occidental, Philippines","path":"earth/countries/ph/39/130/data.json"},{"id":"ctry.ph.39.131","address":"Montevista, Davao Occidental, Philippines","path":"earth/countries/ph/39/131/data.json"},{"id":"ctry.ph.39.132","address":"Nabunturan, Davao Occidental, Philippines","path":"earth/countries/ph/39/132/data.json"},{"id":"ctry.ph.39.133","address":"Nangan, Davao Occidental, Philippines","path":"earth/countries/ph/39/133/data.json"},{"id":"ctry.ph.39.134","address":"Nanyo, Davao Occidental, Philippines","path":"earth/countries/ph/39/134/data.json"},{"id":"ctry.ph.39.135","address":"New Baclayon, Davao Occidental, Philippines","path":"earth/countries/ph/39/135/data.json"},{"id":"ctry.ph.39.136","address":"New Bataan, Davao Occidental, Philippines","path":"earth/countries/ph/39/136/data.json"},{"id":"ctry.ph.39.137","address":"New Bohol, Davao Occidental, Philippines","path":"earth/countries/ph/39/137/data.json"},{"id":"ctry.ph.39.138","address":"New Corella, Davao Occidental, Philippines","path":"earth/countries/ph/39/138/data.json"},{"id":"ctry.ph.39.139","address":"New Leyte, Davao Occidental, Philippines","path":"earth/countries/ph/39/139/data.json"},{"id":"ctry.ph.39.140","address":"New Sibonga, Davao Occidental, Philippines","path":"earth/countries/ph/39/140/data.json"},{"id":"ctry.ph.39.141","address":"New Visayas, Davao Occidental, Philippines","path":"earth/countries/ph/39/141/data.json"},{"id":"ctry.ph.39.142","address":"Nuing, Davao Occidental, Philippines","path":"earth/countries/ph/39/142/data.json"},{"id":"ctry.ph.39.143","address":"Padada, Davao Occidental, Philippines","path":"earth/countries/ph/39/143/data.json"},{"id":"ctry.ph.39.144","address":"Pag-asa, Davao Occidental, Philippines","path":"earth/countries/ph/39/144/data.json"},{"id":"ctry.ph.39.145","address":"Pagsabangan, Davao Occidental, Philippines","path":"earth/countries/ph/39/145/data.json"},{"id":"ctry.ph.39.146","address":"Palma Gil, Davao Occidental, Philippines","path":"earth/countries/ph/39/146/data.json"},{"id":"ctry.ph.39.147","address":"Panabo, Davao Occidental, Philippines","path":"earth/countries/ph/39/147/data.json"},{"id":"ctry.ph.39.148","address":"Pandasan, Davao Occidental, Philippines","path":"earth/countries/ph/39/148/data.json"},{"id":"ctry.ph.39.149","address":"Pangian, Davao Occidental, Philippines","path":"earth/countries/ph/39/149/data.json"},{"id":"ctry.ph.39.150","address":"Panikian, Davao Occidental, Philippines","path":"earth/countries/ph/39/150/data.json"},{"id":"ctry.ph.39.151","address":"Pantukan, Davao Occidental, Philippines","path":"earth/countries/ph/39/151/data.json"},{"id":"ctry.ph.39.152","address":"Pasian, Davao Occidental, Philippines","path":"earth/countries/ph/39/152/data.json"},{"id":"ctry.ph.39.153","address":"Pondaguitan, Davao Occidental, Philippines","path":"earth/countries/ph/39/153/data.json"},{"id":"ctry.ph.39.154","address":"Pung-Pang, Davao Occidental, Philippines","path":"earth/countries/ph/39/154/data.json"},{"id":"ctry.ph.39.155","address":"Samal, Davao Occidental, Philippines","path":"earth/countries/ph/39/155/data.json"},{"id":"ctry.ph.39.156","address":"Sampao, Davao Occidental, Philippines","path":"earth/countries/ph/39/156/data.json"},{"id":"ctry.ph.39.157","address":"San Alfonso, Davao Occidental, Philippines","path":"earth/countries/ph/39/157/data.json"},{"id":"ctry.ph.39.158","address":"San Antonio, Davao Occidental, Philippines","path":"earth/countries/ph/39/158/data.json"},{"id":"ctry.ph.39.159","address":"San Ignacio, Davao Occidental, Philippines","path":"earth/countries/ph/39/159/data.json"},{"id":"ctry.ph.39.160","address":"San Isidro, Davao Occidental, Philippines","path":"earth/countries/ph/39/160/data.json"},{"id":"ctry.ph.39.161","address":"San Luis, Davao Occidental, Philippines","path":"earth/countries/ph/39/161/data.json"},{"id":"ctry.ph.39.162","address":"San Mariano, Davao Occidental, Philippines","path":"earth/countries/ph/39/162/data.json"},{"id":"ctry.ph.39.163","address":"San Miguel, Davao Occidental, Philippines","path":"earth/countries/ph/39/163/data.json"},{"id":"ctry.ph.39.164","address":"San Pedro, Davao Occidental, Philippines","path":"earth/countries/ph/39/164/data.json"},{"id":"ctry.ph.39.165","address":"San Rafael, Davao Occidental, Philippines","path":"earth/countries/ph/39/165/data.json"},{"id":"ctry.ph.39.166","address":"San Remigio, Davao Occidental, Philippines","path":"earth/countries/ph/39/166/data.json"},{"id":"ctry.ph.39.167","address":"San Vicente, Davao Occidental, Philippines","path":"earth/countries/ph/39/167/data.json"},{"id":"ctry.ph.39.168","address":"Santa Cruz, Davao Occidental, Philippines","path":"earth/countries/ph/39/168/data.json"},{"id":"ctry.ph.39.169","address":"Santa Maria, Davao Occidental, Philippines","path":"earth/countries/ph/39/169/data.json"},{"id":"ctry.ph.39.170","address":"Santiago, Davao Occidental, Philippines","path":"earth/countries/ph/39/170/data.json"},{"id":"ctry.ph.39.171","address":"Santo Niño, Davao Occidental, Philippines","path":"earth/countries/ph/39/171/data.json"},{"id":"ctry.ph.39.172","address":"Santo Tomas, Davao Occidental, Philippines","path":"earth/countries/ph/39/172/data.json"},{"id":"ctry.ph.39.173","address":"Sarangani, Davao Occidental, Philippines","path":"earth/countries/ph/39/173/data.json"},{"id":"ctry.ph.39.174","address":"Sibulan, Davao Occidental, Philippines","path":"earth/countries/ph/39/174/data.json"},{"id":"ctry.ph.39.175","address":"Sigaboy, Davao Occidental, Philippines","path":"earth/countries/ph/39/175/data.json"},{"id":"ctry.ph.39.176","address":"Simod, Davao Occidental, Philippines","path":"earth/countries/ph/39/176/data.json"},{"id":"ctry.ph.39.177","address":"Sinawilan, Davao Occidental, Philippines","path":"earth/countries/ph/39/177/data.json"},{"id":"ctry.ph.39.178","address":"Sinayawan, Davao Occidental, Philippines","path":"earth/countries/ph/39/178/data.json"},{"id":"ctry.ph.39.179","address":"Sirib, Davao Occidental, Philippines","path":"earth/countries/ph/39/179/data.json"},{"id":"ctry.ph.39.180","address":"Sugal, Davao Occidental, Philippines","path":"earth/countries/ph/39/180/data.json"},{"id":"ctry.ph.39.181","address":"Sulop, Davao Occidental, Philippines","path":"earth/countries/ph/39/181/data.json"},{"id":"ctry.ph.39.182","address":"Surup, Davao Occidental, Philippines","path":"earth/countries/ph/39/182/data.json"},{"id":"ctry.ph.39.183","address":"Suz-on, Davao Occidental, Philippines","path":"earth/countries/ph/39/183/data.json"},{"id":"ctry.ph.39.184","address":"Tagakpan, Davao Occidental, Philippines","path":"earth/countries/ph/39/184/data.json"},{"id":"ctry.ph.39.185","address":"Tagdanua, Davao Occidental, Philippines","path":"earth/countries/ph/39/185/data.json"},{"id":"ctry.ph.39.186","address":"Tagnanan, Davao Occidental, Philippines","path":"earth/countries/ph/39/186/data.json"},{"id":"ctry.ph.39.187","address":"Tagum, Davao Occidental, Philippines","path":"earth/countries/ph/39/187/data.json"},{"id":"ctry.ph.39.188","address":"Takub, Davao Occidental, Philippines","path":"earth/countries/ph/39/188/data.json"},{"id":"ctry.ph.39.189","address":"Talagutong, Davao Occidental, Philippines","path":"earth/countries/ph/39/189/data.json"},{"id":"ctry.ph.39.190","address":"Talisay, Davao Occidental, Philippines","path":"earth/countries/ph/39/190/data.json"},{"id":"ctry.ph.39.191","address":"Talomo, Davao Occidental, Philippines","path":"earth/countries/ph/39/191/data.json"},{"id":"ctry.ph.39.192","address":"Tamayong, Davao Occidental, Philippines","path":"earth/countries/ph/39/192/data.json"},{"id":"ctry.ph.39.193","address":"Tambo, Davao Occidental, Philippines","path":"earth/countries/ph/39/193/data.json"},{"id":"ctry.ph.39.194","address":"Tamisan, Davao Occidental, Philippines","path":"earth/countries/ph/39/194/data.json"},{"id":"ctry.ph.39.195","address":"Tamugan, Davao Occidental, Philippines","path":"earth/countries/ph/39/195/data.json"},{"id":"ctry.ph.39.196","address":"Tanlad, Davao Occidental, Philippines","path":"earth/countries/ph/39/196/data.json"},{"id":"ctry.ph.39.197","address":"Tapia, Davao Occidental, Philippines","path":"earth/countries/ph/39/197/data.json"},{"id":"ctry.ph.39.198","address":"Tarragona, Davao Occidental, Philippines","path":"earth/countries/ph/39/198/data.json"},{"id":"ctry.ph.39.199","address":"Tawan tawan, Davao Occidental, Philippines","path":"earth/countries/ph/39/199/data.json"},{"id":"ctry.ph.39.200","address":"Taytayan, Davao Occidental, Philippines","path":"earth/countries/ph/39/200/data.json"},{"id":"ctry.ph.39.201","address":"Tibagon, Davao Occidental, Philippines","path":"earth/countries/ph/39/201/data.json"},{"id":"ctry.ph.39.202","address":"Tibanbang, Davao Occidental, Philippines","path":"earth/countries/ph/39/202/data.json"},{"id":"ctry.ph.39.203","address":"Tiblawan, Davao Occidental, Philippines","path":"earth/countries/ph/39/203/data.json"},{"id":"ctry.ph.39.204","address":"Tombongon, Davao Occidental, Philippines","path":"earth/countries/ph/39/204/data.json"},{"id":"ctry.ph.39.205","address":"Tubalan, Davao Occidental, Philippines","path":"earth/countries/ph/39/205/data.json"},{"id":"ctry.ph.39.206","address":"Tuban, Davao Occidental, Philippines","path":"earth/countries/ph/39/206/data.json"},{"id":"ctry.ph.39.207","address":"Tubod, Davao Occidental, Philippines","path":"earth/countries/ph/39/207/data.json"},{"id":"ctry.ph.39.208","address":"Tuganay, Davao Occidental, Philippines","path":"earth/countries/ph/39/208/data.json"},{"id":"ctry.ph.39.209","address":"Tuli, Davao Occidental, Philippines","path":"earth/countries/ph/39/209/data.json"},{"id":"ctry.ph.39.210","address":"Ula, Davao Occidental, Philippines","path":"earth/countries/ph/39/210/data.json"},{"id":"ctry.ph.39.211","address":"Wañgan, Davao Occidental, Philippines","path":"earth/countries/ph/39/211/data.json"},{"id":"ctry.ph.39.212","address":"Wines, Davao Occidental, Philippines","path":"earth/countries/ph/39/212/data.json"}]}