{"data":[{"id":"ctry.ph.3.1","address":"Acli, Agusan del Sur, Philippines","path":"earth/countries/ph/3/1/data.json"},{"id":"ctry.ph.3.2","address":"Agbannawag, Agusan del Sur, Philippines","path":"earth/countries/ph/3/2/data.json"},{"id":"ctry.ph.3.3","address":"Akle, Agusan del Sur, Philippines","path":"earth/countries/ph/3/3/data.json"},{"id":"ctry.ph.3.4","address":"Aliaga, Agusan del Sur, Philippines","path":"earth/countries/ph/3/4/data.json"},{"id":"ctry.ph.3.5","address":"Alua, Agusan del Sur, Philippines","path":"earth/countries/ph/3/5/data.json"},{"id":"ctry.ph.3.6","address":"Amacalan, Agusan del Sur, Philippines","path":"earth/countries/ph/3/6/data.json"},{"id":"ctry.ph.3.7","address":"Amucao, Agusan del Sur, Philippines","path":"earth/countries/ph/3/7/data.json"},{"id":"ctry.ph.3.8","address":"Amuñgan, Agusan del Sur, Philippines","path":"earth/countries/ph/3/8/data.json"},{"id":"ctry.ph.3.9","address":"Anao, Agusan del Sur, Philippines","path":"earth/countries/ph/3/9/data.json"},{"id":"ctry.ph.3.10","address":"Angat, Agusan del Sur, Philippines","path":"earth/countries/ph/3/10/data.json"},{"id":"ctry.ph.3.11","address":"Angeles, Agusan del Sur, Philippines","path":"earth/countries/ph/3/11/data.json"},{"id":"ctry.ph.3.12","address":"Antipolo, Agusan del Sur, Philippines","path":"earth/countries/ph/3/12/data.json"},{"id":"ctry.ph.3.13","address":"Apalit, Agusan del Sur, Philippines","path":"earth/countries/ph/3/13/data.json"},{"id":"ctry.ph.3.14","address":"Arayat, Agusan del Sur, Philippines","path":"earth/countries/ph/3/14/data.json"},{"id":"ctry.ph.3.15","address":"Arenas, Agusan del Sur, Philippines","path":"earth/countries/ph/3/15/data.json"},{"id":"ctry.ph.3.16","address":"Arminia, Agusan del Sur, Philippines","path":"earth/countries/ph/3/16/data.json"},{"id":"ctry.ph.3.17","address":"Bacabac, Agusan del Sur, Philippines","path":"earth/countries/ph/3/17/data.json"},{"id":"ctry.ph.3.18","address":"Bacolor, Agusan del Sur, Philippines","path":"earth/countries/ph/3/18/data.json"},{"id":"ctry.ph.3.19","address":"Bacsay, Agusan del Sur, Philippines","path":"earth/countries/ph/3/19/data.json"},{"id":"ctry.ph.3.20","address":"Bagac, Agusan del Sur, Philippines","path":"earth/countries/ph/3/20/data.json"},{"id":"ctry.ph.3.21","address":"Bagong Barrio, Agusan del Sur, Philippines","path":"earth/countries/ph/3/21/data.json"},{"id":"ctry.ph.3.22","address":"Bagong-Sikat, Agusan del Sur, Philippines","path":"earth/countries/ph/3/22/data.json"},{"id":"ctry.ph.3.23","address":"Bahay Pare, Agusan del Sur, Philippines","path":"earth/countries/ph/3/23/data.json"},{"id":"ctry.ph.3.24","address":"Bakulong, Agusan del Sur, Philippines","path":"earth/countries/ph/3/24/data.json"},{"id":"ctry.ph.3.25","address":"Balagtas, Agusan del Sur, Philippines","path":"earth/countries/ph/3/25/data.json"},{"id":"ctry.ph.3.26","address":"Balanga, Agusan del Sur, Philippines","path":"earth/countries/ph/3/26/data.json"},{"id":"ctry.ph.3.27","address":"Balaoang, Agusan del Sur, Philippines","path":"earth/countries/ph/3/27/data.json"},{"id":"ctry.ph.3.28","address":"Balas, Agusan del Sur, Philippines","path":"earth/countries/ph/3/28/data.json"},{"id":"ctry.ph.3.29","address":"Balasing, Agusan del Sur, Philippines","path":"earth/countries/ph/3/29/data.json"},{"id":"ctry.ph.3.30","address":"Balayang, Agusan del Sur, Philippines","path":"earth/countries/ph/3/30/data.json"},{"id":"ctry.ph.3.31","address":"Baler, Agusan del Sur, Philippines","path":"earth/countries/ph/3/31/data.json"},{"id":"ctry.ph.3.32","address":"Balingcanaway, Agusan del Sur, Philippines","path":"earth/countries/ph/3/32/data.json"},{"id":"ctry.ph.3.33","address":"Balite, Agusan del Sur, Philippines","path":"earth/countries/ph/3/33/data.json"},{"id":"ctry.ph.3.34","address":"Baliuag, Agusan del Sur, Philippines","path":"earth/countries/ph/3/34/data.json"},{"id":"ctry.ph.3.35","address":"Baloc, Agusan del Sur, Philippines","path":"earth/countries/ph/3/35/data.json"},{"id":"ctry.ph.3.36","address":"Baloy, Agusan del Sur, Philippines","path":"earth/countries/ph/3/36/data.json"},{"id":"ctry.ph.3.37","address":"Balsic, Agusan del Sur, Philippines","path":"earth/countries/ph/3/37/data.json"},{"id":"ctry.ph.3.38","address":"Balucuc, Agusan del Sur, Philippines","path":"earth/countries/ph/3/38/data.json"},{"id":"ctry.ph.3.39","address":"Balut, Agusan del Sur, Philippines","path":"earth/countries/ph/3/39/data.json"},{"id":"ctry.ph.3.40","address":"Balutu, Agusan del Sur, Philippines","path":"earth/countries/ph/3/40/data.json"},{"id":"ctry.ph.3.41","address":"Bamban, Agusan del Sur, Philippines","path":"earth/countries/ph/3/41/data.json"},{"id":"ctry.ph.3.42","address":"Banawang, Agusan del Sur, Philippines","path":"earth/countries/ph/3/42/data.json"},{"id":"ctry.ph.3.43","address":"Bani, Agusan del Sur, Philippines","path":"earth/countries/ph/3/43/data.json"},{"id":"ctry.ph.3.44","address":"Baquero Norte, Agusan del Sur, Philippines","path":"earth/countries/ph/3/44/data.json"},{"id":"ctry.ph.3.45","address":"Batasan Bata, Agusan del Sur, Philippines","path":"earth/countries/ph/3/45/data.json"},{"id":"ctry.ph.3.46","address":"Batitang, Agusan del Sur, Philippines","path":"earth/countries/ph/3/46/data.json"},{"id":"ctry.ph.3.47","address":"Bayanan, Agusan del Sur, Philippines","path":"earth/countries/ph/3/47/data.json"},{"id":"ctry.ph.3.48","address":"Beddeng, Agusan del Sur, Philippines","path":"earth/countries/ph/3/48/data.json"},{"id":"ctry.ph.3.49","address":"Biay, Agusan del Sur, Philippines","path":"earth/countries/ph/3/49/data.json"},{"id":"ctry.ph.3.50","address":"Bibiclat, Agusan del Sur, Philippines","path":"earth/countries/ph/3/50/data.json"},{"id":"ctry.ph.3.51","address":"Bicos, Agusan del Sur, Philippines","path":"earth/countries/ph/3/51/data.json"},{"id":"ctry.ph.3.52","address":"Biga, Agusan del Sur, Philippines","path":"earth/countries/ph/3/52/data.json"},{"id":"ctry.ph.3.53","address":"Bilad, Agusan del Sur, Philippines","path":"earth/countries/ph/3/53/data.json"},{"id":"ctry.ph.3.54","address":"Bobon Second, Agusan del Sur, Philippines","path":"earth/countries/ph/3/54/data.json"},{"id":"ctry.ph.3.55","address":"Bocaue, Agusan del Sur, Philippines","path":"earth/countries/ph/3/55/data.json"},{"id":"ctry.ph.3.56","address":"Bodega, Agusan del Sur, Philippines","path":"earth/countries/ph/3/56/data.json"},{"id":"ctry.ph.3.57","address":"Bolitoc, Agusan del Sur, Philippines","path":"earth/countries/ph/3/57/data.json"},{"id":"ctry.ph.3.58","address":"Bongabon, Agusan del Sur, Philippines","path":"earth/countries/ph/3/58/data.json"},{"id":"ctry.ph.3.59","address":"Botolan, Agusan del Sur, Philippines","path":"earth/countries/ph/3/59/data.json"},{"id":"ctry.ph.3.60","address":"Buenlag, Agusan del Sur, Philippines","path":"earth/countries/ph/3/60/data.json"},{"id":"ctry.ph.3.61","address":"Buensuseso, Agusan del Sur, Philippines","path":"earth/countries/ph/3/61/data.json"},{"id":"ctry.ph.3.62","address":"Bulakan, Agusan del Sur, Philippines","path":"earth/countries/ph/3/62/data.json"},{"id":"ctry.ph.3.63","address":"Bulaon, Agusan del Sur, Philippines","path":"earth/countries/ph/3/63/data.json"},{"id":"ctry.ph.3.64","address":"Bularit, Agusan del Sur, Philippines","path":"earth/countries/ph/3/64/data.json"},{"id":"ctry.ph.3.65","address":"Bulawin, Agusan del Sur, Philippines","path":"earth/countries/ph/3/65/data.json"},{"id":"ctry.ph.3.66","address":"Bulihan, Agusan del Sur, Philippines","path":"earth/countries/ph/3/66/data.json"},{"id":"ctry.ph.3.67","address":"Buliran, Agusan del Sur, Philippines","path":"earth/countries/ph/3/67/data.json"},{"id":"ctry.ph.3.68","address":"Buliran Segundo, Agusan del Sur, Philippines","path":"earth/countries/ph/3/68/data.json"},{"id":"ctry.ph.3.69","address":"Bulualto, Agusan del Sur, Philippines","path":"earth/countries/ph/3/69/data.json"},{"id":"ctry.ph.3.70","address":"Bundoc, Agusan del Sur, Philippines","path":"earth/countries/ph/3/70/data.json"},{"id":"ctry.ph.3.71","address":"Bunol, Agusan del Sur, Philippines","path":"earth/countries/ph/3/71/data.json"},{"id":"ctry.ph.3.72","address":"Burgos, Agusan del Sur, Philippines","path":"earth/countries/ph/3/72/data.json"},{"id":"ctry.ph.3.73","address":"Bustos, Agusan del Sur, Philippines","path":"earth/countries/ph/3/73/data.json"},{"id":"ctry.ph.3.74","address":"Cabanatuan, Agusan del Sur, Philippines","path":"earth/countries/ph/3/74/data.json"},{"id":"ctry.ph.3.75","address":"Cabangan, Agusan del Sur, Philippines","path":"earth/countries/ph/3/75/data.json"},{"id":"ctry.ph.3.76","address":"Cabayaoasan, Agusan del Sur, Philippines","path":"earth/countries/ph/3/76/data.json"},{"id":"ctry.ph.3.77","address":"Cabcaben, Agusan del Sur, Philippines","path":"earth/countries/ph/3/77/data.json"},{"id":"ctry.ph.3.78","address":"Cabiao, Agusan del Sur, Philippines","path":"earth/countries/ph/3/78/data.json"},{"id":"ctry.ph.3.79","address":"Cabog, Agusan del Sur, Philippines","path":"earth/countries/ph/3/79/data.json"},{"id":"ctry.ph.3.80","address":"Cafe, Agusan del Sur, Philippines","path":"earth/countries/ph/3/80/data.json"},{"id":"ctry.ph.3.81","address":"Calaba, Agusan del Sur, Philippines","path":"earth/countries/ph/3/81/data.json"},{"id":"ctry.ph.3.82","address":"Calancuasan Norte, Agusan del Sur, Philippines","path":"earth/countries/ph/3/82/data.json"},{"id":"ctry.ph.3.83","address":"Calangain, Agusan del Sur, Philippines","path":"earth/countries/ph/3/83/data.json"},{"id":"ctry.ph.3.84","address":"Calantas, Agusan del Sur, Philippines","path":"earth/countries/ph/3/84/data.json"},{"id":"ctry.ph.3.85","address":"Calayaan, Agusan del Sur, Philippines","path":"earth/countries/ph/3/85/data.json"},{"id":"ctry.ph.3.86","address":"Calibungan, Agusan del Sur, Philippines","path":"earth/countries/ph/3/86/data.json"},{"id":"ctry.ph.3.87","address":"Calibutbut, Agusan del Sur, Philippines","path":"earth/countries/ph/3/87/data.json"},{"id":"ctry.ph.3.88","address":"Calingcuan, Agusan del Sur, Philippines","path":"earth/countries/ph/3/88/data.json"},{"id":"ctry.ph.3.89","address":"Calumpang, Agusan del Sur, Philippines","path":"earth/countries/ph/3/89/data.json"},{"id":"ctry.ph.3.90","address":"Calumpit, Agusan del Sur, Philippines","path":"earth/countries/ph/3/90/data.json"},{"id":"ctry.ph.3.91","address":"Cama Juan, Agusan del Sur, Philippines","path":"earth/countries/ph/3/91/data.json"},{"id":"ctry.ph.3.92","address":"Camachile, Agusan del Sur, Philippines","path":"earth/countries/ph/3/92/data.json"},{"id":"ctry.ph.3.93","address":"Camias, Agusan del Sur, Philippines","path":"earth/countries/ph/3/93/data.json"},{"id":"ctry.ph.3.94","address":"Camiling, Agusan del Sur, Philippines","path":"earth/countries/ph/3/94/data.json"},{"id":"ctry.ph.3.95","address":"Candaba, Agusan del Sur, Philippines","path":"earth/countries/ph/3/95/data.json"},{"id":"ctry.ph.3.96","address":"Candating, Agusan del Sur, Philippines","path":"earth/countries/ph/3/96/data.json"},{"id":"ctry.ph.3.97","address":"Candelaria, Agusan del Sur, Philippines","path":"earth/countries/ph/3/97/data.json"},{"id":"ctry.ph.3.98","address":"Capas, Agusan del Sur, Philippines","path":"earth/countries/ph/3/98/data.json"},{"id":"ctry.ph.3.99","address":"Cardona, Agusan del Sur, Philippines","path":"earth/countries/ph/3/99/data.json"},{"id":"ctry.ph.3.100","address":"Carmen, Agusan del Sur, Philippines","path":"earth/countries/ph/3/100/data.json"},{"id":"ctry.ph.3.101","address":"Carranglan, Agusan del Sur, Philippines","path":"earth/countries/ph/3/101/data.json"},{"id":"ctry.ph.3.102","address":"Casiguran, Agusan del Sur, Philippines","path":"earth/countries/ph/3/102/data.json"},{"id":"ctry.ph.3.103","address":"Castillejos, Agusan del Sur, Philippines","path":"earth/countries/ph/3/103/data.json"},{"id":"ctry.ph.3.104","address":"Cauayan, Agusan del Sur, Philippines","path":"earth/countries/ph/3/104/data.json"},{"id":"ctry.ph.3.105","address":"Cavite, Agusan del Sur, Philippines","path":"earth/countries/ph/3/105/data.json"},{"id":"ctry.ph.3.106","address":"Cawayan Bugtong, Agusan del Sur, Philippines","path":"earth/countries/ph/3/106/data.json"},{"id":"ctry.ph.3.107","address":"City of Balanga, Agusan del Sur, Philippines","path":"earth/countries/ph/3/107/data.json"},{"id":"ctry.ph.3.108","address":"City of Gapan, Agusan del Sur, Philippines","path":"earth/countries/ph/3/108/data.json"},{"id":"ctry.ph.3.109","address":"City of Malolos, Agusan del Sur, Philippines","path":"earth/countries/ph/3/109/data.json"},{"id":"ctry.ph.3.110","address":"City of Meycauayan, Agusan del Sur, Philippines","path":"earth/countries/ph/3/110/data.json"},{"id":"ctry.ph.3.111","address":"City of San Fernando, Agusan del Sur, Philippines","path":"earth/countries/ph/3/111/data.json"},{"id":"ctry.ph.3.112","address":"City of San Jose del Monte, Agusan del Sur, Philippines","path":"earth/countries/ph/3/112/data.json"},{"id":"ctry.ph.3.113","address":"Comillas, Agusan del Sur, Philippines","path":"earth/countries/ph/3/113/data.json"},{"id":"ctry.ph.3.114","address":"Communal, Agusan del Sur, Philippines","path":"earth/countries/ph/3/114/data.json"},{"id":"ctry.ph.3.115","address":"Concepcion, Agusan del Sur, Philippines","path":"earth/countries/ph/3/115/data.json"},{"id":"ctry.ph.3.116","address":"Conversion, Agusan del Sur, Philippines","path":"earth/countries/ph/3/116/data.json"},{"id":"ctry.ph.3.117","address":"Culianin, Agusan del Sur, Philippines","path":"earth/countries/ph/3/117/data.json"},{"id":"ctry.ph.3.118","address":"Culubasa, Agusan del Sur, Philippines","path":"earth/countries/ph/3/118/data.json"},{"id":"ctry.ph.3.119","address":"Cut-cut Primero, Agusan del Sur, Philippines","path":"earth/countries/ph/3/119/data.json"},{"id":"ctry.ph.3.120","address":"Cuyapo, Agusan del Sur, Philippines","path":"earth/countries/ph/3/120/data.json"},{"id":"ctry.ph.3.121","address":"Dampol, Agusan del Sur, Philippines","path":"earth/countries/ph/3/121/data.json"},{"id":"ctry.ph.3.122","address":"Del Carmen, Agusan del Sur, Philippines","path":"earth/countries/ph/3/122/data.json"},{"id":"ctry.ph.3.123","address":"Del Pilar, Agusan del Sur, Philippines","path":"earth/countries/ph/3/123/data.json"},{"id":"ctry.ph.3.124","address":"Digdig, Agusan del Sur, Philippines","path":"earth/countries/ph/3/124/data.json"},{"id":"ctry.ph.3.125","address":"Dilasag, Agusan del Sur, Philippines","path":"earth/countries/ph/3/125/data.json"},{"id":"ctry.ph.3.126","address":"Diliman Primero, Agusan del Sur, Philippines","path":"earth/countries/ph/3/126/data.json"},{"id":"ctry.ph.3.127","address":"Dinalongan, Agusan del Sur, Philippines","path":"earth/countries/ph/3/127/data.json"},{"id":"ctry.ph.3.128","address":"Dinalupihan, Agusan del Sur, Philippines","path":"earth/countries/ph/3/128/data.json"},{"id":"ctry.ph.3.129","address":"Dingalan, Agusan del Sur, Philippines","path":"earth/countries/ph/3/129/data.json"},{"id":"ctry.ph.3.130","address":"Dipaculao, Agusan del Sur, Philippines","path":"earth/countries/ph/3/130/data.json"},{"id":"ctry.ph.3.131","address":"Dolores, Agusan del Sur, Philippines","path":"earth/countries/ph/3/131/data.json"},{"id":"ctry.ph.3.132","address":"Doña Remedios Trinidad, Agusan del Sur, Philippines","path":"earth/countries/ph/3/132/data.json"},{"id":"ctry.ph.3.133","address":"Entablado, Agusan del Sur, Philippines","path":"earth/countries/ph/3/133/data.json"},{"id":"ctry.ph.3.134","address":"Estipona, Agusan del Sur, Philippines","path":"earth/countries/ph/3/134/data.json"},{"id":"ctry.ph.3.135","address":"Estrella, Agusan del Sur, Philippines","path":"earth/countries/ph/3/135/data.json"},{"id":"ctry.ph.3.136","address":"Floridablanca, Agusan del Sur, Philippines","path":"earth/countries/ph/3/136/data.json"},{"id":"ctry.ph.3.137","address":"Gabaldon, Agusan del Sur, Philippines","path":"earth/countries/ph/3/137/data.json"},{"id":"ctry.ph.3.138","address":"Gapan, Agusan del Sur, Philippines","path":"earth/countries/ph/3/138/data.json"},{"id":"ctry.ph.3.139","address":"General Luna, Agusan del Sur, Philippines","path":"earth/countries/ph/3/139/data.json"},{"id":"ctry.ph.3.140","address":"General Mamerto Natividad, Agusan del Sur, Philippines","path":"earth/countries/ph/3/140/data.json"},{"id":"ctry.ph.3.141","address":"General Tinio, Agusan del Sur, Philippines","path":"earth/countries/ph/3/141/data.json"},{"id":"ctry.ph.3.142","address":"Gerona, Agusan del Sur, Philippines","path":"earth/countries/ph/3/142/data.json"},{"id":"ctry.ph.3.143","address":"Guagua, Agusan del Sur, Philippines","path":"earth/countries/ph/3/143/data.json"},{"id":"ctry.ph.3.144","address":"Gueset, Agusan del Sur, Philippines","path":"earth/countries/ph/3/144/data.json"},{"id":"ctry.ph.3.145","address":"Guiguinto, Agusan del Sur, Philippines","path":"earth/countries/ph/3/145/data.json"},{"id":"ctry.ph.3.146","address":"Guimba, Agusan del Sur, Philippines","path":"earth/countries/ph/3/146/data.json"},{"id":"ctry.ph.3.147","address":"Guisguis, Agusan del Sur, Philippines","path":"earth/countries/ph/3/147/data.json"},{"id":"ctry.ph.3.148","address":"Guyong, Agusan del Sur, Philippines","path":"earth/countries/ph/3/148/data.json"},{"id":"ctry.ph.3.149","address":"Hagonoy, Agusan del Sur, Philippines","path":"earth/countries/ph/3/149/data.json"},{"id":"ctry.ph.3.150","address":"Hermosa, Agusan del Sur, Philippines","path":"earth/countries/ph/3/150/data.json"},{"id":"ctry.ph.3.151","address":"Iba, Agusan del Sur, Philippines","path":"earth/countries/ph/3/151/data.json"},{"id":"ctry.ph.3.152","address":"Jaen, Agusan del Sur, Philippines","path":"earth/countries/ph/3/152/data.json"},{"id":"ctry.ph.3.153","address":"La Paz, Agusan del Sur, Philippines","path":"earth/countries/ph/3/153/data.json"},{"id":"ctry.ph.3.154","address":"Lambakin, Agusan del Sur, Philippines","path":"earth/countries/ph/3/154/data.json"},{"id":"ctry.ph.3.155","address":"Lanat, Agusan del Sur, Philippines","path":"earth/countries/ph/3/155/data.json"},{"id":"ctry.ph.3.156","address":"Laug, Agusan del Sur, Philippines","path":"earth/countries/ph/3/156/data.json"},{"id":"ctry.ph.3.157","address":"Laur, Agusan del Sur, Philippines","path":"earth/countries/ph/3/157/data.json"},{"id":"ctry.ph.3.158","address":"Lawang Kupang, Agusan del Sur, Philippines","path":"earth/countries/ph/3/158/data.json"},{"id":"ctry.ph.3.159","address":"Lennec, Agusan del Sur, Philippines","path":"earth/countries/ph/3/159/data.json"},{"id":"ctry.ph.3.160","address":"Licab, Agusan del Sur, Philippines","path":"earth/countries/ph/3/160/data.json"},{"id":"ctry.ph.3.161","address":"Ligaya, Agusan del Sur, Philippines","path":"earth/countries/ph/3/161/data.json"},{"id":"ctry.ph.3.162","address":"Limay, Agusan del Sur, Philippines","path":"earth/countries/ph/3/162/data.json"},{"id":"ctry.ph.3.163","address":"Liozon, Agusan del Sur, Philippines","path":"earth/countries/ph/3/163/data.json"},{"id":"ctry.ph.3.164","address":"Lipay, Agusan del Sur, Philippines","path":"earth/countries/ph/3/164/data.json"},{"id":"ctry.ph.3.165","address":"Llanera, Agusan del Sur, Philippines","path":"earth/countries/ph/3/165/data.json"},{"id":"ctry.ph.3.166","address":"Lomboy, Agusan del Sur, Philippines","path":"earth/countries/ph/3/166/data.json"},{"id":"ctry.ph.3.167","address":"Lourdes, Agusan del Sur, Philippines","path":"earth/countries/ph/3/167/data.json"},{"id":"ctry.ph.3.168","address":"Lubao, Agusan del Sur, Philippines","path":"earth/countries/ph/3/168/data.json"},{"id":"ctry.ph.3.169","address":"Lucapon, Agusan del Sur, Philippines","path":"earth/countries/ph/3/169/data.json"},{"id":"ctry.ph.3.170","address":"Lupao, Agusan del Sur, Philippines","path":"earth/countries/ph/3/170/data.json"},{"id":"ctry.ph.3.171","address":"Maasim, Agusan del Sur, Philippines","path":"earth/countries/ph/3/171/data.json"},{"id":"ctry.ph.3.172","address":"Mabalacat, Agusan del Sur, Philippines","path":"earth/countries/ph/3/172/data.json"},{"id":"ctry.ph.3.173","address":"Mabayo, Agusan del Sur, Philippines","path":"earth/countries/ph/3/173/data.json"},{"id":"ctry.ph.3.174","address":"Mabilang, Agusan del Sur, Philippines","path":"earth/countries/ph/3/174/data.json"},{"id":"ctry.ph.3.175","address":"Mabilog, Agusan del Sur, Philippines","path":"earth/countries/ph/3/175/data.json"},{"id":"ctry.ph.3.176","address":"Mabini, Agusan del Sur, Philippines","path":"earth/countries/ph/3/176/data.json"},{"id":"ctry.ph.3.177","address":"Macabebe, Agusan del Sur, Philippines","path":"earth/countries/ph/3/177/data.json"},{"id":"ctry.ph.3.178","address":"Macapsing, Agusan del Sur, Philippines","path":"earth/countries/ph/3/178/data.json"},{"id":"ctry.ph.3.179","address":"Macarse, Agusan del Sur, Philippines","path":"earth/countries/ph/3/179/data.json"},{"id":"ctry.ph.3.180","address":"Macatbong, Agusan del Sur, Philippines","path":"earth/countries/ph/3/180/data.json"},{"id":"ctry.ph.3.181","address":"Magalang, Agusan del Sur, Philippines","path":"earth/countries/ph/3/181/data.json"},{"id":"ctry.ph.3.182","address":"Magliman, Agusan del Sur, Philippines","path":"earth/countries/ph/3/182/data.json"},{"id":"ctry.ph.3.183","address":"Magtangol, Agusan del Sur, Philippines","path":"earth/countries/ph/3/183/data.json"},{"id":"ctry.ph.3.184","address":"Maguinao, Agusan del Sur, Philippines","path":"earth/countries/ph/3/184/data.json"},{"id":"ctry.ph.3.185","address":"Malabon, Agusan del Sur, Philippines","path":"earth/countries/ph/3/185/data.json"},{"id":"ctry.ph.3.186","address":"Malacampa, Agusan del Sur, Philippines","path":"earth/countries/ph/3/186/data.json"},{"id":"ctry.ph.3.187","address":"Maligaya, Agusan del Sur, Philippines","path":"earth/countries/ph/3/187/data.json"},{"id":"ctry.ph.3.188","address":"Malino, Agusan del Sur, Philippines","path":"earth/countries/ph/3/188/data.json"},{"id":"ctry.ph.3.189","address":"Malolos, Agusan del Sur, Philippines","path":"earth/countries/ph/3/189/data.json"},{"id":"ctry.ph.3.190","address":"Maloma, Agusan del Sur, Philippines","path":"earth/countries/ph/3/190/data.json"},{"id":"ctry.ph.3.191","address":"Maluid, Agusan del Sur, Philippines","path":"earth/countries/ph/3/191/data.json"},{"id":"ctry.ph.3.192","address":"Malusac, Agusan del Sur, Philippines","path":"earth/countries/ph/3/192/data.json"},{"id":"ctry.ph.3.193","address":"Mambog, Agusan del Sur, Philippines","path":"earth/countries/ph/3/193/data.json"},{"id":"ctry.ph.3.194","address":"Mamonit, Agusan del Sur, Philippines","path":"earth/countries/ph/3/194/data.json"},{"id":"ctry.ph.3.195","address":"Manacsac, Agusan del Sur, Philippines","path":"earth/countries/ph/3/195/data.json"},{"id":"ctry.ph.3.196","address":"Manatal, Agusan del Sur, Philippines","path":"earth/countries/ph/3/196/data.json"},{"id":"ctry.ph.3.197","address":"Mandili, Agusan del Sur, Philippines","path":"earth/countries/ph/3/197/data.json"},{"id":"ctry.ph.3.198","address":"Mangga, Agusan del Sur, Philippines","path":"earth/countries/ph/3/198/data.json"},{"id":"ctry.ph.3.199","address":"Manibaug Pasig, Agusan del Sur, Philippines","path":"earth/countries/ph/3/199/data.json"},{"id":"ctry.ph.3.200","address":"Manogpi, Agusan del Sur, Philippines","path":"earth/countries/ph/3/200/data.json"},{"id":"ctry.ph.3.201","address":"Mapalacsiao, Agusan del Sur, Philippines","path":"earth/countries/ph/3/201/data.json"},{"id":"ctry.ph.3.202","address":"Mapalad, Agusan del Sur, Philippines","path":"earth/countries/ph/3/202/data.json"},{"id":"ctry.ph.3.203","address":"Mapaniqui, Agusan del Sur, Philippines","path":"earth/countries/ph/3/203/data.json"},{"id":"ctry.ph.3.204","address":"Maquiapo, Agusan del Sur, Philippines","path":"earth/countries/ph/3/204/data.json"},{"id":"ctry.ph.3.205","address":"Marawa, Agusan del Sur, Philippines","path":"earth/countries/ph/3/205/data.json"},{"id":"ctry.ph.3.206","address":"Maria Aurora, Agusan del Sur, Philippines","path":"earth/countries/ph/3/206/data.json"},{"id":"ctry.ph.3.207","address":"Marilao, Agusan del Sur, Philippines","path":"earth/countries/ph/3/207/data.json"},{"id":"ctry.ph.3.208","address":"Mariveles, Agusan del Sur, Philippines","path":"earth/countries/ph/3/208/data.json"},{"id":"ctry.ph.3.209","address":"Masalipit, Agusan del Sur, Philippines","path":"earth/countries/ph/3/209/data.json"},{"id":"ctry.ph.3.210","address":"Masantol, Agusan del Sur, Philippines","path":"earth/countries/ph/3/210/data.json"},{"id":"ctry.ph.3.211","address":"Masinloc, Agusan del Sur, Philippines","path":"earth/countries/ph/3/211/data.json"},{"id":"ctry.ph.3.212","address":"Matayumtayum, Agusan del Sur, Philippines","path":"earth/countries/ph/3/212/data.json"},{"id":"ctry.ph.3.213","address":"Maturanoc, Agusan del Sur, Philippines","path":"earth/countries/ph/3/213/data.json"},{"id":"ctry.ph.3.214","address":"Mayantoc, Agusan del Sur, Philippines","path":"earth/countries/ph/3/214/data.json"},{"id":"ctry.ph.3.215","address":"Mexico, Agusan del Sur, Philippines","path":"earth/countries/ph/3/215/data.json"},{"id":"ctry.ph.3.216","address":"Meycauayan, Agusan del Sur, Philippines","path":"earth/countries/ph/3/216/data.json"},{"id":"ctry.ph.3.217","address":"Minalin, Agusan del Sur, Philippines","path":"earth/countries/ph/3/217/data.json"},{"id":"ctry.ph.3.218","address":"Moncada, Agusan del Sur, Philippines","path":"earth/countries/ph/3/218/data.json"},{"id":"ctry.ph.3.219","address":"Moriones, Agusan del Sur, Philippines","path":"earth/countries/ph/3/219/data.json"},{"id":"ctry.ph.3.220","address":"Morong, Agusan del Sur, Philippines","path":"earth/countries/ph/3/220/data.json"},{"id":"ctry.ph.3.221","address":"Motrico, Agusan del Sur, Philippines","path":"earth/countries/ph/3/221/data.json"},{"id":"ctry.ph.3.222","address":"Muñoz, Agusan del Sur, Philippines","path":"earth/countries/ph/3/222/data.json"},{"id":"ctry.ph.3.223","address":"Murcia, Agusan del Sur, Philippines","path":"earth/countries/ph/3/223/data.json"},{"id":"ctry.ph.3.224","address":"Nagpandayan, Agusan del Sur, Philippines","path":"earth/countries/ph/3/224/data.json"},{"id":"ctry.ph.3.225","address":"Nambalan, Agusan del Sur, Philippines","path":"earth/countries/ph/3/225/data.json"},{"id":"ctry.ph.3.226","address":"Nampicuan, Agusan del Sur, Philippines","path":"earth/countries/ph/3/226/data.json"},{"id":"ctry.ph.3.227","address":"Nancamarinan, Agusan del Sur, Philippines","path":"earth/countries/ph/3/227/data.json"},{"id":"ctry.ph.3.228","address":"Nieves, Agusan del Sur, Philippines","path":"earth/countries/ph/3/228/data.json"},{"id":"ctry.ph.3.229","address":"Niugan, Agusan del Sur, Philippines","path":"earth/countries/ph/3/229/data.json"},{"id":"ctry.ph.3.230","address":"Norzagaray, Agusan del Sur, Philippines","path":"earth/countries/ph/3/230/data.json"},{"id":"ctry.ph.3.231","address":"Obando, Agusan del Sur, Philippines","path":"earth/countries/ph/3/231/data.json"},{"id":"ctry.ph.3.232","address":"Olongapo, Agusan del Sur, Philippines","path":"earth/countries/ph/3/232/data.json"},{"id":"ctry.ph.3.233","address":"Orani, Agusan del Sur, Philippines","path":"earth/countries/ph/3/233/data.json"},{"id":"ctry.ph.3.234","address":"Orion, Agusan del Sur, Philippines","path":"earth/countries/ph/3/234/data.json"},{"id":"ctry.ph.3.235","address":"Paco Roman, Agusan del Sur, Philippines","path":"earth/countries/ph/3/235/data.json"},{"id":"ctry.ph.3.236","address":"Padapada, Agusan del Sur, Philippines","path":"earth/countries/ph/3/236/data.json"},{"id":"ctry.ph.3.237","address":"Paitan Norte, Agusan del Sur, Philippines","path":"earth/countries/ph/3/237/data.json"},{"id":"ctry.ph.3.238","address":"Palauig, Agusan del Sur, Philippines","path":"earth/countries/ph/3/238/data.json"},{"id":"ctry.ph.3.239","address":"Palayan, Agusan del Sur, Philippines","path":"earth/countries/ph/3/239/data.json"},{"id":"ctry.ph.3.240","address":"Palusapis, Agusan del Sur, Philippines","path":"earth/countries/ph/3/240/data.json"},{"id":"ctry.ph.3.241","address":"Pamatawan, Agusan del Sur, Philippines","path":"earth/countries/ph/3/241/data.json"},{"id":"ctry.ph.3.242","address":"Panabingan, Agusan del Sur, Philippines","path":"earth/countries/ph/3/242/data.json"},{"id":"ctry.ph.3.243","address":"Panan, Agusan del Sur, Philippines","path":"earth/countries/ph/3/243/data.json"},{"id":"ctry.ph.3.244","address":"Pance, Agusan del Sur, Philippines","path":"earth/countries/ph/3/244/data.json"},{"id":"ctry.ph.3.245","address":"Pandacaqui, Agusan del Sur, Philippines","path":"earth/countries/ph/3/245/data.json"},{"id":"ctry.ph.3.246","address":"Pandi, Agusan del Sur, Philippines","path":"earth/countries/ph/3/246/data.json"},{"id":"ctry.ph.3.247","address":"Pando, Agusan del Sur, Philippines","path":"earth/countries/ph/3/247/data.json"},{"id":"ctry.ph.3.248","address":"Paniqui, Agusan del Sur, Philippines","path":"earth/countries/ph/3/248/data.json"},{"id":"ctry.ph.3.249","address":"Pantabangan, Agusan del Sur, Philippines","path":"earth/countries/ph/3/249/data.json"},{"id":"ctry.ph.3.250","address":"Pantubig, Agusan del Sur, Philippines","path":"earth/countries/ph/3/250/data.json"},{"id":"ctry.ph.3.251","address":"Paombong, Agusan del Sur, Philippines","path":"earth/countries/ph/3/251/data.json"},{"id":"ctry.ph.3.252","address":"Papaya, Agusan del Sur, Philippines","path":"earth/countries/ph/3/252/data.json"},{"id":"ctry.ph.3.253","address":"Parang, Agusan del Sur, Philippines","path":"earth/countries/ph/3/253/data.json"},{"id":"ctry.ph.3.254","address":"Parista, Agusan del Sur, Philippines","path":"earth/countries/ph/3/254/data.json"},{"id":"ctry.ph.3.255","address":"Pau, Agusan del Sur, Philippines","path":"earth/countries/ph/3/255/data.json"},{"id":"ctry.ph.3.256","address":"Peñaranda, Agusan del Sur, Philippines","path":"earth/countries/ph/3/256/data.json"},{"id":"ctry.ph.3.257","address":"Pias, Agusan del Sur, Philippines","path":"earth/countries/ph/3/257/data.json"},{"id":"ctry.ph.3.258","address":"Pilar, Agusan del Sur, Philippines","path":"earth/countries/ph/3/258/data.json"},{"id":"ctry.ph.3.259","address":"Piñahan, Agusan del Sur, Philippines","path":"earth/countries/ph/3/259/data.json"},{"id":"ctry.ph.3.260","address":"Pinambaran, Agusan del Sur, Philippines","path":"earth/countries/ph/3/260/data.json"},{"id":"ctry.ph.3.261","address":"Pio, Agusan del Sur, Philippines","path":"earth/countries/ph/3/261/data.json"},{"id":"ctry.ph.3.262","address":"Plaridel, Agusan del Sur, Philippines","path":"earth/countries/ph/3/262/data.json"},{"id":"ctry.ph.3.263","address":"Porac, Agusan del Sur, Philippines","path":"earth/countries/ph/3/263/data.json"},{"id":"ctry.ph.3.264","address":"Porais, Agusan del Sur, Philippines","path":"earth/countries/ph/3/264/data.json"},{"id":"ctry.ph.3.265","address":"Prado Siongco, Agusan del Sur, Philippines","path":"earth/countries/ph/3/265/data.json"},{"id":"ctry.ph.3.266","address":"Pulilan, Agusan del Sur, Philippines","path":"earth/countries/ph/3/266/data.json"},{"id":"ctry.ph.3.267","address":"Pulo, Agusan del Sur, Philippines","path":"earth/countries/ph/3/267/data.json"},{"id":"ctry.ph.3.268","address":"Pulong Gubat, Agusan del Sur, Philippines","path":"earth/countries/ph/3/268/data.json"},{"id":"ctry.ph.3.269","address":"Pulong Sampalok, Agusan del Sur, Philippines","path":"earth/countries/ph/3/269/data.json"},{"id":"ctry.ph.3.270","address":"Pulung Santol, Agusan del Sur, Philippines","path":"earth/countries/ph/3/270/data.json"},{"id":"ctry.ph.3.271","address":"Pulungmasle, Agusan del Sur, Philippines","path":"earth/countries/ph/3/271/data.json"},{"id":"ctry.ph.3.272","address":"Puncan, Agusan del Sur, Philippines","path":"earth/countries/ph/3/272/data.json"},{"id":"ctry.ph.3.273","address":"Pura, Agusan del Sur, Philippines","path":"earth/countries/ph/3/273/data.json"},{"id":"ctry.ph.3.274","address":"Purac, Agusan del Sur, Philippines","path":"earth/countries/ph/3/274/data.json"},{"id":"ctry.ph.3.275","address":"Putlod, Agusan del Sur, Philippines","path":"earth/countries/ph/3/275/data.json"},{"id":"ctry.ph.3.276","address":"Quezon, Agusan del Sur, Philippines","path":"earth/countries/ph/3/276/data.json"},{"id":"ctry.ph.3.277","address":"Rajal Norte, Agusan del Sur, Philippines","path":"earth/countries/ph/3/277/data.json"},{"id":"ctry.ph.3.278","address":"Ramos, Agusan del Sur, Philippines","path":"earth/countries/ph/3/278/data.json"},{"id":"ctry.ph.3.279","address":"Rizal, Agusan del Sur, Philippines","path":"earth/countries/ph/3/279/data.json"},{"id":"ctry.ph.3.280","address":"Sabang, Agusan del Sur, Philippines","path":"earth/countries/ph/3/280/data.json"},{"id":"ctry.ph.3.281","address":"Sagana, Agusan del Sur, Philippines","path":"earth/countries/ph/3/281/data.json"},{"id":"ctry.ph.3.282","address":"Salapungan, Agusan del Sur, Philippines","path":"earth/countries/ph/3/282/data.json"},{"id":"ctry.ph.3.283","address":"Salaza, Agusan del Sur, Philippines","path":"earth/countries/ph/3/283/data.json"},{"id":"ctry.ph.3.284","address":"Salcedo, Agusan del Sur, Philippines","path":"earth/countries/ph/3/284/data.json"},{"id":"ctry.ph.3.285","address":"Salvacion I, Agusan del Sur, Philippines","path":"earth/countries/ph/3/285/data.json"},{"id":"ctry.ph.3.286","address":"Samal, Agusan del Sur, Philippines","path":"earth/countries/ph/3/286/data.json"},{"id":"ctry.ph.3.287","address":"Sampaloc, Agusan del Sur, Philippines","path":"earth/countries/ph/3/287/data.json"},{"id":"ctry.ph.3.288","address":"San Agustin, Agusan del Sur, Philippines","path":"earth/countries/ph/3/288/data.json"},{"id":"ctry.ph.3.289","address":"San Alejandro, Agusan del Sur, Philippines","path":"earth/countries/ph/3/289/data.json"},{"id":"ctry.ph.3.290","address":"San Andres, Agusan del Sur, Philippines","path":"earth/countries/ph/3/290/data.json"},{"id":"ctry.ph.3.291","address":"San Anton, Agusan del Sur, Philippines","path":"earth/countries/ph/3/291/data.json"},{"id":"ctry.ph.3.292","address":"San Antonio, Agusan del Sur, Philippines","path":"earth/countries/ph/3/292/data.json"},{"id":"ctry.ph.3.293","address":"San Basilio, Agusan del Sur, Philippines","path":"earth/countries/ph/3/293/data.json"},{"id":"ctry.ph.3.294","address":"San Benito, Agusan del Sur, Philippines","path":"earth/countries/ph/3/294/data.json"},{"id":"ctry.ph.3.295","address":"San Carlos, Agusan del Sur, Philippines","path":"earth/countries/ph/3/295/data.json"},{"id":"ctry.ph.3.296","address":"San Casimiro, Agusan del Sur, Philippines","path":"earth/countries/ph/3/296/data.json"},{"id":"ctry.ph.3.297","address":"San Clemente, Agusan del Sur, Philippines","path":"earth/countries/ph/3/297/data.json"},{"id":"ctry.ph.3.298","address":"San Cristobal, Agusan del Sur, Philippines","path":"earth/countries/ph/3/298/data.json"},{"id":"ctry.ph.3.299","address":"San Fabian, Agusan del Sur, Philippines","path":"earth/countries/ph/3/299/data.json"},{"id":"ctry.ph.3.300","address":"San Felipe, Agusan del Sur, Philippines","path":"earth/countries/ph/3/300/data.json"},{"id":"ctry.ph.3.301","address":"San Felipe Old, Agusan del Sur, Philippines","path":"earth/countries/ph/3/301/data.json"},{"id":"ctry.ph.3.302","address":"San Fernando, Agusan del Sur, Philippines","path":"earth/countries/ph/3/302/data.json"},{"id":"ctry.ph.3.303","address":"San Francisco, Agusan del Sur, Philippines","path":"earth/countries/ph/3/303/data.json"},{"id":"ctry.ph.3.304","address":"San Ildefonso, Agusan del Sur, Philippines","path":"earth/countries/ph/3/304/data.json"},{"id":"ctry.ph.3.305","address":"San Isidro, Agusan del Sur, Philippines","path":"earth/countries/ph/3/305/data.json"},{"id":"ctry.ph.3.306","address":"San Jacinto, Agusan del Sur, Philippines","path":"earth/countries/ph/3/306/data.json"},{"id":"ctry.ph.3.307","address":"San Jose, Agusan del Sur, Philippines","path":"earth/countries/ph/3/307/data.json"},{"id":"ctry.ph.3.308","address":"San Jose del Monte, Agusan del Sur, Philippines","path":"earth/countries/ph/3/308/data.json"},{"id":"ctry.ph.3.309","address":"San Juan, Agusan del Sur, Philippines","path":"earth/countries/ph/3/309/data.json"},{"id":"ctry.ph.3.310","address":"San Juan de Mata, Agusan del Sur, Philippines","path":"earth/countries/ph/3/310/data.json"},{"id":"ctry.ph.3.311","address":"San Leonardo, Agusan del Sur, Philippines","path":"earth/countries/ph/3/311/data.json"},{"id":"ctry.ph.3.312","address":"San Lorenzo, Agusan del Sur, Philippines","path":"earth/countries/ph/3/312/data.json"},{"id":"ctry.ph.3.313","address":"San Luis, Agusan del Sur, Philippines","path":"earth/countries/ph/3/313/data.json"},{"id":"ctry.ph.3.314","address":"San Manuel, Agusan del Sur, Philippines","path":"earth/countries/ph/3/314/data.json"},{"id":"ctry.ph.3.315","address":"San Marcelino, Agusan del Sur, Philippines","path":"earth/countries/ph/3/315/data.json"},{"id":"ctry.ph.3.316","address":"San Mariano, Agusan del Sur, Philippines","path":"earth/countries/ph/3/316/data.json"},{"id":"ctry.ph.3.317","address":"San Mateo, Agusan del Sur, Philippines","path":"earth/countries/ph/3/317/data.json"},{"id":"ctry.ph.3.318","address":"San Miguel, Agusan del Sur, Philippines","path":"earth/countries/ph/3/318/data.json"},{"id":"ctry.ph.3.319","address":"San Narciso, Agusan del Sur, Philippines","path":"earth/countries/ph/3/319/data.json"},{"id":"ctry.ph.3.320","address":"San Nicolas, Agusan del Sur, Philippines","path":"earth/countries/ph/3/320/data.json"},{"id":"ctry.ph.3.321","address":"San Pascual, Agusan del Sur, Philippines","path":"earth/countries/ph/3/321/data.json"},{"id":"ctry.ph.3.322","address":"San Patricio, Agusan del Sur, Philippines","path":"earth/countries/ph/3/322/data.json"},{"id":"ctry.ph.3.323","address":"San Rafael, Agusan del Sur, Philippines","path":"earth/countries/ph/3/323/data.json"},{"id":"ctry.ph.3.324","address":"San Ricardo, Agusan del Sur, Philippines","path":"earth/countries/ph/3/324/data.json"},{"id":"ctry.ph.3.325","address":"San Roque, Agusan del Sur, Philippines","path":"earth/countries/ph/3/325/data.json"},{"id":"ctry.ph.3.326","address":"San Roque Dau First, Agusan del Sur, Philippines","path":"earth/countries/ph/3/326/data.json"},{"id":"ctry.ph.3.327","address":"San Simon, Agusan del Sur, Philippines","path":"earth/countries/ph/3/327/data.json"},{"id":"ctry.ph.3.328","address":"San Vicente, Agusan del Sur, Philippines","path":"earth/countries/ph/3/328/data.json"},{"id":"ctry.ph.3.329","address":"San Vincente, Agusan del Sur, Philippines","path":"earth/countries/ph/3/329/data.json"},{"id":"ctry.ph.3.330","address":"Santa Ana, Agusan del Sur, Philippines","path":"earth/countries/ph/3/330/data.json"},{"id":"ctry.ph.3.331","address":"Santa Barbara, Agusan del Sur, Philippines","path":"earth/countries/ph/3/331/data.json"},{"id":"ctry.ph.3.332","address":"Santa Cruz, Agusan del Sur, Philippines","path":"earth/countries/ph/3/332/data.json"},{"id":"ctry.ph.3.333","address":"Santa Fe, Agusan del Sur, Philippines","path":"earth/countries/ph/3/333/data.json"},{"id":"ctry.ph.3.334","address":"Santa Ignacia, Agusan del Sur, Philippines","path":"earth/countries/ph/3/334/data.json"},{"id":"ctry.ph.3.335","address":"Santa Ines West, Agusan del Sur, Philippines","path":"earth/countries/ph/3/335/data.json"},{"id":"ctry.ph.3.336","address":"Santa Juliana, Agusan del Sur, Philippines","path":"earth/countries/ph/3/336/data.json"},{"id":"ctry.ph.3.337","address":"Santa Lucia, Agusan del Sur, Philippines","path":"earth/countries/ph/3/337/data.json"},{"id":"ctry.ph.3.338","address":"Santa Maria, Agusan del Sur, Philippines","path":"earth/countries/ph/3/338/data.json"},{"id":"ctry.ph.3.339","address":"Santa Monica, Agusan del Sur, Philippines","path":"earth/countries/ph/3/339/data.json"},{"id":"ctry.ph.3.340","address":"Santa Rita, Agusan del Sur, Philippines","path":"earth/countries/ph/3/340/data.json"},{"id":"ctry.ph.3.341","address":"Santa Rosa, Agusan del Sur, Philippines","path":"earth/countries/ph/3/341/data.json"},{"id":"ctry.ph.3.342","address":"Santa Teresa First, Agusan del Sur, Philippines","path":"earth/countries/ph/3/342/data.json"},{"id":"ctry.ph.3.343","address":"Santiago, Agusan del Sur, Philippines","path":"earth/countries/ph/3/343/data.json"},{"id":"ctry.ph.3.344","address":"Santo Cristo, Agusan del Sur, Philippines","path":"earth/countries/ph/3/344/data.json"},{"id":"ctry.ph.3.345","address":"Santo Domingo, Agusan del Sur, Philippines","path":"earth/countries/ph/3/345/data.json"},{"id":"ctry.ph.3.346","address":"Santo Niño, Agusan del Sur, Philippines","path":"earth/countries/ph/3/346/data.json"},{"id":"ctry.ph.3.347","address":"Santo Rosario, Agusan del Sur, Philippines","path":"earth/countries/ph/3/347/data.json"},{"id":"ctry.ph.3.348","address":"Santo Tomas, Agusan del Sur, Philippines","path":"earth/countries/ph/3/348/data.json"},{"id":"ctry.ph.3.349","address":"Santol, Agusan del Sur, Philippines","path":"earth/countries/ph/3/349/data.json"},{"id":"ctry.ph.3.350","address":"Sapang, Agusan del Sur, Philippines","path":"earth/countries/ph/3/350/data.json"},{"id":"ctry.ph.3.351","address":"Sapang Buho, Agusan del Sur, Philippines","path":"earth/countries/ph/3/351/data.json"},{"id":"ctry.ph.3.352","address":"Sapol, Agusan del Sur, Philippines","path":"earth/countries/ph/3/352/data.json"},{"id":"ctry.ph.3.353","address":"Sasmuan, Agusan del Sur, Philippines","path":"earth/countries/ph/3/353/data.json"},{"id":"ctry.ph.3.354","address":"Saysain, Agusan del Sur, Philippines","path":"earth/countries/ph/3/354/data.json"},{"id":"ctry.ph.3.355","address":"Sibul, Agusan del Sur, Philippines","path":"earth/countries/ph/3/355/data.json"},{"id":"ctry.ph.3.356","address":"Siclong, Agusan del Sur, Philippines","path":"earth/countries/ph/3/356/data.json"},{"id":"ctry.ph.3.357","address":"Sinait, Agusan del Sur, Philippines","path":"earth/countries/ph/3/357/data.json"},{"id":"ctry.ph.3.358","address":"Sinilian First, Agusan del Sur, Philippines","path":"earth/countries/ph/3/358/data.json"},{"id":"ctry.ph.3.359","address":"Soledad, Agusan del Sur, Philippines","path":"earth/countries/ph/3/359/data.json"},{"id":"ctry.ph.3.360","address":"Subic, Agusan del Sur, Philippines","path":"earth/countries/ph/3/360/data.json"},{"id":"ctry.ph.3.361","address":"Suklayin, Agusan del Sur, Philippines","path":"earth/countries/ph/3/361/data.json"},{"id":"ctry.ph.3.362","address":"Sula, Agusan del Sur, Philippines","path":"earth/countries/ph/3/362/data.json"},{"id":"ctry.ph.3.363","address":"Sulucan, Agusan del Sur, Philippines","path":"earth/countries/ph/3/363/data.json"},{"id":"ctry.ph.3.364","address":"Tabacao, Agusan del Sur, Philippines","path":"earth/countries/ph/3/364/data.json"},{"id":"ctry.ph.3.365","address":"Tabon, Agusan del Sur, Philippines","path":"earth/countries/ph/3/365/data.json"},{"id":"ctry.ph.3.366","address":"Tabuating, Agusan del Sur, Philippines","path":"earth/countries/ph/3/366/data.json"},{"id":"ctry.ph.3.367","address":"Tal I Mun Doc, Agusan del Sur, Philippines","path":"earth/countries/ph/3/367/data.json"},{"id":"ctry.ph.3.368","address":"Talaga, Agusan del Sur, Philippines","path":"earth/countries/ph/3/368/data.json"},{"id":"ctry.ph.3.369","address":"Talang, Agusan del Sur, Philippines","path":"earth/countries/ph/3/369/data.json"},{"id":"ctry.ph.3.370","address":"Talavera, Agusan del Sur, Philippines","path":"earth/countries/ph/3/370/data.json"},{"id":"ctry.ph.3.371","address":"Taltal, Agusan del Sur, Philippines","path":"earth/countries/ph/3/371/data.json"},{"id":"ctry.ph.3.372","address":"Talugtug, Agusan del Sur, Philippines","path":"earth/countries/ph/3/372/data.json"},{"id":"ctry.ph.3.373","address":"Tariji, Agusan del Sur, Philippines","path":"earth/countries/ph/3/373/data.json"},{"id":"ctry.ph.3.374","address":"Tarlac City, Agusan del Sur, Philippines","path":"earth/countries/ph/3/374/data.json"},{"id":"ctry.ph.3.375","address":"Tayabo, Agusan del Sur, Philippines","path":"earth/countries/ph/3/375/data.json"},{"id":"ctry.ph.3.376","address":"Telabastagan, Agusan del Sur, Philippines","path":"earth/countries/ph/3/376/data.json"},{"id":"ctry.ph.3.377","address":"Tikiw, Agusan del Sur, Philippines","path":"earth/countries/ph/3/377/data.json"},{"id":"ctry.ph.3.378","address":"Tinang, Agusan del Sur, Philippines","path":"earth/countries/ph/3/378/data.json"},{"id":"ctry.ph.3.379","address":"Tondod, Agusan del Sur, Philippines","path":"earth/countries/ph/3/379/data.json"},{"id":"ctry.ph.3.380","address":"Uacon, Agusan del Sur, Philippines","path":"earth/countries/ph/3/380/data.json"},{"id":"ctry.ph.3.381","address":"Umiray, Agusan del Sur, Philippines","path":"earth/countries/ph/3/381/data.json"},{"id":"ctry.ph.3.382","address":"Upig, Agusan del Sur, Philippines","path":"earth/countries/ph/3/382/data.json"},{"id":"ctry.ph.3.383","address":"Vargas, Agusan del Sur, Philippines","path":"earth/countries/ph/3/383/data.json"},{"id":"ctry.ph.3.384","address":"Victoria, Agusan del Sur, Philippines","path":"earth/countries/ph/3/384/data.json"},{"id":"ctry.ph.3.385","address":"Villa Aglipay, Agusan del Sur, Philippines","path":"earth/countries/ph/3/385/data.json"},{"id":"ctry.ph.3.386","address":"Villa Isla, Agusan del Sur, Philippines","path":"earth/countries/ph/3/386/data.json"},{"id":"ctry.ph.3.387","address":"Vizal San Pablo, Agusan del Sur, Philippines","path":"earth/countries/ph/3/387/data.json"},{"id":"ctry.ph.3.388","address":"Vizal Santo Niño, Agusan del Sur, Philippines","path":"earth/countries/ph/3/388/data.json"},{"id":"ctry.ph.3.389","address":"Zaragoza, Agusan del Sur, Philippines","path":"earth/countries/ph/3/389/data.json"}]}