{"data":[{"id":"ctry.it.1.1","address":"Abbateggio, Abruzzo, Italy","path":"earth/countries/it/1/1/data.json"},{"id":"ctry.it.1.2","address":"Acciano, Abruzzo, Italy","path":"earth/countries/it/1/2/data.json"},{"id":"ctry.it.1.3","address":"Aielli, Abruzzo, Italy","path":"earth/countries/it/1/3/data.json"},{"id":"ctry.it.1.4","address":"Alanno, Abruzzo, Italy","path":"earth/countries/it/1/4/data.json"},{"id":"ctry.it.1.5","address":"Alba Adriatica, Abruzzo, Italy","path":"earth/countries/it/1/5/data.json"},{"id":"ctry.it.1.6","address":"Alfedena, Abruzzo, Italy","path":"earth/countries/it/1/6/data.json"},{"id":"ctry.it.1.7","address":"Altino, Abruzzo, Italy","path":"earth/countries/it/1/7/data.json"},{"id":"ctry.it.1.8","address":"Ancarano, Abruzzo, Italy","path":"earth/countries/it/1/8/data.json"},{"id":"ctry.it.1.9","address":"Anversa degli Abruzzi, Abruzzo, Italy","path":"earth/countries/it/1/9/data.json"},{"id":"ctry.it.1.10","address":"Archi, Abruzzo, Italy","path":"earth/countries/it/1/10/data.json"},{"id":"ctry.it.1.11","address":"Ari, Abruzzo, Italy","path":"earth/countries/it/1/11/data.json"},{"id":"ctry.it.1.12","address":"Arielli, Abruzzo, Italy","path":"earth/countries/it/1/12/data.json"},{"id":"ctry.it.1.13","address":"Arsita, Abruzzo, Italy","path":"earth/countries/it/1/13/data.json"},{"id":"ctry.it.1.14","address":"Ateleta, Abruzzo, Italy","path":"earth/countries/it/1/14/data.json"},{"id":"ctry.it.1.15","address":"Atessa, Abruzzo, Italy","path":"earth/countries/it/1/15/data.json"},{"id":"ctry.it.1.16","address":"Atri, Abruzzo, Italy","path":"earth/countries/it/1/16/data.json"},{"id":"ctry.it.1.17","address":"Avezzano, Abruzzo, Italy","path":"earth/countries/it/1/17/data.json"},{"id":"ctry.it.1.18","address":"Balsorano, Abruzzo, Italy","path":"earth/countries/it/1/18/data.json"},{"id":"ctry.it.1.19","address":"Balsorano Nuovo, Abruzzo, Italy","path":"earth/countries/it/1/19/data.json"},{"id":"ctry.it.1.20","address":"Barberi, Abruzzo, Italy","path":"earth/countries/it/1/20/data.json"},{"id":"ctry.it.1.21","address":"Barete, Abruzzo, Italy","path":"earth/countries/it/1/21/data.json"},{"id":"ctry.it.1.22","address":"Barisciano, Abruzzo, Italy","path":"earth/countries/it/1/22/data.json"},{"id":"ctry.it.1.23","address":"Barrea, Abruzzo, Italy","path":"earth/countries/it/1/23/data.json"},{"id":"ctry.it.1.24","address":"Basciano, Abruzzo, Italy","path":"earth/countries/it/1/24/data.json"},{"id":"ctry.it.1.25","address":"Bellante, Abruzzo, Italy","path":"earth/countries/it/1/25/data.json"},{"id":"ctry.it.1.26","address":"Bellante Stazione, Abruzzo, Italy","path":"earth/countries/it/1/26/data.json"},{"id":"ctry.it.1.27","address":"Bisegna, Abruzzo, Italy","path":"earth/countries/it/1/27/data.json"},{"id":"ctry.it.1.28","address":"Bisenti, Abruzzo, Italy","path":"earth/countries/it/1/28/data.json"},{"id":"ctry.it.1.29","address":"Bolognano, Abruzzo, Italy","path":"earth/countries/it/1/29/data.json"},{"id":"ctry.it.1.30","address":"Bomba, Abruzzo, Italy","path":"earth/countries/it/1/30/data.json"},{"id":"ctry.it.1.31","address":"Borgo Santa Maria Immacolata, Abruzzo, Italy","path":"earth/countries/it/1/31/data.json"},{"id":"ctry.it.1.32","address":"Borrello, Abruzzo, Italy","path":"earth/countries/it/1/32/data.json"},{"id":"ctry.it.1.33","address":"Brittoli, Abruzzo, Italy","path":"earth/countries/it/1/33/data.json"},{"id":"ctry.it.1.34","address":"Bucchianico, Abruzzo, Italy","path":"earth/countries/it/1/34/data.json"},{"id":"ctry.it.1.35","address":"Bugnara, Abruzzo, Italy","path":"earth/countries/it/1/35/data.json"},{"id":"ctry.it.1.36","address":"Bussi sul Tirino, Abruzzo, Italy","path":"earth/countries/it/1/36/data.json"},{"id":"ctry.it.1.37","address":"Cagnano Amiterno, Abruzzo, Italy","path":"earth/countries/it/1/37/data.json"},{"id":"ctry.it.1.38","address":"Calascio, Abruzzo, Italy","path":"earth/countries/it/1/38/data.json"},{"id":"ctry.it.1.39","address":"Campli, Abruzzo, Italy","path":"earth/countries/it/1/39/data.json"},{"id":"ctry.it.1.40","address":"Campo di Giove, Abruzzo, Italy","path":"earth/countries/it/1/40/data.json"},{"id":"ctry.it.1.41","address":"Campotosto, Abruzzo, Italy","path":"earth/countries/it/1/41/data.json"},{"id":"ctry.it.1.42","address":"Canistro Inferiore, Abruzzo, Italy","path":"earth/countries/it/1/42/data.json"},{"id":"ctry.it.1.43","address":"Canosa Sannita, Abruzzo, Italy","path":"earth/countries/it/1/43/data.json"},{"id":"ctry.it.1.44","address":"Cansano, Abruzzo, Italy","path":"earth/countries/it/1/44/data.json"},{"id":"ctry.it.1.45","address":"Canzano, Abruzzo, Italy","path":"earth/countries/it/1/45/data.json"},{"id":"ctry.it.1.46","address":"Capestrano, Abruzzo, Italy","path":"earth/countries/it/1/46/data.json"},{"id":"ctry.it.1.47","address":"Capistrello, Abruzzo, Italy","path":"earth/countries/it/1/47/data.json"},{"id":"ctry.it.1.48","address":"Capitignano, Abruzzo, Italy","path":"earth/countries/it/1/48/data.json"},{"id":"ctry.it.1.49","address":"Caporciano, Abruzzo, Italy","path":"earth/countries/it/1/49/data.json"},{"id":"ctry.it.1.50","address":"Cappadocia, Abruzzo, Italy","path":"earth/countries/it/1/50/data.json"},{"id":"ctry.it.1.51","address":"Cappelle sul Tavo, Abruzzo, Italy","path":"earth/countries/it/1/51/data.json"},{"id":"ctry.it.1.52","address":"Caramanico Terme, Abruzzo, Italy","path":"earth/countries/it/1/52/data.json"},{"id":"ctry.it.1.53","address":"Carapelle Calvisio, Abruzzo, Italy","path":"earth/countries/it/1/53/data.json"},{"id":"ctry.it.1.54","address":"Carpineto della Nora, Abruzzo, Italy","path":"earth/countries/it/1/54/data.json"},{"id":"ctry.it.1.55","address":"Carpineto Sinello, Abruzzo, Italy","path":"earth/countries/it/1/55/data.json"},{"id":"ctry.it.1.56","address":"Carsoli, Abruzzo, Italy","path":"earth/countries/it/1/56/data.json"},{"id":"ctry.it.1.57","address":"Carunchio, Abruzzo, Italy","path":"earth/countries/it/1/57/data.json"},{"id":"ctry.it.1.58","address":"Casacanditella, Abruzzo, Italy","path":"earth/countries/it/1/58/data.json"},{"id":"ctry.it.1.59","address":"Casalanguida, Abruzzo, Italy","path":"earth/countries/it/1/59/data.json"},{"id":"ctry.it.1.60","address":"Casalbordino-Miracoli, Abruzzo, Italy","path":"earth/countries/it/1/60/data.json"},{"id":"ctry.it.1.61","address":"Casalincontrada, Abruzzo, Italy","path":"earth/countries/it/1/61/data.json"},{"id":"ctry.it.1.62","address":"Casoli, Abruzzo, Italy","path":"earth/countries/it/1/62/data.json"},{"id":"ctry.it.1.63","address":"Castel Castagna, Abruzzo, Italy","path":"earth/countries/it/1/63/data.json"},{"id":"ctry.it.1.64","address":"Castel del Monte, Abruzzo, Italy","path":"earth/countries/it/1/64/data.json"},{"id":"ctry.it.1.65","address":"Castel di Ieri, Abruzzo, Italy","path":"earth/countries/it/1/65/data.json"},{"id":"ctry.it.1.66","address":"Castel di Sangro, Abruzzo, Italy","path":"earth/countries/it/1/66/data.json"},{"id":"ctry.it.1.67","address":"Castel Frentano, Abruzzo, Italy","path":"earth/countries/it/1/67/data.json"},{"id":"ctry.it.1.68","address":"Castelguidone, Abruzzo, Italy","path":"earth/countries/it/1/68/data.json"},{"id":"ctry.it.1.69","address":"Castellafiume, Abruzzo, Italy","path":"earth/countries/it/1/69/data.json"},{"id":"ctry.it.1.70","address":"Castellalto, Abruzzo, Italy","path":"earth/countries/it/1/70/data.json"},{"id":"ctry.it.1.71","address":"Castelli, Abruzzo, Italy","path":"earth/countries/it/1/71/data.json"},{"id":"ctry.it.1.72","address":"Castelnuovo Vomano, Abruzzo, Italy","path":"earth/countries/it/1/72/data.json"},{"id":"ctry.it.1.73","address":"Castelvecchio Calvisio, Abruzzo, Italy","path":"earth/countries/it/1/73/data.json"},{"id":"ctry.it.1.74","address":"Castelvecchio Subequo, Abruzzo, Italy","path":"earth/countries/it/1/74/data.json"},{"id":"ctry.it.1.75","address":"Castiglione a Casauria, Abruzzo, Italy","path":"earth/countries/it/1/75/data.json"},{"id":"ctry.it.1.76","address":"Castiglione Messer Marino, Abruzzo, Italy","path":"earth/countries/it/1/76/data.json"},{"id":"ctry.it.1.77","address":"Castiglione Messer Raimondo, Abruzzo, Italy","path":"earth/countries/it/1/77/data.json"},{"id":"ctry.it.1.78","address":"Castilenti, Abruzzo, Italy","path":"earth/countries/it/1/78/data.json"},{"id":"ctry.it.1.79","address":"Catignano, Abruzzo, Italy","path":"earth/countries/it/1/79/data.json"},{"id":"ctry.it.1.80","address":"Celano, Abruzzo, Italy","path":"earth/countries/it/1/80/data.json"},{"id":"ctry.it.1.81","address":"Celenza sul Trigno, Abruzzo, Italy","path":"earth/countries/it/1/81/data.json"},{"id":"ctry.it.1.82","address":"Cellino Attanasio, Abruzzo, Italy","path":"earth/countries/it/1/82/data.json"},{"id":"ctry.it.1.83","address":"Cepagatti, Abruzzo, Italy","path":"earth/countries/it/1/83/data.json"},{"id":"ctry.it.1.84","address":"Cerchio, Abruzzo, Italy","path":"earth/countries/it/1/84/data.json"},{"id":"ctry.it.1.85","address":"Cermignano, Abruzzo, Italy","path":"earth/countries/it/1/85/data.json"},{"id":"ctry.it.1.86","address":"Cerratina, Abruzzo, Italy","path":"earth/countries/it/1/86/data.json"},{"id":"ctry.it.1.87","address":"Chieti, Abruzzo, Italy","path":"earth/countries/it/1/87/data.json"},{"id":"ctry.it.1.88","address":"Città Sant'Angelo, Abruzzo, Italy","path":"earth/countries/it/1/88/data.json"},{"id":"ctry.it.1.89","address":"Civita d'Antino, Abruzzo, Italy","path":"earth/countries/it/1/89/data.json"},{"id":"ctry.it.1.90","address":"Civitaluparella, Abruzzo, Italy","path":"earth/countries/it/1/90/data.json"},{"id":"ctry.it.1.91","address":"Civitaquana, Abruzzo, Italy","path":"earth/countries/it/1/91/data.json"},{"id":"ctry.it.1.92","address":"Civitella Alfedena, Abruzzo, Italy","path":"earth/countries/it/1/92/data.json"},{"id":"ctry.it.1.93","address":"Civitella Casanova, Abruzzo, Italy","path":"earth/countries/it/1/93/data.json"},{"id":"ctry.it.1.94","address":"Civitella del Tronto, Abruzzo, Italy","path":"earth/countries/it/1/94/data.json"},{"id":"ctry.it.1.95","address":"Civitella Messer Raimondo, Abruzzo, Italy","path":"earth/countries/it/1/95/data.json"},{"id":"ctry.it.1.96","address":"Civitella Roveto, Abruzzo, Italy","path":"earth/countries/it/1/96/data.json"},{"id":"ctry.it.1.97","address":"Cocullo, Abruzzo, Italy","path":"earth/countries/it/1/97/data.json"},{"id":"ctry.it.1.98","address":"Collarmele, Abruzzo, Italy","path":"earth/countries/it/1/98/data.json"},{"id":"ctry.it.1.99","address":"Collecorvino, Abruzzo, Italy","path":"earth/countries/it/1/99/data.json"},{"id":"ctry.it.1.100","address":"Colledara, Abruzzo, Italy","path":"earth/countries/it/1/100/data.json"},{"id":"ctry.it.1.101","address":"Colledimacine, Abruzzo, Italy","path":"earth/countries/it/1/101/data.json"},{"id":"ctry.it.1.102","address":"Colledimezzo, Abruzzo, Italy","path":"earth/countries/it/1/102/data.json"},{"id":"ctry.it.1.103","address":"Collelongo, Abruzzo, Italy","path":"earth/countries/it/1/103/data.json"},{"id":"ctry.it.1.104","address":"Collepietro, Abruzzo, Italy","path":"earth/countries/it/1/104/data.json"},{"id":"ctry.it.1.105","address":"Colleranesco, Abruzzo, Italy","path":"earth/countries/it/1/105/data.json"},{"id":"ctry.it.1.106","address":"Cologna Spiaggia, Abruzzo, Italy","path":"earth/countries/it/1/106/data.json"},{"id":"ctry.it.1.107","address":"Colonnella, Abruzzo, Italy","path":"earth/countries/it/1/107/data.json"},{"id":"ctry.it.1.108","address":"Cominio, Abruzzo, Italy","path":"earth/countries/it/1/108/data.json"},{"id":"ctry.it.1.109","address":"Controguerra, Abruzzo, Italy","path":"earth/countries/it/1/109/data.json"},{"id":"ctry.it.1.110","address":"Coppito, Abruzzo, Italy","path":"earth/countries/it/1/110/data.json"},{"id":"ctry.it.1.111","address":"Corfinio, Abruzzo, Italy","path":"earth/countries/it/1/111/data.json"},{"id":"ctry.it.1.112","address":"Corropoli, Abruzzo, Italy","path":"earth/countries/it/1/112/data.json"},{"id":"ctry.it.1.113","address":"Cortino, Abruzzo, Italy","path":"earth/countries/it/1/113/data.json"},{"id":"ctry.it.1.114","address":"Corvara, Abruzzo, Italy","path":"earth/countries/it/1/114/data.json"},{"id":"ctry.it.1.115","address":"Crecchio, Abruzzo, Italy","path":"earth/countries/it/1/115/data.json"},{"id":"ctry.it.1.116","address":"Crognaleto, Abruzzo, Italy","path":"earth/countries/it/1/116/data.json"},{"id":"ctry.it.1.117","address":"Cugnoli, Abruzzo, Italy","path":"earth/countries/it/1/117/data.json"},{"id":"ctry.it.1.118","address":"Cupello, Abruzzo, Italy","path":"earth/countries/it/1/118/data.json"},{"id":"ctry.it.1.119","address":"Dogliola, Abruzzo, Italy","path":"earth/countries/it/1/119/data.json"},{"id":"ctry.it.1.120","address":"Elice, Abruzzo, Italy","path":"earth/countries/it/1/120/data.json"},{"id":"ctry.it.1.121","address":"Fallo, Abruzzo, Italy","path":"earth/countries/it/1/121/data.json"},{"id":"ctry.it.1.122","address":"Fano Adriano, Abruzzo, Italy","path":"earth/countries/it/1/122/data.json"},{"id":"ctry.it.1.123","address":"Fara Filiorum Petri, Abruzzo, Italy","path":"earth/countries/it/1/123/data.json"},{"id":"ctry.it.1.124","address":"Fara San Martino, Abruzzo, Italy","path":"earth/countries/it/1/124/data.json"},{"id":"ctry.it.1.125","address":"Farindola, Abruzzo, Italy","path":"earth/countries/it/1/125/data.json"},{"id":"ctry.it.1.126","address":"Filetto, Abruzzo, Italy","path":"earth/countries/it/1/126/data.json"},{"id":"ctry.it.1.127","address":"Fonte Umano-San Martino Alta, Abruzzo, Italy","path":"earth/countries/it/1/127/data.json"},{"id":"ctry.it.1.128","address":"Fontecchio, Abruzzo, Italy","path":"earth/countries/it/1/128/data.json"},{"id":"ctry.it.1.129","address":"Fossa, Abruzzo, Italy","path":"earth/countries/it/1/129/data.json"},{"id":"ctry.it.1.130","address":"Fossacesia, Abruzzo, Italy","path":"earth/countries/it/1/130/data.json"},{"id":"ctry.it.1.131","address":"Fraine, Abruzzo, Italy","path":"earth/countries/it/1/131/data.json"},{"id":"ctry.it.1.132","address":"Francavilla al Mare, Abruzzo, Italy","path":"earth/countries/it/1/132/data.json"},{"id":"ctry.it.1.133","address":"Fresagrandinaria, Abruzzo, Italy","path":"earth/countries/it/1/133/data.json"},{"id":"ctry.it.1.134","address":"Frisa, Abruzzo, Italy","path":"earth/countries/it/1/134/data.json"},{"id":"ctry.it.1.135","address":"Furci, Abruzzo, Italy","path":"earth/countries/it/1/135/data.json"},{"id":"ctry.it.1.136","address":"Gagliano Aterno, Abruzzo, Italy","path":"earth/countries/it/1/136/data.json"},{"id":"ctry.it.1.137","address":"Gamberale, Abruzzo, Italy","path":"earth/countries/it/1/137/data.json"},{"id":"ctry.it.1.138","address":"Gessopalena, Abruzzo, Italy","path":"earth/countries/it/1/138/data.json"},{"id":"ctry.it.1.139","address":"Gioia dei Marsi, Abruzzo, Italy","path":"earth/countries/it/1/139/data.json"},{"id":"ctry.it.1.140","address":"Gissi, Abruzzo, Italy","path":"earth/countries/it/1/140/data.json"},{"id":"ctry.it.1.141","address":"Giuliano Teatino, Abruzzo, Italy","path":"earth/countries/it/1/141/data.json"},{"id":"ctry.it.1.142","address":"Giulianova, Abruzzo, Italy","path":"earth/countries/it/1/142/data.json"},{"id":"ctry.it.1.143","address":"Goriano Sicoli, Abruzzo, Italy","path":"earth/countries/it/1/143/data.json"},{"id":"ctry.it.1.144","address":"Guardiagrele, Abruzzo, Italy","path":"earth/countries/it/1/144/data.json"},{"id":"ctry.it.1.145","address":"Guilmi, Abruzzo, Italy","path":"earth/countries/it/1/145/data.json"},{"id":"ctry.it.1.146","address":"Imposte, Abruzzo, Italy","path":"earth/countries/it/1/146/data.json"},{"id":"ctry.it.1.147","address":"Introdacqua, Abruzzo, Italy","path":"earth/countries/it/1/147/data.json"},{"id":"ctry.it.1.148","address":"Isola del Gran Sasso d'Italia, Abruzzo, Italy","path":"earth/countries/it/1/148/data.json"},{"id":"ctry.it.1.149","address":"L'Aquila, Abruzzo, Italy","path":"earth/countries/it/1/149/data.json"},{"id":"ctry.it.1.150","address":"Lama dei Peligni, Abruzzo, Italy","path":"earth/countries/it/1/150/data.json"},{"id":"ctry.it.1.151","address":"Lanciano, Abruzzo, Italy","path":"earth/countries/it/1/151/data.json"},{"id":"ctry.it.1.152","address":"Lecce Nei Marsi, Abruzzo, Italy","path":"earth/countries/it/1/152/data.json"},{"id":"ctry.it.1.153","address":"Lentella, Abruzzo, Italy","path":"earth/countries/it/1/153/data.json"},{"id":"ctry.it.1.154","address":"Lettomanoppello, Abruzzo, Italy","path":"earth/countries/it/1/154/data.json"},{"id":"ctry.it.1.155","address":"Lettopalena, Abruzzo, Italy","path":"earth/countries/it/1/155/data.json"},{"id":"ctry.it.1.156","address":"Liscia, Abruzzo, Italy","path":"earth/countries/it/1/156/data.json"},{"id":"ctry.it.1.157","address":"Loreto Aprutino, Abruzzo, Italy","path":"earth/countries/it/1/157/data.json"},{"id":"ctry.it.1.158","address":"Luco dei Marsi, Abruzzo, Italy","path":"earth/countries/it/1/158/data.json"},{"id":"ctry.it.1.159","address":"Lucoli, Abruzzo, Italy","path":"earth/countries/it/1/159/data.json"},{"id":"ctry.it.1.160","address":"Magliano De'Marsi, Abruzzo, Italy","path":"earth/countries/it/1/160/data.json"},{"id":"ctry.it.1.161","address":"Manoppello, Abruzzo, Italy","path":"earth/countries/it/1/161/data.json"},{"id":"ctry.it.1.162","address":"Manoppello Scalo, Abruzzo, Italy","path":"earth/countries/it/1/162/data.json"},{"id":"ctry.it.1.163","address":"Marina di San Vito, Abruzzo, Italy","path":"earth/countries/it/1/163/data.json"},{"id":"ctry.it.1.164","address":"Marina di Vasto, Abruzzo, Italy","path":"earth/countries/it/1/164/data.json"},{"id":"ctry.it.1.165","address":"Martinsicuro, Abruzzo, Italy","path":"earth/countries/it/1/165/data.json"},{"id":"ctry.it.1.166","address":"Massa d'Albe-Corona, Abruzzo, Italy","path":"earth/countries/it/1/166/data.json"},{"id":"ctry.it.1.167","address":"Miglianico, Abruzzo, Italy","path":"earth/countries/it/1/167/data.json"},{"id":"ctry.it.1.168","address":"Molina Aterno, Abruzzo, Italy","path":"earth/countries/it/1/168/data.json"},{"id":"ctry.it.1.169","address":"Montazzoli, Abruzzo, Italy","path":"earth/countries/it/1/169/data.json"},{"id":"ctry.it.1.170","address":"Montebello di Bertona, Abruzzo, Italy","path":"earth/countries/it/1/170/data.json"},{"id":"ctry.it.1.171","address":"Montebello sul Sangro, Abruzzo, Italy","path":"earth/countries/it/1/171/data.json"},{"id":"ctry.it.1.172","address":"Monteferrante, Abruzzo, Italy","path":"earth/countries/it/1/172/data.json"},{"id":"ctry.it.1.173","address":"Montefino, Abruzzo, Italy","path":"earth/countries/it/1/173/data.json"},{"id":"ctry.it.1.174","address":"Montelapiano, Abruzzo, Italy","path":"earth/countries/it/1/174/data.json"},{"id":"ctry.it.1.175","address":"Montenerodomo, Abruzzo, Italy","path":"earth/countries/it/1/175/data.json"},{"id":"ctry.it.1.176","address":"Monteodorisio, Abruzzo, Italy","path":"earth/countries/it/1/176/data.json"},{"id":"ctry.it.1.177","address":"Montereale, Abruzzo, Italy","path":"earth/countries/it/1/177/data.json"},{"id":"ctry.it.1.178","address":"Montesilvano Marina, Abruzzo, Italy","path":"earth/countries/it/1/178/data.json"},{"id":"ctry.it.1.179","address":"Monticchio, Abruzzo, Italy","path":"earth/countries/it/1/179/data.json"},{"id":"ctry.it.1.180","address":"Montorio al Vomano, Abruzzo, Italy","path":"earth/countries/it/1/180/data.json"},{"id":"ctry.it.1.181","address":"Morino, Abruzzo, Italy","path":"earth/countries/it/1/181/data.json"},{"id":"ctry.it.1.182","address":"Morro d'Oro, Abruzzo, Italy","path":"earth/countries/it/1/182/data.json"},{"id":"ctry.it.1.183","address":"Mosciano Sant'Angelo, Abruzzo, Italy","path":"earth/countries/it/1/183/data.json"},{"id":"ctry.it.1.184","address":"Moscufo, Abruzzo, Italy","path":"earth/countries/it/1/184/data.json"},{"id":"ctry.it.1.185","address":"Mozzagrogna, Abruzzo, Italy","path":"earth/countries/it/1/185/data.json"},{"id":"ctry.it.1.186","address":"Navelli, Abruzzo, Italy","path":"earth/countries/it/1/186/data.json"},{"id":"ctry.it.1.187","address":"Nepezzano, Abruzzo, Italy","path":"earth/countries/it/1/187/data.json"},{"id":"ctry.it.1.188","address":"Nereto, Abruzzo, Italy","path":"earth/countries/it/1/188/data.json"},{"id":"ctry.it.1.189","address":"Nerito, Abruzzo, Italy","path":"earth/countries/it/1/189/data.json"},{"id":"ctry.it.1.190","address":"Nocciano, Abruzzo, Italy","path":"earth/countries/it/1/190/data.json"},{"id":"ctry.it.1.191","address":"Notaresco, Abruzzo, Italy","path":"earth/countries/it/1/191/data.json"},{"id":"ctry.it.1.192","address":"Nucleo Industriale di Bazzano, Abruzzo, Italy","path":"earth/countries/it/1/192/data.json"},{"id":"ctry.it.1.193","address":"Ofena, Abruzzo, Italy","path":"earth/countries/it/1/193/data.json"},{"id":"ctry.it.1.194","address":"Opi, Abruzzo, Italy","path":"earth/countries/it/1/194/data.json"},{"id":"ctry.it.1.195","address":"Oricola, Abruzzo, Italy","path":"earth/countries/it/1/195/data.json"},{"id":"ctry.it.1.196","address":"Orsogna, Abruzzo, Italy","path":"earth/countries/it/1/196/data.json"},{"id":"ctry.it.1.197","address":"Ortona, Abruzzo, Italy","path":"earth/countries/it/1/197/data.json"},{"id":"ctry.it.1.198","address":"Ortona dei Marsi, Abruzzo, Italy","path":"earth/countries/it/1/198/data.json"},{"id":"ctry.it.1.199","address":"Ortucchio, Abruzzo, Italy","path":"earth/countries/it/1/199/data.json"},{"id":"ctry.it.1.200","address":"Ovindoli, Abruzzo, Italy","path":"earth/countries/it/1/200/data.json"},{"id":"ctry.it.1.201","address":"Pacentro, Abruzzo, Italy","path":"earth/countries/it/1/201/data.json"},{"id":"ctry.it.1.202","address":"Paganica-Tempera, Abruzzo, Italy","path":"earth/countries/it/1/202/data.json"},{"id":"ctry.it.1.203","address":"Pagliare, Abruzzo, Italy","path":"earth/countries/it/1/203/data.json"},{"id":"ctry.it.1.204","address":"Paglieta, Abruzzo, Italy","path":"earth/countries/it/1/204/data.json"},{"id":"ctry.it.1.205","address":"Palena, Abruzzo, Italy","path":"earth/countries/it/1/205/data.json"},{"id":"ctry.it.1.206","address":"Palmoli, Abruzzo, Italy","path":"earth/countries/it/1/206/data.json"},{"id":"ctry.it.1.207","address":"Palombaro, Abruzzo, Italy","path":"earth/countries/it/1/207/data.json"},{"id":"ctry.it.1.208","address":"Penna Sant'Andrea, Abruzzo, Italy","path":"earth/countries/it/1/208/data.json"},{"id":"ctry.it.1.209","address":"Pennadomo, Abruzzo, Italy","path":"earth/countries/it/1/209/data.json"},{"id":"ctry.it.1.210","address":"Pennapiedimonte, Abruzzo, Italy","path":"earth/countries/it/1/210/data.json"},{"id":"ctry.it.1.211","address":"Penne, Abruzzo, Italy","path":"earth/countries/it/1/211/data.json"},{"id":"ctry.it.1.212","address":"Perano, Abruzzo, Italy","path":"earth/countries/it/1/212/data.json"},{"id":"ctry.it.1.213","address":"Pereto, Abruzzo, Italy","path":"earth/countries/it/1/213/data.json"},{"id":"ctry.it.1.214","address":"Pescara, Abruzzo, Italy","path":"earth/countries/it/1/214/data.json"},{"id":"ctry.it.1.215","address":"Pescasseroli, Abruzzo, Italy","path":"earth/countries/it/1/215/data.json"},{"id":"ctry.it.1.216","address":"Pescina, Abruzzo, Italy","path":"earth/countries/it/1/216/data.json"},{"id":"ctry.it.1.217","address":"Pescocostanzo, Abruzzo, Italy","path":"earth/countries/it/1/217/data.json"},{"id":"ctry.it.1.218","address":"Pescosansonesco Nuovo, Abruzzo, Italy","path":"earth/countries/it/1/218/data.json"},{"id":"ctry.it.1.219","address":"Pettorano sul Gizio, Abruzzo, Italy","path":"earth/countries/it/1/219/data.json"},{"id":"ctry.it.1.220","address":"Pianella, Abruzzo, Italy","path":"earth/countries/it/1/220/data.json"},{"id":"ctry.it.1.221","address":"Pianola, Abruzzo, Italy","path":"earth/countries/it/1/221/data.json"},{"id":"ctry.it.1.222","address":"Pianura Vomano, Abruzzo, Italy","path":"earth/countries/it/1/222/data.json"},{"id":"ctry.it.1.223","address":"Picciano, Abruzzo, Italy","path":"earth/countries/it/1/223/data.json"},{"id":"ctry.it.1.224","address":"Pietracamela, Abruzzo, Italy","path":"earth/countries/it/1/224/data.json"},{"id":"ctry.it.1.225","address":"Pietraferrazzana, Abruzzo, Italy","path":"earth/countries/it/1/225/data.json"},{"id":"ctry.it.1.226","address":"Pietranico, Abruzzo, Italy","path":"earth/countries/it/1/226/data.json"},{"id":"ctry.it.1.227","address":"Pineto, Abruzzo, Italy","path":"earth/countries/it/1/227/data.json"},{"id":"ctry.it.1.228","address":"Pizzoferrato, Abruzzo, Italy","path":"earth/countries/it/1/228/data.json"},{"id":"ctry.it.1.229","address":"Pizzoli, Abruzzo, Italy","path":"earth/countries/it/1/229/data.json"},{"id":"ctry.it.1.230","address":"Poggio Picenze, Abruzzo, Italy","path":"earth/countries/it/1/230/data.json"},{"id":"ctry.it.1.231","address":"Poggiofiorito, Abruzzo, Italy","path":"earth/countries/it/1/231/data.json"},{"id":"ctry.it.1.232","address":"Pollutri, Abruzzo, Italy","path":"earth/countries/it/1/232/data.json"},{"id":"ctry.it.1.233","address":"Popoli, Abruzzo, Italy","path":"earth/countries/it/1/233/data.json"},{"id":"ctry.it.1.234","address":"Prata d'Ansidonia, Abruzzo, Italy","path":"earth/countries/it/1/234/data.json"},{"id":"ctry.it.1.235","address":"Pratola Peligna, Abruzzo, Italy","path":"earth/countries/it/1/235/data.json"},{"id":"ctry.it.1.236","address":"Pretoro, Abruzzo, Italy","path":"earth/countries/it/1/236/data.json"},{"id":"ctry.it.1.237","address":"Preturo, Abruzzo, Italy","path":"earth/countries/it/1/237/data.json"},{"id":"ctry.it.1.238","address":"Prezza, Abruzzo, Italy","path":"earth/countries/it/1/238/data.json"},{"id":"ctry.it.1.239","address":"Progetto Case Bazzano, Abruzzo, Italy","path":"earth/countries/it/1/239/data.json"},{"id":"ctry.it.1.240","address":"Progetto Case Coppito 3, Abruzzo, Italy","path":"earth/countries/it/1/240/data.json"},{"id":"ctry.it.1.241","address":"Progetto Case Sassa Nsi, Abruzzo, Italy","path":"earth/countries/it/1/241/data.json"},{"id":"ctry.it.1.242","address":"Provincia dell' Aquila, Abruzzo, Italy","path":"earth/countries/it/1/242/data.json"},{"id":"ctry.it.1.243","address":"Provincia di Chieti, Abruzzo, Italy","path":"earth/countries/it/1/243/data.json"},{"id":"ctry.it.1.244","address":"Provincia di Pescara, Abruzzo, Italy","path":"earth/countries/it/1/244/data.json"},{"id":"ctry.it.1.245","address":"Provincia di Teramo, Abruzzo, Italy","path":"earth/countries/it/1/245/data.json"},{"id":"ctry.it.1.246","address":"Quadri, Abruzzo, Italy","path":"earth/countries/it/1/246/data.json"},{"id":"ctry.it.1.247","address":"Raiano, Abruzzo, Italy","path":"earth/countries/it/1/247/data.json"},{"id":"ctry.it.1.248","address":"Rapino, Abruzzo, Italy","path":"earth/countries/it/1/248/data.json"},{"id":"ctry.it.1.249","address":"Ripa Teatina, Abruzzo, Italy","path":"earth/countries/it/1/249/data.json"},{"id":"ctry.it.1.250","address":"Rivisondoli, Abruzzo, Italy","path":"earth/countries/it/1/250/data.json"},{"id":"ctry.it.1.251","address":"Rocca di Botte, Abruzzo, Italy","path":"earth/countries/it/1/251/data.json"},{"id":"ctry.it.1.252","address":"Rocca di Cambio, Abruzzo, Italy","path":"earth/countries/it/1/252/data.json"},{"id":"ctry.it.1.253","address":"Rocca di Mezzo, Abruzzo, Italy","path":"earth/countries/it/1/253/data.json"},{"id":"ctry.it.1.254","address":"Rocca Pia, Abruzzo, Italy","path":"earth/countries/it/1/254/data.json"},{"id":"ctry.it.1.255","address":"Rocca San Giovanni, Abruzzo, Italy","path":"earth/countries/it/1/255/data.json"},{"id":"ctry.it.1.256","address":"Roccacasale, Abruzzo, Italy","path":"earth/countries/it/1/256/data.json"},{"id":"ctry.it.1.257","address":"Roccamorice, Abruzzo, Italy","path":"earth/countries/it/1/257/data.json"},{"id":"ctry.it.1.258","address":"Roccaraso, Abruzzo, Italy","path":"earth/countries/it/1/258/data.json"},{"id":"ctry.it.1.259","address":"Roccascalegna, Abruzzo, Italy","path":"earth/countries/it/1/259/data.json"},{"id":"ctry.it.1.260","address":"Roccaspinalveti-Santa Giusta, Abruzzo, Italy","path":"earth/countries/it/1/260/data.json"},{"id":"ctry.it.1.261","address":"Roccavivi, Abruzzo, Italy","path":"earth/countries/it/1/261/data.json"},{"id":"ctry.it.1.262","address":"Roio del Sangro, Abruzzo, Italy","path":"earth/countries/it/1/262/data.json"},{"id":"ctry.it.1.263","address":"Rosciano, Abruzzo, Italy","path":"earth/countries/it/1/263/data.json"},{"id":"ctry.it.1.264","address":"Rosello, Abruzzo, Italy","path":"earth/countries/it/1/264/data.json"},{"id":"ctry.it.1.265","address":"Roseto degli Abruzzi, Abruzzo, Italy","path":"earth/countries/it/1/265/data.json"},{"id":"ctry.it.1.266","address":"Salino, Abruzzo, Italy","path":"earth/countries/it/1/266/data.json"},{"id":"ctry.it.1.267","address":"Salle, Abruzzo, Italy","path":"earth/countries/it/1/267/data.json"},{"id":"ctry.it.1.268","address":"Salvo Marina, Abruzzo, Italy","path":"earth/countries/it/1/268/data.json"},{"id":"ctry.it.1.269","address":"Sambuceto, Abruzzo, Italy","path":"earth/countries/it/1/269/data.json"},{"id":"ctry.it.1.270","address":"San Benedetto dei Marsi, Abruzzo, Italy","path":"earth/countries/it/1/270/data.json"},{"id":"ctry.it.1.271","address":"San Benedetto in Perillis, Abruzzo, Italy","path":"earth/countries/it/1/271/data.json"},{"id":"ctry.it.1.272","address":"San Buono, Abruzzo, Italy","path":"earth/countries/it/1/272/data.json"},{"id":"ctry.it.1.273","address":"San Demetrio Ne' Vestini, Abruzzo, Italy","path":"earth/countries/it/1/273/data.json"},{"id":"ctry.it.1.274","address":"San Giovanni Lipioni, Abruzzo, Italy","path":"earth/countries/it/1/274/data.json"},{"id":"ctry.it.1.275","address":"San Martino Bassa, Abruzzo, Italy","path":"earth/countries/it/1/275/data.json"},{"id":"ctry.it.1.276","address":"San Martino sulla Marrucina, Abruzzo, Italy","path":"earth/countries/it/1/276/data.json"},{"id":"ctry.it.1.277","address":"San Nicolò a Tordino, Abruzzo, Italy","path":"earth/countries/it/1/277/data.json"},{"id":"ctry.it.1.278","address":"San Panfilo d'Ocre, Abruzzo, Italy","path":"earth/countries/it/1/278/data.json"},{"id":"ctry.it.1.279","address":"San Pio delle Camere, Abruzzo, Italy","path":"earth/countries/it/1/279/data.json"},{"id":"ctry.it.1.280","address":"San Rocco, Abruzzo, Italy","path":"earth/countries/it/1/280/data.json"},{"id":"ctry.it.1.281","address":"San Salvo, Abruzzo, Italy","path":"earth/countries/it/1/281/data.json"},{"id":"ctry.it.1.282","address":"San Valentino in Abruzzo Citeriore, Abruzzo, Italy","path":"earth/countries/it/1/282/data.json"},{"id":"ctry.it.1.283","address":"San Vincenzo Valle Roveto, Abruzzo, Italy","path":"earth/countries/it/1/283/data.json"},{"id":"ctry.it.1.284","address":"San Vito Chietino, Abruzzo, Italy","path":"earth/countries/it/1/284/data.json"},{"id":"ctry.it.1.285","address":"Sant'Egidio alla Vibrata, Abruzzo, Italy","path":"earth/countries/it/1/285/data.json"},{"id":"ctry.it.1.286","address":"Sant'Eufemia a Maiella, Abruzzo, Italy","path":"earth/countries/it/1/286/data.json"},{"id":"ctry.it.1.287","address":"Sant'Eusanio del Sangro, Abruzzo, Italy","path":"earth/countries/it/1/287/data.json"},{"id":"ctry.it.1.288","address":"Sant'Eusanio Forconese, Abruzzo, Italy","path":"earth/countries/it/1/288/data.json"},{"id":"ctry.it.1.289","address":"Sant'Omero, Abruzzo, Italy","path":"earth/countries/it/1/289/data.json"},{"id":"ctry.it.1.290","address":"Santa Maria Imbaro, Abruzzo, Italy","path":"earth/countries/it/1/290/data.json"},{"id":"ctry.it.1.291","address":"Santa Teresa, Abruzzo, Italy","path":"earth/countries/it/1/291/data.json"},{"id":"ctry.it.1.292","address":"Sante Marie, Abruzzo, Italy","path":"earth/countries/it/1/292/data.json"},{"id":"ctry.it.1.293","address":"Santo Stefano di Sessanio, Abruzzo, Italy","path":"earth/countries/it/1/293/data.json"},{"id":"ctry.it.1.294","address":"Sassa, Abruzzo, Italy","path":"earth/countries/it/1/294/data.json"},{"id":"ctry.it.1.295","address":"Scafa, Abruzzo, Italy","path":"earth/countries/it/1/295/data.json"},{"id":"ctry.it.1.296","address":"Scanno, Abruzzo, Italy","path":"earth/countries/it/1/296/data.json"},{"id":"ctry.it.1.297","address":"Scerne, Abruzzo, Italy","path":"earth/countries/it/1/297/data.json"},{"id":"ctry.it.1.298","address":"Scerni, Abruzzo, Italy","path":"earth/countries/it/1/298/data.json"},{"id":"ctry.it.1.299","address":"Schiavi di Abruzzo, Abruzzo, Italy","path":"earth/countries/it/1/299/data.json"},{"id":"ctry.it.1.300","address":"Scontrone, Abruzzo, Italy","path":"earth/countries/it/1/300/data.json"},{"id":"ctry.it.1.301","address":"Scoppito, Abruzzo, Italy","path":"earth/countries/it/1/301/data.json"},{"id":"ctry.it.1.302","address":"Scurcola Marsicana, Abruzzo, Italy","path":"earth/countries/it/1/302/data.json"},{"id":"ctry.it.1.303","address":"Secinaro, Abruzzo, Italy","path":"earth/countries/it/1/303/data.json"},{"id":"ctry.it.1.304","address":"Selva, Abruzzo, Italy","path":"earth/countries/it/1/304/data.json"},{"id":"ctry.it.1.305","address":"Serramonacesca, Abruzzo, Italy","path":"earth/countries/it/1/305/data.json"},{"id":"ctry.it.1.306","address":"Silvi, Abruzzo, Italy","path":"earth/countries/it/1/306/data.json"},{"id":"ctry.it.1.307","address":"Spoltore, Abruzzo, Italy","path":"earth/countries/it/1/307/data.json"},{"id":"ctry.it.1.308","address":"Sulmona, Abruzzo, Italy","path":"earth/countries/it/1/308/data.json"},{"id":"ctry.it.1.309","address":"Tagliacozzo, Abruzzo, Italy","path":"earth/countries/it/1/309/data.json"},{"id":"ctry.it.1.310","address":"Taranta Peligna, Abruzzo, Italy","path":"earth/countries/it/1/310/data.json"},{"id":"ctry.it.1.311","address":"Teramo, Abruzzo, Italy","path":"earth/countries/it/1/311/data.json"},{"id":"ctry.it.1.312","address":"Tione degli Abruzzi, Abruzzo, Italy","path":"earth/countries/it/1/312/data.json"},{"id":"ctry.it.1.313","address":"Tocco da Casauria, Abruzzo, Italy","path":"earth/countries/it/1/313/data.json"},{"id":"ctry.it.1.314","address":"Tollo, Abruzzo, Italy","path":"earth/countries/it/1/314/data.json"},{"id":"ctry.it.1.315","address":"Torano Nuovo, Abruzzo, Italy","path":"earth/countries/it/1/315/data.json"},{"id":"ctry.it.1.316","address":"Torino di Sangro, Abruzzo, Italy","path":"earth/countries/it/1/316/data.json"},{"id":"ctry.it.1.317","address":"Tornareccio, Abruzzo, Italy","path":"earth/countries/it/1/317/data.json"},{"id":"ctry.it.1.318","address":"Tornimparte, Abruzzo, Italy","path":"earth/countries/it/1/318/data.json"},{"id":"ctry.it.1.319","address":"Torre de' Passeri, Abruzzo, Italy","path":"earth/countries/it/1/319/data.json"},{"id":"ctry.it.1.320","address":"Torrebruna, Abruzzo, Italy","path":"earth/countries/it/1/320/data.json"},{"id":"ctry.it.1.321","address":"Torrevecchia, Abruzzo, Italy","path":"earth/countries/it/1/321/data.json"},{"id":"ctry.it.1.322","address":"Torricella, Abruzzo, Italy","path":"earth/countries/it/1/322/data.json"},{"id":"ctry.it.1.323","address":"Torricella Peligna, Abruzzo, Italy","path":"earth/countries/it/1/323/data.json"},{"id":"ctry.it.1.324","address":"Tortoreto, Abruzzo, Italy","path":"earth/countries/it/1/324/data.json"},{"id":"ctry.it.1.325","address":"Tortoreto Lido, Abruzzo, Italy","path":"earth/countries/it/1/325/data.json"},{"id":"ctry.it.1.326","address":"Tossicia, Abruzzo, Italy","path":"earth/countries/it/1/326/data.json"},{"id":"ctry.it.1.327","address":"Trasacco, Abruzzo, Italy","path":"earth/countries/it/1/327/data.json"},{"id":"ctry.it.1.328","address":"Treglio, Abruzzo, Italy","path":"earth/countries/it/1/328/data.json"},{"id":"ctry.it.1.329","address":"Tufillo, Abruzzo, Italy","path":"earth/countries/it/1/329/data.json"},{"id":"ctry.it.1.330","address":"Turrivalignani, Abruzzo, Italy","path":"earth/countries/it/1/330/data.json"},{"id":"ctry.it.1.331","address":"Vacri, Abruzzo, Italy","path":"earth/countries/it/1/331/data.json"},{"id":"ctry.it.1.332","address":"Valle Castellana, Abruzzo, Italy","path":"earth/countries/it/1/332/data.json"},{"id":"ctry.it.1.333","address":"Vallecupa, Abruzzo, Italy","path":"earth/countries/it/1/333/data.json"},{"id":"ctry.it.1.334","address":"Vasto, Abruzzo, Italy","path":"earth/countries/it/1/334/data.json"},{"id":"ctry.it.1.335","address":"Vicoli, Abruzzo, Italy","path":"earth/countries/it/1/335/data.json"},{"id":"ctry.it.1.336","address":"Villa Caldari, Abruzzo, Italy","path":"earth/countries/it/1/336/data.json"},{"id":"ctry.it.1.337","address":"Villa Celiera, Abruzzo, Italy","path":"earth/countries/it/1/337/data.json"},{"id":"ctry.it.1.338","address":"Villa Lempa, Abruzzo, Italy","path":"earth/countries/it/1/338/data.json"},{"id":"ctry.it.1.339","address":"Villa Raspa, Abruzzo, Italy","path":"earth/countries/it/1/339/data.json"},{"id":"ctry.it.1.340","address":"Villa Rosa, Abruzzo, Italy","path":"earth/countries/it/1/340/data.json"},{"id":"ctry.it.1.341","address":"Villa Sant'Angelo, Abruzzo, Italy","path":"earth/countries/it/1/341/data.json"},{"id":"ctry.it.1.342","address":"Villa Santa Lucia degli Abruzzi, Abruzzo, Italy","path":"earth/countries/it/1/342/data.json"},{"id":"ctry.it.1.343","address":"Villa Santa Maria, Abruzzo, Italy","path":"earth/countries/it/1/343/data.json"},{"id":"ctry.it.1.344","address":"Villagrande, Abruzzo, Italy","path":"earth/countries/it/1/344/data.json"},{"id":"ctry.it.1.345","address":"Villalago, Abruzzo, Italy","path":"earth/countries/it/1/345/data.json"},{"id":"ctry.it.1.346","address":"Villalfonsina, Abruzzo, Italy","path":"earth/countries/it/1/346/data.json"},{"id":"ctry.it.1.347","address":"Villamagna, Abruzzo, Italy","path":"earth/countries/it/1/347/data.json"},{"id":"ctry.it.1.348","address":"Villanova, Abruzzo, Italy","path":"earth/countries/it/1/348/data.json"},{"id":"ctry.it.1.349","address":"Villavallelonga, Abruzzo, Italy","path":"earth/countries/it/1/349/data.json"},{"id":"ctry.it.1.350","address":"Villetta Barrea, Abruzzo, Italy","path":"earth/countries/it/1/350/data.json"},{"id":"ctry.it.1.351","address":"Vittorito, Abruzzo, Italy","path":"earth/countries/it/1/351/data.json"}]}