{"data":[{"id":"ctry.it.1.1","type":"district","name":"Abbateggio","path":"earth/countries/it/1/1/data.json"},{"id":"ctry.it.1.2","type":"district","name":"Acciano","path":"earth/countries/it/1/2/data.json"},{"id":"ctry.it.1.3","type":"district","name":"Aielli","path":"earth/countries/it/1/3/data.json"},{"id":"ctry.it.1.4","type":"district","name":"Alanno","path":"earth/countries/it/1/4/data.json"},{"id":"ctry.it.1.5","type":"district","name":"Alba Adriatica","path":"earth/countries/it/1/5/data.json"},{"id":"ctry.it.1.6","type":"district","name":"Alfedena","path":"earth/countries/it/1/6/data.json"},{"id":"ctry.it.1.7","type":"district","name":"Altino","path":"earth/countries/it/1/7/data.json"},{"id":"ctry.it.1.8","type":"district","name":"Ancarano","path":"earth/countries/it/1/8/data.json"},{"id":"ctry.it.1.9","type":"district","name":"Anversa degli Abruzzi","path":"earth/countries/it/1/9/data.json"},{"id":"ctry.it.1.10","type":"district","name":"Archi","path":"earth/countries/it/1/10/data.json"},{"id":"ctry.it.1.11","type":"district","name":"Ari","path":"earth/countries/it/1/11/data.json"},{"id":"ctry.it.1.12","type":"district","name":"Arielli","path":"earth/countries/it/1/12/data.json"},{"id":"ctry.it.1.13","type":"district","name":"Arsita","path":"earth/countries/it/1/13/data.json"},{"id":"ctry.it.1.14","type":"district","name":"Ateleta","path":"earth/countries/it/1/14/data.json"},{"id":"ctry.it.1.15","type":"district","name":"Atessa","path":"earth/countries/it/1/15/data.json"},{"id":"ctry.it.1.16","type":"district","name":"Atri","path":"earth/countries/it/1/16/data.json"},{"id":"ctry.it.1.17","type":"district","name":"Avezzano","path":"earth/countries/it/1/17/data.json"},{"id":"ctry.it.1.18","type":"district","name":"Balsorano","path":"earth/countries/it/1/18/data.json"},{"id":"ctry.it.1.19","type":"district","name":"Balsorano Nuovo","path":"earth/countries/it/1/19/data.json"},{"id":"ctry.it.1.20","type":"district","name":"Barberi","path":"earth/countries/it/1/20/data.json"},{"id":"ctry.it.1.21","type":"district","name":"Barete","path":"earth/countries/it/1/21/data.json"},{"id":"ctry.it.1.22","type":"district","name":"Barisciano","path":"earth/countries/it/1/22/data.json"},{"id":"ctry.it.1.23","type":"district","name":"Barrea","path":"earth/countries/it/1/23/data.json"},{"id":"ctry.it.1.24","type":"district","name":"Basciano","path":"earth/countries/it/1/24/data.json"},{"id":"ctry.it.1.25","type":"district","name":"Bellante","path":"earth/countries/it/1/25/data.json"},{"id":"ctry.it.1.26","type":"district","name":"Bellante Stazione","path":"earth/countries/it/1/26/data.json"},{"id":"ctry.it.1.27","type":"district","name":"Bisegna","path":"earth/countries/it/1/27/data.json"},{"id":"ctry.it.1.28","type":"district","name":"Bisenti","path":"earth/countries/it/1/28/data.json"},{"id":"ctry.it.1.29","type":"district","name":"Bolognano","path":"earth/countries/it/1/29/data.json"},{"id":"ctry.it.1.30","type":"district","name":"Bomba","path":"earth/countries/it/1/30/data.json"},{"id":"ctry.it.1.31","type":"district","name":"Borgo Santa Maria Immacolata","path":"earth/countries/it/1/31/data.json"},{"id":"ctry.it.1.32","type":"district","name":"Borrello","path":"earth/countries/it/1/32/data.json"},{"id":"ctry.it.1.33","type":"district","name":"Brittoli","path":"earth/countries/it/1/33/data.json"},{"id":"ctry.it.1.34","type":"district","name":"Bucchianico","path":"earth/countries/it/1/34/data.json"},{"id":"ctry.it.1.35","type":"district","name":"Bugnara","path":"earth/countries/it/1/35/data.json"},{"id":"ctry.it.1.36","type":"district","name":"Bussi sul Tirino","path":"earth/countries/it/1/36/data.json"},{"id":"ctry.it.1.37","type":"district","name":"Cagnano Amiterno","path":"earth/countries/it/1/37/data.json"},{"id":"ctry.it.1.38","type":"district","name":"Calascio","path":"earth/countries/it/1/38/data.json"},{"id":"ctry.it.1.39","type":"district","name":"Campli","path":"earth/countries/it/1/39/data.json"},{"id":"ctry.it.1.40","type":"district","name":"Campo di Giove","path":"earth/countries/it/1/40/data.json"},{"id":"ctry.it.1.41","type":"district","name":"Campotosto","path":"earth/countries/it/1/41/data.json"},{"id":"ctry.it.1.42","type":"district","name":"Canistro Inferiore","path":"earth/countries/it/1/42/data.json"},{"id":"ctry.it.1.43","type":"district","name":"Canosa Sannita","path":"earth/countries/it/1/43/data.json"},{"id":"ctry.it.1.44","type":"district","name":"Cansano","path":"earth/countries/it/1/44/data.json"},{"id":"ctry.it.1.45","type":"district","name":"Canzano","path":"earth/countries/it/1/45/data.json"},{"id":"ctry.it.1.46","type":"district","name":"Capestrano","path":"earth/countries/it/1/46/data.json"},{"id":"ctry.it.1.47","type":"district","name":"Capistrello","path":"earth/countries/it/1/47/data.json"},{"id":"ctry.it.1.48","type":"district","name":"Capitignano","path":"earth/countries/it/1/48/data.json"},{"id":"ctry.it.1.49","type":"district","name":"Caporciano","path":"earth/countries/it/1/49/data.json"},{"id":"ctry.it.1.50","type":"district","name":"Cappadocia","path":"earth/countries/it/1/50/data.json"},{"id":"ctry.it.1.51","type":"district","name":"Cappelle sul Tavo","path":"earth/countries/it/1/51/data.json"},{"id":"ctry.it.1.52","type":"district","name":"Caramanico Terme","path":"earth/countries/it/1/52/data.json"},{"id":"ctry.it.1.53","type":"district","name":"Carapelle Calvisio","path":"earth/countries/it/1/53/data.json"},{"id":"ctry.it.1.54","type":"district","name":"Carpineto della Nora","path":"earth/countries/it/1/54/data.json"},{"id":"ctry.it.1.55","type":"district","name":"Carpineto Sinello","path":"earth/countries/it/1/55/data.json"},{"id":"ctry.it.1.56","type":"district","name":"Carsoli","path":"earth/countries/it/1/56/data.json"},{"id":"ctry.it.1.57","type":"district","name":"Carunchio","path":"earth/countries/it/1/57/data.json"},{"id":"ctry.it.1.58","type":"district","name":"Casacanditella","path":"earth/countries/it/1/58/data.json"},{"id":"ctry.it.1.59","type":"district","name":"Casalanguida","path":"earth/countries/it/1/59/data.json"},{"id":"ctry.it.1.60","type":"district","name":"Casalbordino-Miracoli","path":"earth/countries/it/1/60/data.json"},{"id":"ctry.it.1.61","type":"district","name":"Casalincontrada","path":"earth/countries/it/1/61/data.json"},{"id":"ctry.it.1.62","type":"district","name":"Casoli","path":"earth/countries/it/1/62/data.json"},{"id":"ctry.it.1.63","type":"district","name":"Castel Castagna","path":"earth/countries/it/1/63/data.json"},{"id":"ctry.it.1.64","type":"district","name":"Castel del Monte","path":"earth/countries/it/1/64/data.json"},{"id":"ctry.it.1.65","type":"district","name":"Castel di Ieri","path":"earth/countries/it/1/65/data.json"},{"id":"ctry.it.1.66","type":"district","name":"Castel di Sangro","path":"earth/countries/it/1/66/data.json"},{"id":"ctry.it.1.67","type":"district","name":"Castel Frentano","path":"earth/countries/it/1/67/data.json"},{"id":"ctry.it.1.68","type":"district","name":"Castelguidone","path":"earth/countries/it/1/68/data.json"},{"id":"ctry.it.1.69","type":"district","name":"Castellafiume","path":"earth/countries/it/1/69/data.json"},{"id":"ctry.it.1.70","type":"district","name":"Castellalto","path":"earth/countries/it/1/70/data.json"},{"id":"ctry.it.1.71","type":"district","name":"Castelli","path":"earth/countries/it/1/71/data.json"},{"id":"ctry.it.1.72","type":"district","name":"Castelnuovo Vomano","path":"earth/countries/it/1/72/data.json"},{"id":"ctry.it.1.73","type":"district","name":"Castelvecchio Calvisio","path":"earth/countries/it/1/73/data.json"},{"id":"ctry.it.1.74","type":"district","name":"Castelvecchio Subequo","path":"earth/countries/it/1/74/data.json"},{"id":"ctry.it.1.75","type":"district","name":"Castiglione a Casauria","path":"earth/countries/it/1/75/data.json"},{"id":"ctry.it.1.76","type":"district","name":"Castiglione Messer Marino","path":"earth/countries/it/1/76/data.json"},{"id":"ctry.it.1.77","type":"district","name":"Castiglione Messer Raimondo","path":"earth/countries/it/1/77/data.json"},{"id":"ctry.it.1.78","type":"district","name":"Castilenti","path":"earth/countries/it/1/78/data.json"},{"id":"ctry.it.1.79","type":"district","name":"Catignano","path":"earth/countries/it/1/79/data.json"},{"id":"ctry.it.1.80","type":"district","name":"Celano","path":"earth/countries/it/1/80/data.json"},{"id":"ctry.it.1.81","type":"district","name":"Celenza sul Trigno","path":"earth/countries/it/1/81/data.json"},{"id":"ctry.it.1.82","type":"district","name":"Cellino Attanasio","path":"earth/countries/it/1/82/data.json"},{"id":"ctry.it.1.83","type":"district","name":"Cepagatti","path":"earth/countries/it/1/83/data.json"},{"id":"ctry.it.1.84","type":"district","name":"Cerchio","path":"earth/countries/it/1/84/data.json"},{"id":"ctry.it.1.85","type":"district","name":"Cermignano","path":"earth/countries/it/1/85/data.json"},{"id":"ctry.it.1.86","type":"district","name":"Cerratina","path":"earth/countries/it/1/86/data.json"},{"id":"ctry.it.1.87","type":"district","name":"Chieti","path":"earth/countries/it/1/87/data.json"},{"id":"ctry.it.1.88","type":"district","name":"Città Sant'Angelo","path":"earth/countries/it/1/88/data.json"},{"id":"ctry.it.1.89","type":"district","name":"Civita d'Antino","path":"earth/countries/it/1/89/data.json"},{"id":"ctry.it.1.90","type":"district","name":"Civitaluparella","path":"earth/countries/it/1/90/data.json"},{"id":"ctry.it.1.91","type":"district","name":"Civitaquana","path":"earth/countries/it/1/91/data.json"},{"id":"ctry.it.1.92","type":"district","name":"Civitella Alfedena","path":"earth/countries/it/1/92/data.json"},{"id":"ctry.it.1.93","type":"district","name":"Civitella Casanova","path":"earth/countries/it/1/93/data.json"},{"id":"ctry.it.1.94","type":"district","name":"Civitella del Tronto","path":"earth/countries/it/1/94/data.json"},{"id":"ctry.it.1.95","type":"district","name":"Civitella Messer Raimondo","path":"earth/countries/it/1/95/data.json"},{"id":"ctry.it.1.96","type":"district","name":"Civitella Roveto","path":"earth/countries/it/1/96/data.json"},{"id":"ctry.it.1.97","type":"district","name":"Cocullo","path":"earth/countries/it/1/97/data.json"},{"id":"ctry.it.1.98","type":"district","name":"Collarmele","path":"earth/countries/it/1/98/data.json"},{"id":"ctry.it.1.99","type":"district","name":"Collecorvino","path":"earth/countries/it/1/99/data.json"},{"id":"ctry.it.1.100","type":"district","name":"Colledara","path":"earth/countries/it/1/100/data.json"},{"id":"ctry.it.1.101","type":"district","name":"Colledimacine","path":"earth/countries/it/1/101/data.json"},{"id":"ctry.it.1.102","type":"district","name":"Colledimezzo","path":"earth/countries/it/1/102/data.json"},{"id":"ctry.it.1.103","type":"district","name":"Collelongo","path":"earth/countries/it/1/103/data.json"},{"id":"ctry.it.1.104","type":"district","name":"Collepietro","path":"earth/countries/it/1/104/data.json"},{"id":"ctry.it.1.105","type":"district","name":"Colleranesco","path":"earth/countries/it/1/105/data.json"},{"id":"ctry.it.1.106","type":"district","name":"Cologna Spiaggia","path":"earth/countries/it/1/106/data.json"},{"id":"ctry.it.1.107","type":"district","name":"Colonnella","path":"earth/countries/it/1/107/data.json"},{"id":"ctry.it.1.108","type":"district","name":"Cominio","path":"earth/countries/it/1/108/data.json"},{"id":"ctry.it.1.109","type":"district","name":"Controguerra","path":"earth/countries/it/1/109/data.json"},{"id":"ctry.it.1.110","type":"district","name":"Coppito","path":"earth/countries/it/1/110/data.json"},{"id":"ctry.it.1.111","type":"district","name":"Corfinio","path":"earth/countries/it/1/111/data.json"},{"id":"ctry.it.1.112","type":"district","name":"Corropoli","path":"earth/countries/it/1/112/data.json"},{"id":"ctry.it.1.113","type":"district","name":"Cortino","path":"earth/countries/it/1/113/data.json"},{"id":"ctry.it.1.114","type":"district","name":"Corvara","path":"earth/countries/it/1/114/data.json"},{"id":"ctry.it.1.115","type":"district","name":"Crecchio","path":"earth/countries/it/1/115/data.json"},{"id":"ctry.it.1.116","type":"district","name":"Crognaleto","path":"earth/countries/it/1/116/data.json"},{"id":"ctry.it.1.117","type":"district","name":"Cugnoli","path":"earth/countries/it/1/117/data.json"},{"id":"ctry.it.1.118","type":"district","name":"Cupello","path":"earth/countries/it/1/118/data.json"},{"id":"ctry.it.1.119","type":"district","name":"Dogliola","path":"earth/countries/it/1/119/data.json"},{"id":"ctry.it.1.120","type":"district","name":"Elice","path":"earth/countries/it/1/120/data.json"},{"id":"ctry.it.1.121","type":"district","name":"Fallo","path":"earth/countries/it/1/121/data.json"},{"id":"ctry.it.1.122","type":"district","name":"Fano Adriano","path":"earth/countries/it/1/122/data.json"},{"id":"ctry.it.1.123","type":"district","name":"Fara Filiorum Petri","path":"earth/countries/it/1/123/data.json"},{"id":"ctry.it.1.124","type":"district","name":"Fara San Martino","path":"earth/countries/it/1/124/data.json"},{"id":"ctry.it.1.125","type":"district","name":"Farindola","path":"earth/countries/it/1/125/data.json"},{"id":"ctry.it.1.126","type":"district","name":"Filetto","path":"earth/countries/it/1/126/data.json"},{"id":"ctry.it.1.127","type":"district","name":"Fonte Umano-San Martino Alta","path":"earth/countries/it/1/127/data.json"},{"id":"ctry.it.1.128","type":"district","name":"Fontecchio","path":"earth/countries/it/1/128/data.json"},{"id":"ctry.it.1.129","type":"district","name":"Fossa","path":"earth/countries/it/1/129/data.json"},{"id":"ctry.it.1.130","type":"district","name":"Fossacesia","path":"earth/countries/it/1/130/data.json"},{"id":"ctry.it.1.131","type":"district","name":"Fraine","path":"earth/countries/it/1/131/data.json"},{"id":"ctry.it.1.132","type":"district","name":"Francavilla al Mare","path":"earth/countries/it/1/132/data.json"},{"id":"ctry.it.1.133","type":"district","name":"Fresagrandinaria","path":"earth/countries/it/1/133/data.json"},{"id":"ctry.it.1.134","type":"district","name":"Frisa","path":"earth/countries/it/1/134/data.json"},{"id":"ctry.it.1.135","type":"district","name":"Furci","path":"earth/countries/it/1/135/data.json"},{"id":"ctry.it.1.136","type":"district","name":"Gagliano Aterno","path":"earth/countries/it/1/136/data.json"},{"id":"ctry.it.1.137","type":"district","name":"Gamberale","path":"earth/countries/it/1/137/data.json"},{"id":"ctry.it.1.138","type":"district","name":"Gessopalena","path":"earth/countries/it/1/138/data.json"},{"id":"ctry.it.1.139","type":"district","name":"Gioia dei Marsi","path":"earth/countries/it/1/139/data.json"},{"id":"ctry.it.1.140","type":"district","name":"Gissi","path":"earth/countries/it/1/140/data.json"},{"id":"ctry.it.1.141","type":"district","name":"Giuliano Teatino","path":"earth/countries/it/1/141/data.json"},{"id":"ctry.it.1.142","type":"district","name":"Giulianova","path":"earth/countries/it/1/142/data.json"},{"id":"ctry.it.1.143","type":"district","name":"Goriano Sicoli","path":"earth/countries/it/1/143/data.json"},{"id":"ctry.it.1.144","type":"district","name":"Guardiagrele","path":"earth/countries/it/1/144/data.json"},{"id":"ctry.it.1.145","type":"district","name":"Guilmi","path":"earth/countries/it/1/145/data.json"},{"id":"ctry.it.1.146","type":"district","name":"Imposte","path":"earth/countries/it/1/146/data.json"},{"id":"ctry.it.1.147","type":"district","name":"Introdacqua","path":"earth/countries/it/1/147/data.json"},{"id":"ctry.it.1.148","type":"district","name":"Isola del Gran Sasso d'Italia","path":"earth/countries/it/1/148/data.json"},{"id":"ctry.it.1.149","type":"district","name":"L'Aquila","path":"earth/countries/it/1/149/data.json"},{"id":"ctry.it.1.150","type":"district","name":"Lama dei Peligni","path":"earth/countries/it/1/150/data.json"},{"id":"ctry.it.1.151","type":"district","name":"Lanciano","path":"earth/countries/it/1/151/data.json"},{"id":"ctry.it.1.152","type":"district","name":"Lecce Nei Marsi","path":"earth/countries/it/1/152/data.json"},{"id":"ctry.it.1.153","type":"district","name":"Lentella","path":"earth/countries/it/1/153/data.json"},{"id":"ctry.it.1.154","type":"district","name":"Lettomanoppello","path":"earth/countries/it/1/154/data.json"},{"id":"ctry.it.1.155","type":"district","name":"Lettopalena","path":"earth/countries/it/1/155/data.json"},{"id":"ctry.it.1.156","type":"district","name":"Liscia","path":"earth/countries/it/1/156/data.json"},{"id":"ctry.it.1.157","type":"district","name":"Loreto Aprutino","path":"earth/countries/it/1/157/data.json"},{"id":"ctry.it.1.158","type":"district","name":"Luco dei Marsi","path":"earth/countries/it/1/158/data.json"},{"id":"ctry.it.1.159","type":"district","name":"Lucoli","path":"earth/countries/it/1/159/data.json"},{"id":"ctry.it.1.160","type":"district","name":"Magliano De'Marsi","path":"earth/countries/it/1/160/data.json"},{"id":"ctry.it.1.161","type":"district","name":"Manoppello","path":"earth/countries/it/1/161/data.json"},{"id":"ctry.it.1.162","type":"district","name":"Manoppello Scalo","path":"earth/countries/it/1/162/data.json"},{"id":"ctry.it.1.163","type":"district","name":"Marina di San Vito","path":"earth/countries/it/1/163/data.json"},{"id":"ctry.it.1.164","type":"district","name":"Marina di Vasto","path":"earth/countries/it/1/164/data.json"},{"id":"ctry.it.1.165","type":"district","name":"Martinsicuro","path":"earth/countries/it/1/165/data.json"},{"id":"ctry.it.1.166","type":"district","name":"Massa d'Albe-Corona","path":"earth/countries/it/1/166/data.json"},{"id":"ctry.it.1.167","type":"district","name":"Miglianico","path":"earth/countries/it/1/167/data.json"},{"id":"ctry.it.1.168","type":"district","name":"Molina Aterno","path":"earth/countries/it/1/168/data.json"},{"id":"ctry.it.1.169","type":"district","name":"Montazzoli","path":"earth/countries/it/1/169/data.json"},{"id":"ctry.it.1.170","type":"district","name":"Montebello di Bertona","path":"earth/countries/it/1/170/data.json"},{"id":"ctry.it.1.171","type":"district","name":"Montebello sul Sangro","path":"earth/countries/it/1/171/data.json"},{"id":"ctry.it.1.172","type":"district","name":"Monteferrante","path":"earth/countries/it/1/172/data.json"},{"id":"ctry.it.1.173","type":"district","name":"Montefino","path":"earth/countries/it/1/173/data.json"},{"id":"ctry.it.1.174","type":"district","name":"Montelapiano","path":"earth/countries/it/1/174/data.json"},{"id":"ctry.it.1.175","type":"district","name":"Montenerodomo","path":"earth/countries/it/1/175/data.json"},{"id":"ctry.it.1.176","type":"district","name":"Monteodorisio","path":"earth/countries/it/1/176/data.json"},{"id":"ctry.it.1.177","type":"district","name":"Montereale","path":"earth/countries/it/1/177/data.json"},{"id":"ctry.it.1.178","type":"district","name":"Montesilvano Marina","path":"earth/countries/it/1/178/data.json"},{"id":"ctry.it.1.179","type":"district","name":"Monticchio","path":"earth/countries/it/1/179/data.json"},{"id":"ctry.it.1.180","type":"district","name":"Montorio al Vomano","path":"earth/countries/it/1/180/data.json"},{"id":"ctry.it.1.181","type":"district","name":"Morino","path":"earth/countries/it/1/181/data.json"},{"id":"ctry.it.1.182","type":"district","name":"Morro d'Oro","path":"earth/countries/it/1/182/data.json"},{"id":"ctry.it.1.183","type":"district","name":"Mosciano Sant'Angelo","path":"earth/countries/it/1/183/data.json"},{"id":"ctry.it.1.184","type":"district","name":"Moscufo","path":"earth/countries/it/1/184/data.json"},{"id":"ctry.it.1.185","type":"district","name":"Mozzagrogna","path":"earth/countries/it/1/185/data.json"},{"id":"ctry.it.1.186","type":"district","name":"Navelli","path":"earth/countries/it/1/186/data.json"},{"id":"ctry.it.1.187","type":"district","name":"Nepezzano","path":"earth/countries/it/1/187/data.json"},{"id":"ctry.it.1.188","type":"district","name":"Nereto","path":"earth/countries/it/1/188/data.json"},{"id":"ctry.it.1.189","type":"district","name":"Nerito","path":"earth/countries/it/1/189/data.json"},{"id":"ctry.it.1.190","type":"district","name":"Nocciano","path":"earth/countries/it/1/190/data.json"},{"id":"ctry.it.1.191","type":"district","name":"Notaresco","path":"earth/countries/it/1/191/data.json"},{"id":"ctry.it.1.192","type":"district","name":"Nucleo Industriale di Bazzano","path":"earth/countries/it/1/192/data.json"},{"id":"ctry.it.1.193","type":"district","name":"Ofena","path":"earth/countries/it/1/193/data.json"},{"id":"ctry.it.1.194","type":"district","name":"Opi","path":"earth/countries/it/1/194/data.json"},{"id":"ctry.it.1.195","type":"district","name":"Oricola","path":"earth/countries/it/1/195/data.json"},{"id":"ctry.it.1.196","type":"district","name":"Orsogna","path":"earth/countries/it/1/196/data.json"},{"id":"ctry.it.1.197","type":"district","name":"Ortona","path":"earth/countries/it/1/197/data.json"},{"id":"ctry.it.1.198","type":"district","name":"Ortona dei Marsi","path":"earth/countries/it/1/198/data.json"},{"id":"ctry.it.1.199","type":"district","name":"Ortucchio","path":"earth/countries/it/1/199/data.json"},{"id":"ctry.it.1.200","type":"district","name":"Ovindoli","path":"earth/countries/it/1/200/data.json"},{"id":"ctry.it.1.201","type":"district","name":"Pacentro","path":"earth/countries/it/1/201/data.json"},{"id":"ctry.it.1.202","type":"district","name":"Paganica-Tempera","path":"earth/countries/it/1/202/data.json"},{"id":"ctry.it.1.203","type":"district","name":"Pagliare","path":"earth/countries/it/1/203/data.json"},{"id":"ctry.it.1.204","type":"district","name":"Paglieta","path":"earth/countries/it/1/204/data.json"},{"id":"ctry.it.1.205","type":"district","name":"Palena","path":"earth/countries/it/1/205/data.json"},{"id":"ctry.it.1.206","type":"district","name":"Palmoli","path":"earth/countries/it/1/206/data.json"},{"id":"ctry.it.1.207","type":"district","name":"Palombaro","path":"earth/countries/it/1/207/data.json"},{"id":"ctry.it.1.208","type":"district","name":"Penna Sant'Andrea","path":"earth/countries/it/1/208/data.json"},{"id":"ctry.it.1.209","type":"district","name":"Pennadomo","path":"earth/countries/it/1/209/data.json"},{"id":"ctry.it.1.210","type":"district","name":"Pennapiedimonte","path":"earth/countries/it/1/210/data.json"},{"id":"ctry.it.1.211","type":"district","name":"Penne","path":"earth/countries/it/1/211/data.json"},{"id":"ctry.it.1.212","type":"district","name":"Perano","path":"earth/countries/it/1/212/data.json"},{"id":"ctry.it.1.213","type":"district","name":"Pereto","path":"earth/countries/it/1/213/data.json"},{"id":"ctry.it.1.214","type":"district","name":"Pescara","path":"earth/countries/it/1/214/data.json"},{"id":"ctry.it.1.215","type":"district","name":"Pescasseroli","path":"earth/countries/it/1/215/data.json"},{"id":"ctry.it.1.216","type":"district","name":"Pescina","path":"earth/countries/it/1/216/data.json"},{"id":"ctry.it.1.217","type":"district","name":"Pescocostanzo","path":"earth/countries/it/1/217/data.json"},{"id":"ctry.it.1.218","type":"district","name":"Pescosansonesco Nuovo","path":"earth/countries/it/1/218/data.json"},{"id":"ctry.it.1.219","type":"district","name":"Pettorano sul Gizio","path":"earth/countries/it/1/219/data.json"},{"id":"ctry.it.1.220","type":"district","name":"Pianella","path":"earth/countries/it/1/220/data.json"},{"id":"ctry.it.1.221","type":"district","name":"Pianola","path":"earth/countries/it/1/221/data.json"},{"id":"ctry.it.1.222","type":"district","name":"Pianura Vomano","path":"earth/countries/it/1/222/data.json"},{"id":"ctry.it.1.223","type":"district","name":"Picciano","path":"earth/countries/it/1/223/data.json"},{"id":"ctry.it.1.224","type":"district","name":"Pietracamela","path":"earth/countries/it/1/224/data.json"},{"id":"ctry.it.1.225","type":"district","name":"Pietraferrazzana","path":"earth/countries/it/1/225/data.json"},{"id":"ctry.it.1.226","type":"district","name":"Pietranico","path":"earth/countries/it/1/226/data.json"},{"id":"ctry.it.1.227","type":"district","name":"Pineto","path":"earth/countries/it/1/227/data.json"},{"id":"ctry.it.1.228","type":"district","name":"Pizzoferrato","path":"earth/countries/it/1/228/data.json"},{"id":"ctry.it.1.229","type":"district","name":"Pizzoli","path":"earth/countries/it/1/229/data.json"},{"id":"ctry.it.1.230","type":"district","name":"Poggio Picenze","path":"earth/countries/it/1/230/data.json"},{"id":"ctry.it.1.231","type":"district","name":"Poggiofiorito","path":"earth/countries/it/1/231/data.json"},{"id":"ctry.it.1.232","type":"district","name":"Pollutri","path":"earth/countries/it/1/232/data.json"},{"id":"ctry.it.1.233","type":"district","name":"Popoli","path":"earth/countries/it/1/233/data.json"},{"id":"ctry.it.1.234","type":"district","name":"Prata d'Ansidonia","path":"earth/countries/it/1/234/data.json"},{"id":"ctry.it.1.235","type":"district","name":"Pratola Peligna","path":"earth/countries/it/1/235/data.json"},{"id":"ctry.it.1.236","type":"district","name":"Pretoro","path":"earth/countries/it/1/236/data.json"},{"id":"ctry.it.1.237","type":"district","name":"Preturo","path":"earth/countries/it/1/237/data.json"},{"id":"ctry.it.1.238","type":"district","name":"Prezza","path":"earth/countries/it/1/238/data.json"},{"id":"ctry.it.1.239","type":"district","name":"Progetto Case Bazzano","path":"earth/countries/it/1/239/data.json"},{"id":"ctry.it.1.240","type":"district","name":"Progetto Case Coppito 3","path":"earth/countries/it/1/240/data.json"},{"id":"ctry.it.1.241","type":"district","name":"Progetto Case Sassa Nsi","path":"earth/countries/it/1/241/data.json"},{"id":"ctry.it.1.242","type":"district","name":"Provincia dell' Aquila","path":"earth/countries/it/1/242/data.json"},{"id":"ctry.it.1.243","type":"district","name":"Provincia di Chieti","path":"earth/countries/it/1/243/data.json"},{"id":"ctry.it.1.244","type":"district","name":"Provincia di Pescara","path":"earth/countries/it/1/244/data.json"},{"id":"ctry.it.1.245","type":"district","name":"Provincia di Teramo","path":"earth/countries/it/1/245/data.json"},{"id":"ctry.it.1.246","type":"district","name":"Quadri","path":"earth/countries/it/1/246/data.json"},{"id":"ctry.it.1.247","type":"district","name":"Raiano","path":"earth/countries/it/1/247/data.json"},{"id":"ctry.it.1.248","type":"district","name":"Rapino","path":"earth/countries/it/1/248/data.json"},{"id":"ctry.it.1.249","type":"district","name":"Ripa Teatina","path":"earth/countries/it/1/249/data.json"},{"id":"ctry.it.1.250","type":"district","name":"Rivisondoli","path":"earth/countries/it/1/250/data.json"},{"id":"ctry.it.1.251","type":"district","name":"Rocca di Botte","path":"earth/countries/it/1/251/data.json"},{"id":"ctry.it.1.252","type":"district","name":"Rocca di Cambio","path":"earth/countries/it/1/252/data.json"},{"id":"ctry.it.1.253","type":"district","name":"Rocca di Mezzo","path":"earth/countries/it/1/253/data.json"},{"id":"ctry.it.1.254","type":"district","name":"Rocca Pia","path":"earth/countries/it/1/254/data.json"},{"id":"ctry.it.1.255","type":"district","name":"Rocca San Giovanni","path":"earth/countries/it/1/255/data.json"},{"id":"ctry.it.1.256","type":"district","name":"Roccacasale","path":"earth/countries/it/1/256/data.json"},{"id":"ctry.it.1.257","type":"district","name":"Roccamorice","path":"earth/countries/it/1/257/data.json"},{"id":"ctry.it.1.258","type":"district","name":"Roccaraso","path":"earth/countries/it/1/258/data.json"},{"id":"ctry.it.1.259","type":"district","name":"Roccascalegna","path":"earth/countries/it/1/259/data.json"},{"id":"ctry.it.1.260","type":"district","name":"Roccaspinalveti-Santa Giusta","path":"earth/countries/it/1/260/data.json"},{"id":"ctry.it.1.261","type":"district","name":"Roccavivi","path":"earth/countries/it/1/261/data.json"},{"id":"ctry.it.1.262","type":"district","name":"Roio del Sangro","path":"earth/countries/it/1/262/data.json"},{"id":"ctry.it.1.263","type":"district","name":"Rosciano","path":"earth/countries/it/1/263/data.json"},{"id":"ctry.it.1.264","type":"district","name":"Rosello","path":"earth/countries/it/1/264/data.json"},{"id":"ctry.it.1.265","type":"district","name":"Roseto degli Abruzzi","path":"earth/countries/it/1/265/data.json"},{"id":"ctry.it.1.266","type":"district","name":"Salino","path":"earth/countries/it/1/266/data.json"},{"id":"ctry.it.1.267","type":"district","name":"Salle","path":"earth/countries/it/1/267/data.json"},{"id":"ctry.it.1.268","type":"district","name":"Salvo Marina","path":"earth/countries/it/1/268/data.json"},{"id":"ctry.it.1.269","type":"district","name":"Sambuceto","path":"earth/countries/it/1/269/data.json"},{"id":"ctry.it.1.270","type":"district","name":"San Benedetto dei Marsi","path":"earth/countries/it/1/270/data.json"},{"id":"ctry.it.1.271","type":"district","name":"San Benedetto in Perillis","path":"earth/countries/it/1/271/data.json"},{"id":"ctry.it.1.272","type":"district","name":"San Buono","path":"earth/countries/it/1/272/data.json"},{"id":"ctry.it.1.273","type":"district","name":"San Demetrio Ne' Vestini","path":"earth/countries/it/1/273/data.json"},{"id":"ctry.it.1.274","type":"district","name":"San Giovanni Lipioni","path":"earth/countries/it/1/274/data.json"},{"id":"ctry.it.1.275","type":"district","name":"San Martino Bassa","path":"earth/countries/it/1/275/data.json"},{"id":"ctry.it.1.276","type":"district","name":"San Martino sulla Marrucina","path":"earth/countries/it/1/276/data.json"},{"id":"ctry.it.1.277","type":"district","name":"San Nicolò a Tordino","path":"earth/countries/it/1/277/data.json"},{"id":"ctry.it.1.278","type":"district","name":"San Panfilo d'Ocre","path":"earth/countries/it/1/278/data.json"},{"id":"ctry.it.1.279","type":"district","name":"San Pio delle Camere","path":"earth/countries/it/1/279/data.json"},{"id":"ctry.it.1.280","type":"district","name":"San Rocco","path":"earth/countries/it/1/280/data.json"},{"id":"ctry.it.1.281","type":"district","name":"San Salvo","path":"earth/countries/it/1/281/data.json"},{"id":"ctry.it.1.282","type":"district","name":"San Valentino in Abruzzo Citeriore","path":"earth/countries/it/1/282/data.json"},{"id":"ctry.it.1.283","type":"district","name":"San Vincenzo Valle Roveto","path":"earth/countries/it/1/283/data.json"},{"id":"ctry.it.1.284","type":"district","name":"San Vito Chietino","path":"earth/countries/it/1/284/data.json"},{"id":"ctry.it.1.285","type":"district","name":"Sant'Egidio alla Vibrata","path":"earth/countries/it/1/285/data.json"},{"id":"ctry.it.1.286","type":"district","name":"Sant'Eufemia a Maiella","path":"earth/countries/it/1/286/data.json"},{"id":"ctry.it.1.287","type":"district","name":"Sant'Eusanio del Sangro","path":"earth/countries/it/1/287/data.json"},{"id":"ctry.it.1.288","type":"district","name":"Sant'Eusanio Forconese","path":"earth/countries/it/1/288/data.json"},{"id":"ctry.it.1.289","type":"district","name":"Sant'Omero","path":"earth/countries/it/1/289/data.json"},{"id":"ctry.it.1.290","type":"district","name":"Santa Maria Imbaro","path":"earth/countries/it/1/290/data.json"},{"id":"ctry.it.1.291","type":"district","name":"Santa Teresa","path":"earth/countries/it/1/291/data.json"},{"id":"ctry.it.1.292","type":"district","name":"Sante Marie","path":"earth/countries/it/1/292/data.json"},{"id":"ctry.it.1.293","type":"district","name":"Santo Stefano di Sessanio","path":"earth/countries/it/1/293/data.json"},{"id":"ctry.it.1.294","type":"district","name":"Sassa","path":"earth/countries/it/1/294/data.json"},{"id":"ctry.it.1.295","type":"district","name":"Scafa","path":"earth/countries/it/1/295/data.json"},{"id":"ctry.it.1.296","type":"district","name":"Scanno","path":"earth/countries/it/1/296/data.json"},{"id":"ctry.it.1.297","type":"district","name":"Scerne","path":"earth/countries/it/1/297/data.json"},{"id":"ctry.it.1.298","type":"district","name":"Scerni","path":"earth/countries/it/1/298/data.json"},{"id":"ctry.it.1.299","type":"district","name":"Schiavi di Abruzzo","path":"earth/countries/it/1/299/data.json"},{"id":"ctry.it.1.300","type":"district","name":"Scontrone","path":"earth/countries/it/1/300/data.json"},{"id":"ctry.it.1.301","type":"district","name":"Scoppito","path":"earth/countries/it/1/301/data.json"},{"id":"ctry.it.1.302","type":"district","name":"Scurcola Marsicana","path":"earth/countries/it/1/302/data.json"},{"id":"ctry.it.1.303","type":"district","name":"Secinaro","path":"earth/countries/it/1/303/data.json"},{"id":"ctry.it.1.304","type":"district","name":"Selva","path":"earth/countries/it/1/304/data.json"},{"id":"ctry.it.1.305","type":"district","name":"Serramonacesca","path":"earth/countries/it/1/305/data.json"},{"id":"ctry.it.1.306","type":"district","name":"Silvi","path":"earth/countries/it/1/306/data.json"},{"id":"ctry.it.1.307","type":"district","name":"Spoltore","path":"earth/countries/it/1/307/data.json"},{"id":"ctry.it.1.308","type":"district","name":"Sulmona","path":"earth/countries/it/1/308/data.json"},{"id":"ctry.it.1.309","type":"district","name":"Tagliacozzo","path":"earth/countries/it/1/309/data.json"},{"id":"ctry.it.1.310","type":"district","name":"Taranta Peligna","path":"earth/countries/it/1/310/data.json"},{"id":"ctry.it.1.311","type":"district","name":"Teramo","path":"earth/countries/it/1/311/data.json"},{"id":"ctry.it.1.312","type":"district","name":"Tione degli Abruzzi","path":"earth/countries/it/1/312/data.json"},{"id":"ctry.it.1.313","type":"district","name":"Tocco da Casauria","path":"earth/countries/it/1/313/data.json"},{"id":"ctry.it.1.314","type":"district","name":"Tollo","path":"earth/countries/it/1/314/data.json"},{"id":"ctry.it.1.315","type":"district","name":"Torano Nuovo","path":"earth/countries/it/1/315/data.json"},{"id":"ctry.it.1.316","type":"district","name":"Torino di Sangro","path":"earth/countries/it/1/316/data.json"},{"id":"ctry.it.1.317","type":"district","name":"Tornareccio","path":"earth/countries/it/1/317/data.json"},{"id":"ctry.it.1.318","type":"district","name":"Tornimparte","path":"earth/countries/it/1/318/data.json"},{"id":"ctry.it.1.319","type":"district","name":"Torre de' Passeri","path":"earth/countries/it/1/319/data.json"},{"id":"ctry.it.1.320","type":"district","name":"Torrebruna","path":"earth/countries/it/1/320/data.json"},{"id":"ctry.it.1.321","type":"district","name":"Torrevecchia","path":"earth/countries/it/1/321/data.json"},{"id":"ctry.it.1.322","type":"district","name":"Torricella","path":"earth/countries/it/1/322/data.json"},{"id":"ctry.it.1.323","type":"district","name":"Torricella Peligna","path":"earth/countries/it/1/323/data.json"},{"id":"ctry.it.1.324","type":"district","name":"Tortoreto","path":"earth/countries/it/1/324/data.json"},{"id":"ctry.it.1.325","type":"district","name":"Tortoreto Lido","path":"earth/countries/it/1/325/data.json"},{"id":"ctry.it.1.326","type":"district","name":"Tossicia","path":"earth/countries/it/1/326/data.json"},{"id":"ctry.it.1.327","type":"district","name":"Trasacco","path":"earth/countries/it/1/327/data.json"},{"id":"ctry.it.1.328","type":"district","name":"Treglio","path":"earth/countries/it/1/328/data.json"},{"id":"ctry.it.1.329","type":"district","name":"Tufillo","path":"earth/countries/it/1/329/data.json"},{"id":"ctry.it.1.330","type":"district","name":"Turrivalignani","path":"earth/countries/it/1/330/data.json"},{"id":"ctry.it.1.331","type":"district","name":"Vacri","path":"earth/countries/it/1/331/data.json"},{"id":"ctry.it.1.332","type":"district","name":"Valle Castellana","path":"earth/countries/it/1/332/data.json"},{"id":"ctry.it.1.333","type":"district","name":"Vallecupa","path":"earth/countries/it/1/333/data.json"},{"id":"ctry.it.1.334","type":"district","name":"Vasto","path":"earth/countries/it/1/334/data.json"},{"id":"ctry.it.1.335","type":"district","name":"Vicoli","path":"earth/countries/it/1/335/data.json"},{"id":"ctry.it.1.336","type":"district","name":"Villa Caldari","path":"earth/countries/it/1/336/data.json"},{"id":"ctry.it.1.337","type":"district","name":"Villa Celiera","path":"earth/countries/it/1/337/data.json"},{"id":"ctry.it.1.338","type":"district","name":"Villa Lempa","path":"earth/countries/it/1/338/data.json"},{"id":"ctry.it.1.339","type":"district","name":"Villa Raspa","path":"earth/countries/it/1/339/data.json"},{"id":"ctry.it.1.340","type":"district","name":"Villa Rosa","path":"earth/countries/it/1/340/data.json"},{"id":"ctry.it.1.341","type":"district","name":"Villa Sant'Angelo","path":"earth/countries/it/1/341/data.json"},{"id":"ctry.it.1.342","type":"district","name":"Villa Santa Lucia degli Abruzzi","path":"earth/countries/it/1/342/data.json"},{"id":"ctry.it.1.343","type":"district","name":"Villa Santa Maria","path":"earth/countries/it/1/343/data.json"},{"id":"ctry.it.1.344","type":"district","name":"Villagrande","path":"earth/countries/it/1/344/data.json"},{"id":"ctry.it.1.345","type":"district","name":"Villalago","path":"earth/countries/it/1/345/data.json"},{"id":"ctry.it.1.346","type":"district","name":"Villalfonsina","path":"earth/countries/it/1/346/data.json"},{"id":"ctry.it.1.347","type":"district","name":"Villamagna","path":"earth/countries/it/1/347/data.json"},{"id":"ctry.it.1.348","type":"district","name":"Villanova","path":"earth/countries/it/1/348/data.json"},{"id":"ctry.it.1.349","type":"district","name":"Villavallelonga","path":"earth/countries/it/1/349/data.json"},{"id":"ctry.it.1.350","type":"district","name":"Villetta Barrea","path":"earth/countries/it/1/350/data.json"},{"id":"ctry.it.1.351","type":"district","name":"Vittorito","path":"earth/countries/it/1/351/data.json"}]}