{"data":[{"id":"ctry.it.20.1","address":"Acerno, Campania, Italy","path":"earth/countries/it/20/1/data.json"},{"id":"ctry.it.20.2","address":"Acerra, Campania, Italy","path":"earth/countries/it/20/2/data.json"},{"id":"ctry.it.20.3","address":"Afragola, Campania, Italy","path":"earth/countries/it/20/3/data.json"},{"id":"ctry.it.20.4","address":"Agerola, Campania, Italy","path":"earth/countries/it/20/4/data.json"},{"id":"ctry.it.20.5","address":"Agropoli, Campania, Italy","path":"earth/countries/it/20/5/data.json"},{"id":"ctry.it.20.6","address":"Aiello del Sabato, Campania, Italy","path":"earth/countries/it/20/6/data.json"},{"id":"ctry.it.20.7","address":"Ailano, Campania, Italy","path":"earth/countries/it/20/7/data.json"},{"id":"ctry.it.20.8","address":"Airola, Campania, Italy","path":"earth/countries/it/20/8/data.json"},{"id":"ctry.it.20.9","address":"Albanella, Campania, Italy","path":"earth/countries/it/20/9/data.json"},{"id":"ctry.it.20.10","address":"Alfano, Campania, Italy","path":"earth/countries/it/20/10/data.json"},{"id":"ctry.it.20.11","address":"Alife, Campania, Italy","path":"earth/countries/it/20/11/data.json"},{"id":"ctry.it.20.12","address":"Altavilla Irpina, Campania, Italy","path":"earth/countries/it/20/12/data.json"},{"id":"ctry.it.20.13","address":"Altavilla Silentina, Campania, Italy","path":"earth/countries/it/20/13/data.json"},{"id":"ctry.it.20.14","address":"Alvignano, Campania, Italy","path":"earth/countries/it/20/14/data.json"},{"id":"ctry.it.20.15","address":"Amalfi, Campania, Italy","path":"earth/countries/it/20/15/data.json"},{"id":"ctry.it.20.16","address":"Amodio-Massariola, Campania, Italy","path":"earth/countries/it/20/16/data.json"},{"id":"ctry.it.20.17","address":"Amorosi, Campania, Italy","path":"earth/countries/it/20/17/data.json"},{"id":"ctry.it.20.18","address":"Anacapri, Campania, Italy","path":"earth/countries/it/20/18/data.json"},{"id":"ctry.it.20.19","address":"Andretta-Mattinella, Campania, Italy","path":"earth/countries/it/20/19/data.json"},{"id":"ctry.it.20.20","address":"Angri, Campania, Italy","path":"earth/countries/it/20/20/data.json"},{"id":"ctry.it.20.21","address":"Annunziata, Campania, Italy","path":"earth/countries/it/20/21/data.json"},{"id":"ctry.it.20.22","address":"Antessano, Campania, Italy","path":"earth/countries/it/20/22/data.json"},{"id":"ctry.it.20.23","address":"Apice Vecchio, Campania, Italy","path":"earth/countries/it/20/23/data.json"},{"id":"ctry.it.20.24","address":"Apollosa, Campania, Italy","path":"earth/countries/it/20/24/data.json"},{"id":"ctry.it.20.25","address":"Aquara, Campania, Italy","path":"earth/countries/it/20/25/data.json"},{"id":"ctry.it.20.26","address":"Aquilonia, Campania, Italy","path":"earth/countries/it/20/26/data.json"},{"id":"ctry.it.20.27","address":"Arenella, Campania, Italy","path":"earth/countries/it/20/27/data.json"},{"id":"ctry.it.20.28","address":"Ariano, Campania, Italy","path":"earth/countries/it/20/28/data.json"},{"id":"ctry.it.20.29","address":"Ariano Irpino-Martiri, Campania, Italy","path":"earth/countries/it/20/29/data.json"},{"id":"ctry.it.20.30","address":"Arienzo, Campania, Italy","path":"earth/countries/it/20/30/data.json"},{"id":"ctry.it.20.31","address":"Ariola, Campania, Italy","path":"earth/countries/it/20/31/data.json"},{"id":"ctry.it.20.32","address":"Arola-Preazzano, Campania, Italy","path":"earth/countries/it/20/32/data.json"},{"id":"ctry.it.20.33","address":"Arpaia, Campania, Italy","path":"earth/countries/it/20/33/data.json"},{"id":"ctry.it.20.34","address":"Arpaise, Campania, Italy","path":"earth/countries/it/20/34/data.json"},{"id":"ctry.it.20.35","address":"Arpino, Campania, Italy","path":"earth/countries/it/20/35/data.json"},{"id":"ctry.it.20.36","address":"Arzano, Campania, Italy","path":"earth/countries/it/20/36/data.json"},{"id":"ctry.it.20.37","address":"Ascea, Campania, Italy","path":"earth/countries/it/20/37/data.json"},{"id":"ctry.it.20.38","address":"Atena Lucana, Campania, Italy","path":"earth/countries/it/20/38/data.json"},{"id":"ctry.it.20.39","address":"Atrani, Campania, Italy","path":"earth/countries/it/20/39/data.json"},{"id":"ctry.it.20.40","address":"Atripalda, Campania, Italy","path":"earth/countries/it/20/40/data.json"},{"id":"ctry.it.20.41","address":"Auletta, Campania, Italy","path":"earth/countries/it/20/41/data.json"},{"id":"ctry.it.20.42","address":"Avella, Campania, Italy","path":"earth/countries/it/20/42/data.json"},{"id":"ctry.it.20.43","address":"Avellino, Campania, Italy","path":"earth/countries/it/20/43/data.json"},{"id":"ctry.it.20.44","address":"Aversa, Campania, Italy","path":"earth/countries/it/20/44/data.json"},{"id":"ctry.it.20.45","address":"Avvocata, Campania, Italy","path":"earth/countries/it/20/45/data.json"},{"id":"ctry.it.20.46","address":"Bacoli, Campania, Italy","path":"earth/countries/it/20/46/data.json"},{"id":"ctry.it.20.47","address":"Bagnoli, Campania, Italy","path":"earth/countries/it/20/47/data.json"},{"id":"ctry.it.20.48","address":"Bagnoli Irpino, Campania, Italy","path":"earth/countries/it/20/48/data.json"},{"id":"ctry.it.20.49","address":"Baia, Campania, Italy","path":"earth/countries/it/20/49/data.json"},{"id":"ctry.it.20.50","address":"Baiano, Campania, Italy","path":"earth/countries/it/20/50/data.json"},{"id":"ctry.it.20.51","address":"Banzano, Campania, Italy","path":"earth/countries/it/20/51/data.json"},{"id":"ctry.it.20.52","address":"Barano d'Ischia, Campania, Italy","path":"earth/countries/it/20/52/data.json"},{"id":"ctry.it.20.53","address":"Baronissi, Campania, Italy","path":"earth/countries/it/20/53/data.json"},{"id":"ctry.it.20.54","address":"Barra, Campania, Italy","path":"earth/countries/it/20/54/data.json"},{"id":"ctry.it.20.55","address":"Baselice, Campania, Italy","path":"earth/countries/it/20/55/data.json"},{"id":"ctry.it.20.56","address":"Battipaglia, Campania, Italy","path":"earth/countries/it/20/56/data.json"},{"id":"ctry.it.20.57","address":"Bellizzi, Campania, Italy","path":"earth/countries/it/20/57/data.json"},{"id":"ctry.it.20.58","address":"Bellona, Campania, Italy","path":"earth/countries/it/20/58/data.json"},{"id":"ctry.it.20.59","address":"Bellosguardo, Campania, Italy","path":"earth/countries/it/20/59/data.json"},{"id":"ctry.it.20.60","address":"Beltiglio-San Giovanni, Campania, Italy","path":"earth/countries/it/20/60/data.json"},{"id":"ctry.it.20.61","address":"Benevento, Campania, Italy","path":"earth/countries/it/20/61/data.json"},{"id":"ctry.it.20.62","address":"Bisaccia, Campania, Italy","path":"earth/countries/it/20/62/data.json"},{"id":"ctry.it.20.63","address":"Bisaccia Nuova, Campania, Italy","path":"earth/countries/it/20/63/data.json"},{"id":"ctry.it.20.64","address":"Bivio Mortola, Campania, Italy","path":"earth/countries/it/20/64/data.json"},{"id":"ctry.it.20.65","address":"Bivio Santa Cecilia, Campania, Italy","path":"earth/countries/it/20/65/data.json"},{"id":"ctry.it.20.66","address":"Bonea, Campania, Italy","path":"earth/countries/it/20/66/data.json"},{"id":"ctry.it.20.67","address":"Bonito, Campania, Italy","path":"earth/countries/it/20/67/data.json"},{"id":"ctry.it.20.68","address":"Borgo, Campania, Italy","path":"earth/countries/it/20/68/data.json"},{"id":"ctry.it.20.69","address":"Boscoreale, Campania, Italy","path":"earth/countries/it/20/69/data.json"},{"id":"ctry.it.20.70","address":"Boscotrecase, Campania, Italy","path":"earth/countries/it/20/70/data.json"},{"id":"ctry.it.20.71","address":"Bracigliano, Campania, Italy","path":"earth/countries/it/20/71/data.json"},{"id":"ctry.it.20.72","address":"Brezza, Campania, Italy","path":"earth/countries/it/20/72/data.json"},{"id":"ctry.it.20.73","address":"Brusciano, Campania, Italy","path":"earth/countries/it/20/73/data.json"},{"id":"ctry.it.20.74","address":"Bucciano, Campania, Italy","path":"earth/countries/it/20/74/data.json"},{"id":"ctry.it.20.75","address":"Buccino, Campania, Italy","path":"earth/countries/it/20/75/data.json"},{"id":"ctry.it.20.76","address":"Buonabitacolo, Campania, Italy","path":"earth/countries/it/20/76/data.json"},{"id":"ctry.it.20.77","address":"Buonalbergo, Campania, Italy","path":"earth/countries/it/20/77/data.json"},{"id":"ctry.it.20.78","address":"Caggiano, Campania, Italy","path":"earth/countries/it/20/78/data.json"},{"id":"ctry.it.20.79","address":"Caianello, Campania, Italy","path":"earth/countries/it/20/79/data.json"},{"id":"ctry.it.20.80","address":"Caiazzo, Campania, Italy","path":"earth/countries/it/20/80/data.json"},{"id":"ctry.it.20.81","address":"Cairano, Campania, Italy","path":"earth/countries/it/20/81/data.json"},{"id":"ctry.it.20.82","address":"Caivano, Campania, Italy","path":"earth/countries/it/20/82/data.json"},{"id":"ctry.it.20.83","address":"Calabritto, Campania, Italy","path":"earth/countries/it/20/83/data.json"},{"id":"ctry.it.20.84","address":"Calitri, Campania, Italy","path":"earth/countries/it/20/84/data.json"},{"id":"ctry.it.20.85","address":"Calvanico, Campania, Italy","path":"earth/countries/it/20/85/data.json"},{"id":"ctry.it.20.86","address":"Calvi, Campania, Italy","path":"earth/countries/it/20/86/data.json"},{"id":"ctry.it.20.87","address":"Calvi Risorta, Campania, Italy","path":"earth/countries/it/20/87/data.json"},{"id":"ctry.it.20.88","address":"Calvizzano, Campania, Italy","path":"earth/countries/it/20/88/data.json"},{"id":"ctry.it.20.89","address":"Camerota, Campania, Italy","path":"earth/countries/it/20/89/data.json"},{"id":"ctry.it.20.90","address":"Camigliano, Campania, Italy","path":"earth/countries/it/20/90/data.json"},{"id":"ctry.it.20.91","address":"Campagna, Campania, Italy","path":"earth/countries/it/20/91/data.json"},{"id":"ctry.it.20.92","address":"Campanarello, Campania, Italy","path":"earth/countries/it/20/92/data.json"},{"id":"ctry.it.20.93","address":"Campolattaro, Campania, Italy","path":"earth/countries/it/20/93/data.json"},{"id":"ctry.it.20.94","address":"Campoli del Monte Taburno, Campania, Italy","path":"earth/countries/it/20/94/data.json"},{"id":"ctry.it.20.95","address":"Campora, Campania, Italy","path":"earth/countries/it/20/95/data.json"},{"id":"ctry.it.20.96","address":"Camposano, Campania, Italy","path":"earth/countries/it/20/96/data.json"},{"id":"ctry.it.20.97","address":"Cancello-Arnone, Campania, Italy","path":"earth/countries/it/20/97/data.json"},{"id":"ctry.it.20.98","address":"Candida, Campania, Italy","path":"earth/countries/it/20/98/data.json"},{"id":"ctry.it.20.99","address":"Cannalonga, Campania, Italy","path":"earth/countries/it/20/99/data.json"},{"id":"ctry.it.20.100","address":"Capaccio, Campania, Italy","path":"earth/countries/it/20/100/data.json"},{"id":"ctry.it.20.101","address":"Capaccio Scalo, Campania, Italy","path":"earth/countries/it/20/101/data.json"},{"id":"ctry.it.20.102","address":"Capezzano Inferiore, Campania, Italy","path":"earth/countries/it/20/102/data.json"},{"id":"ctry.it.20.103","address":"Capezzano-Cologna, Campania, Italy","path":"earth/countries/it/20/103/data.json"},{"id":"ctry.it.20.104","address":"Capitignano, Campania, Italy","path":"earth/countries/it/20/104/data.json"},{"id":"ctry.it.20.105","address":"Capodrise, Campania, Italy","path":"earth/countries/it/20/105/data.json"},{"id":"ctry.it.20.106","address":"Caposele, Campania, Italy","path":"earth/countries/it/20/106/data.json"},{"id":"ctry.it.20.107","address":"Capri, Campania, Italy","path":"earth/countries/it/20/107/data.json"},{"id":"ctry.it.20.108","address":"Capriati A Volturno, Campania, Italy","path":"earth/countries/it/20/108/data.json"},{"id":"ctry.it.20.109","address":"Capriglia, Campania, Italy","path":"earth/countries/it/20/109/data.json"},{"id":"ctry.it.20.110","address":"Capriglia Irpina, Campania, Italy","path":"earth/countries/it/20/110/data.json"},{"id":"ctry.it.20.111","address":"Capua, Campania, Italy","path":"earth/countries/it/20/111/data.json"},{"id":"ctry.it.20.112","address":"Carano, Campania, Italy","path":"earth/countries/it/20/112/data.json"},{"id":"ctry.it.20.113","address":"Carbonara di Nola, Campania, Italy","path":"earth/countries/it/20/113/data.json"},{"id":"ctry.it.20.114","address":"Cardito, Campania, Italy","path":"earth/countries/it/20/114/data.json"},{"id":"ctry.it.20.115","address":"Carife, Campania, Italy","path":"earth/countries/it/20/115/data.json"},{"id":"ctry.it.20.116","address":"Carifi-Torello-Priscoli, Campania, Italy","path":"earth/countries/it/20/116/data.json"},{"id":"ctry.it.20.117","address":"Carinaro, Campania, Italy","path":"earth/countries/it/20/117/data.json"},{"id":"ctry.it.20.118","address":"Carinola, Campania, Italy","path":"earth/countries/it/20/118/data.json"},{"id":"ctry.it.20.119","address":"Casagiove, Campania, Italy","path":"earth/countries/it/20/119/data.json"},{"id":"ctry.it.20.120","address":"Casal di Principe, Campania, Italy","path":"earth/countries/it/20/120/data.json"},{"id":"ctry.it.20.121","address":"Casal Velino, Campania, Italy","path":"earth/countries/it/20/121/data.json"},{"id":"ctry.it.20.122","address":"Casalbore, Campania, Italy","path":"earth/countries/it/20/122/data.json"},{"id":"ctry.it.20.123","address":"Casalbuono, Campania, Italy","path":"earth/countries/it/20/123/data.json"},{"id":"ctry.it.20.124","address":"Casalduni, Campania, Italy","path":"earth/countries/it/20/124/data.json"},{"id":"ctry.it.20.125","address":"Casale, Campania, Italy","path":"earth/countries/it/20/125/data.json"},{"id":"ctry.it.20.126","address":"Casaletto Spartano, Campania, Italy","path":"earth/countries/it/20/126/data.json"},{"id":"ctry.it.20.127","address":"Casali-San Potito, Campania, Italy","path":"earth/countries/it/20/127/data.json"},{"id":"ctry.it.20.128","address":"Casalnuovo di Napoli, Campania, Italy","path":"earth/countries/it/20/128/data.json"},{"id":"ctry.it.20.129","address":"Casaluce, Campania, Italy","path":"earth/countries/it/20/129/data.json"},{"id":"ctry.it.20.130","address":"Casamarciano, Campania, Italy","path":"earth/countries/it/20/130/data.json"},{"id":"ctry.it.20.131","address":"Casamicciola Terme, Campania, Italy","path":"earth/countries/it/20/131/data.json"},{"id":"ctry.it.20.132","address":"Casandrino, Campania, Italy","path":"earth/countries/it/20/132/data.json"},{"id":"ctry.it.20.133","address":"Casanova, Campania, Italy","path":"earth/countries/it/20/133/data.json"},{"id":"ctry.it.20.134","address":"Casapesenna, Campania, Italy","path":"earth/countries/it/20/134/data.json"},{"id":"ctry.it.20.135","address":"Casapulla, Campania, Italy","path":"earth/countries/it/20/135/data.json"},{"id":"ctry.it.20.136","address":"Casarea, Campania, Italy","path":"earth/countries/it/20/136/data.json"},{"id":"ctry.it.20.137","address":"Casavatore, Campania, Italy","path":"earth/countries/it/20/137/data.json"},{"id":"ctry.it.20.138","address":"Cascano, Campania, Italy","path":"earth/countries/it/20/138/data.json"},{"id":"ctry.it.20.139","address":"Caselle in Pittari, Campania, Italy","path":"earth/countries/it/20/139/data.json"},{"id":"ctry.it.20.140","address":"Caserta, Campania, Italy","path":"earth/countries/it/20/140/data.json"},{"id":"ctry.it.20.141","address":"Casola, Campania, Italy","path":"earth/countries/it/20/141/data.json"},{"id":"ctry.it.20.142","address":"Casola di Napoli, Campania, Italy","path":"earth/countries/it/20/142/data.json"},{"id":"ctry.it.20.143","address":"Casoria, Campania, Italy","path":"earth/countries/it/20/143/data.json"},{"id":"ctry.it.20.144","address":"Cassano Irpino, Campania, Italy","path":"earth/countries/it/20/144/data.json"},{"id":"ctry.it.20.145","address":"Castel Baronia, Campania, Italy","path":"earth/countries/it/20/145/data.json"},{"id":"ctry.it.20.146","address":"Castel Campagnano, Campania, Italy","path":"earth/countries/it/20/146/data.json"},{"id":"ctry.it.20.147","address":"Castel di Sasso, Campania, Italy","path":"earth/countries/it/20/147/data.json"},{"id":"ctry.it.20.148","address":"Castel Morrone, Campania, Italy","path":"earth/countries/it/20/148/data.json"},{"id":"ctry.it.20.149","address":"Castel San Giorgio, Campania, Italy","path":"earth/countries/it/20/149/data.json"},{"id":"ctry.it.20.150","address":"Castel San Lorenzo, Campania, Italy","path":"earth/countries/it/20/150/data.json"},{"id":"ctry.it.20.151","address":"Castel Volturno, Campania, Italy","path":"earth/countries/it/20/151/data.json"},{"id":"ctry.it.20.152","address":"Castelcivita, Campania, Italy","path":"earth/countries/it/20/152/data.json"},{"id":"ctry.it.20.153","address":"Castelfranci, Campania, Italy","path":"earth/countries/it/20/153/data.json"},{"id":"ctry.it.20.154","address":"Castelfranco in Miscano, Campania, Italy","path":"earth/countries/it/20/154/data.json"},{"id":"ctry.it.20.155","address":"Castellammare di Stabia, Campania, Italy","path":"earth/countries/it/20/155/data.json"},{"id":"ctry.it.20.156","address":"Castello del Matese, Campania, Italy","path":"earth/countries/it/20/156/data.json"},{"id":"ctry.it.20.157","address":"Castello di Cisterna, Campania, Italy","path":"earth/countries/it/20/157/data.json"},{"id":"ctry.it.20.158","address":"Castelnuovo Cilento, Campania, Italy","path":"earth/countries/it/20/158/data.json"},{"id":"ctry.it.20.159","address":"Castelnuovo di Conza, Campania, Italy","path":"earth/countries/it/20/159/data.json"},{"id":"ctry.it.20.160","address":"Castelpagano, Campania, Italy","path":"earth/countries/it/20/160/data.json"},{"id":"ctry.it.20.161","address":"Castelpoto, Campania, Italy","path":"earth/countries/it/20/161/data.json"},{"id":"ctry.it.20.162","address":"Castelvenere, Campania, Italy","path":"earth/countries/it/20/162/data.json"},{"id":"ctry.it.20.163","address":"Castelvetere in Val Fortore, Campania, Italy","path":"earth/countries/it/20/163/data.json"},{"id":"ctry.it.20.164","address":"Castelvetere sul Calore, Campania, Italy","path":"earth/countries/it/20/164/data.json"},{"id":"ctry.it.20.165","address":"Castiglione del Genovesi, Campania, Italy","path":"earth/countries/it/20/165/data.json"},{"id":"ctry.it.20.166","address":"Cautano, Campania, Italy","path":"earth/countries/it/20/166/data.json"},{"id":"ctry.it.20.167","address":"Cava Dè Tirreni, Campania, Italy","path":"earth/countries/it/20/167/data.json"},{"id":"ctry.it.20.168","address":"Celle di Bulgheria, Campania, Italy","path":"earth/countries/it/20/168/data.json"},{"id":"ctry.it.20.169","address":"Cellole, Campania, Italy","path":"earth/countries/it/20/169/data.json"},{"id":"ctry.it.20.170","address":"Centola, Campania, Italy","path":"earth/countries/it/20/170/data.json"},{"id":"ctry.it.20.171","address":"Centro Urbano, Campania, Italy","path":"earth/countries/it/20/171/data.json"},{"id":"ctry.it.20.172","address":"Ceppaloni, Campania, Italy","path":"earth/countries/it/20/172/data.json"},{"id":"ctry.it.20.173","address":"Ceraso, Campania, Italy","path":"earth/countries/it/20/173/data.json"},{"id":"ctry.it.20.174","address":"Cercola, Campania, Italy","path":"earth/countries/it/20/174/data.json"},{"id":"ctry.it.20.175","address":"Cerreto Sannita, Campania, Italy","path":"earth/countries/it/20/175/data.json"},{"id":"ctry.it.20.176","address":"Cervinara, Campania, Italy","path":"earth/countries/it/20/176/data.json"},{"id":"ctry.it.20.177","address":"Cervino, Campania, Italy","path":"earth/countries/it/20/177/data.json"},{"id":"ctry.it.20.178","address":"Cesa, Campania, Italy","path":"earth/countries/it/20/178/data.json"},{"id":"ctry.it.20.179","address":"Cesinali, Campania, Italy","path":"earth/countries/it/20/179/data.json"},{"id":"ctry.it.20.180","address":"Cetara, Campania, Italy","path":"earth/countries/it/20/180/data.json"},{"id":"ctry.it.20.181","address":"Chiaia, Campania, Italy","path":"earth/countries/it/20/181/data.json"},{"id":"ctry.it.20.182","address":"Chiaiano, Campania, Italy","path":"earth/countries/it/20/182/data.json"},{"id":"ctry.it.20.183","address":"Chianche, Campania, Italy","path":"earth/countries/it/20/183/data.json"},{"id":"ctry.it.20.184","address":"Chiusano di San Domenico, Campania, Italy","path":"earth/countries/it/20/184/data.json"},{"id":"ctry.it.20.185","address":"Cicciano, Campania, Italy","path":"earth/countries/it/20/185/data.json"},{"id":"ctry.it.20.186","address":"Cicerale, Campania, Italy","path":"earth/countries/it/20/186/data.json"},{"id":"ctry.it.20.187","address":"Cimitile, Campania, Italy","path":"earth/countries/it/20/187/data.json"},{"id":"ctry.it.20.188","address":"Ciorlano, Campania, Italy","path":"earth/countries/it/20/188/data.json"},{"id":"ctry.it.20.189","address":"Circello, Campania, Italy","path":"earth/countries/it/20/189/data.json"},{"id":"ctry.it.20.190","address":"Colle Sannita, Campania, Italy","path":"earth/countries/it/20/190/data.json"},{"id":"ctry.it.20.191","address":"Colliano, Campania, Italy","path":"earth/countries/it/20/191/data.json"},{"id":"ctry.it.20.192","address":"Comiziano, Campania, Italy","path":"earth/countries/it/20/192/data.json"},{"id":"ctry.it.20.193","address":"Conca dei Marini, Campania, Italy","path":"earth/countries/it/20/193/data.json"},{"id":"ctry.it.20.194","address":"Conca della Campania, Campania, Italy","path":"earth/countries/it/20/194/data.json"},{"id":"ctry.it.20.195","address":"Contrada, Campania, Italy","path":"earth/countries/it/20/195/data.json"},{"id":"ctry.it.20.196","address":"Controne, Campania, Italy","path":"earth/countries/it/20/196/data.json"},{"id":"ctry.it.20.197","address":"Contursi Terme, Campania, Italy","path":"earth/countries/it/20/197/data.json"},{"id":"ctry.it.20.198","address":"Coperchia, Campania, Italy","path":"earth/countries/it/20/198/data.json"},{"id":"ctry.it.20.199","address":"Corbara, Campania, Italy","path":"earth/countries/it/20/199/data.json"},{"id":"ctry.it.20.200","address":"Corleto Monforte, Campania, Italy","path":"earth/countries/it/20/200/data.json"},{"id":"ctry.it.20.201","address":"Country Park, Campania, Italy","path":"earth/countries/it/20/201/data.json"},{"id":"ctry.it.20.202","address":"Crispano, Campania, Italy","path":"earth/countries/it/20/202/data.json"},{"id":"ctry.it.20.203","address":"Cuccaro Vetere, Campania, Italy","path":"earth/countries/it/20/203/data.json"},{"id":"ctry.it.20.204","address":"Curti, Campania, Italy","path":"earth/countries/it/20/204/data.json"},{"id":"ctry.it.20.205","address":"Cusano Mutri, Campania, Italy","path":"earth/countries/it/20/205/data.json"},{"id":"ctry.it.20.206","address":"Domicella, Campania, Italy","path":"earth/countries/it/20/206/data.json"},{"id":"ctry.it.20.207","address":"Dragonea, Campania, Italy","path":"earth/countries/it/20/207/data.json"},{"id":"ctry.it.20.208","address":"Dragoni, Campania, Italy","path":"earth/countries/it/20/208/data.json"},{"id":"ctry.it.20.209","address":"Dugenta, Campania, Italy","path":"earth/countries/it/20/209/data.json"},{"id":"ctry.it.20.210","address":"Durazzano, Campania, Italy","path":"earth/countries/it/20/210/data.json"},{"id":"ctry.it.20.211","address":"Eboli, Campania, Italy","path":"earth/countries/it/20/211/data.json"},{"id":"ctry.it.20.212","address":"Ercolano, Campania, Italy","path":"earth/countries/it/20/212/data.json"},{"id":"ctry.it.20.213","address":"Faiano, Campania, Italy","path":"earth/countries/it/20/213/data.json"},{"id":"ctry.it.20.214","address":"Faicchio, Campania, Italy","path":"earth/countries/it/20/214/data.json"},{"id":"ctry.it.20.215","address":"Falciano del Massico, Campania, Italy","path":"earth/countries/it/20/215/data.json"},{"id":"ctry.it.20.216","address":"Faraldo-Nocelleto, Campania, Italy","path":"earth/countries/it/20/216/data.json"},{"id":"ctry.it.20.217","address":"Felitto, Campania, Italy","path":"earth/countries/it/20/217/data.json"},{"id":"ctry.it.20.218","address":"Fisciano, Campania, Italy","path":"earth/countries/it/20/218/data.json"},{"id":"ctry.it.20.219","address":"Flumeri, Campania, Italy","path":"earth/countries/it/20/219/data.json"},{"id":"ctry.it.20.220","address":"Foglianise, Campania, Italy","path":"earth/countries/it/20/220/data.json"},{"id":"ctry.it.20.221","address":"Foiano di Val Fortore, Campania, Italy","path":"earth/countries/it/20/221/data.json"},{"id":"ctry.it.20.222","address":"Fontanarosa, Campania, Italy","path":"earth/countries/it/20/222/data.json"},{"id":"ctry.it.20.223","address":"Fontegreca, Campania, Italy","path":"earth/countries/it/20/223/data.json"},{"id":"ctry.it.20.224","address":"Forchia, Campania, Italy","path":"earth/countries/it/20/224/data.json"},{"id":"ctry.it.20.225","address":"Forino, Campania, Italy","path":"earth/countries/it/20/225/data.json"},{"id":"ctry.it.20.226","address":"Forio, Campania, Italy","path":"earth/countries/it/20/226/data.json"},{"id":"ctry.it.20.227","address":"Formicola, Campania, Italy","path":"earth/countries/it/20/227/data.json"},{"id":"ctry.it.20.228","address":"Fragneto L'Abate, Campania, Italy","path":"earth/countries/it/20/228/data.json"},{"id":"ctry.it.20.229","address":"Fragneto Monforte, Campania, Italy","path":"earth/countries/it/20/229/data.json"},{"id":"ctry.it.20.230","address":"Franche, Campania, Italy","path":"earth/countries/it/20/230/data.json"},{"id":"ctry.it.20.231","address":"Francolise, Campania, Italy","path":"earth/countries/it/20/231/data.json"},{"id":"ctry.it.20.232","address":"Frasso Telesino, Campania, Italy","path":"earth/countries/it/20/232/data.json"},{"id":"ctry.it.20.233","address":"Frattamaggiore, Campania, Italy","path":"earth/countries/it/20/233/data.json"},{"id":"ctry.it.20.234","address":"Frattaminore, Campania, Italy","path":"earth/countries/it/20/234/data.json"},{"id":"ctry.it.20.235","address":"Frigento, Campania, Italy","path":"earth/countries/it/20/235/data.json"},{"id":"ctry.it.20.236","address":"Frignano, Campania, Italy","path":"earth/countries/it/20/236/data.json"},{"id":"ctry.it.20.237","address":"Fuorigrotta, Campania, Italy","path":"earth/countries/it/20/237/data.json"},{"id":"ctry.it.20.238","address":"Fuorni, Campania, Italy","path":"earth/countries/it/20/238/data.json"},{"id":"ctry.it.20.239","address":"Furore, Campania, Italy","path":"earth/countries/it/20/239/data.json"},{"id":"ctry.it.20.240","address":"Futani, Campania, Italy","path":"earth/countries/it/20/240/data.json"},{"id":"ctry.it.20.241","address":"Gallo, Campania, Italy","path":"earth/countries/it/20/241/data.json"},{"id":"ctry.it.20.242","address":"Gallo Matese, Campania, Italy","path":"earth/countries/it/20/242/data.json"},{"id":"ctry.it.20.243","address":"Galluccio, Campania, Italy","path":"earth/countries/it/20/243/data.json"},{"id":"ctry.it.20.244","address":"Gesualdo, Campania, Italy","path":"earth/countries/it/20/244/data.json"},{"id":"ctry.it.20.245","address":"Giano Vetusto, Campania, Italy","path":"earth/countries/it/20/245/data.json"},{"id":"ctry.it.20.246","address":"Giffoni Valle Piana, Campania, Italy","path":"earth/countries/it/20/246/data.json"},{"id":"ctry.it.20.247","address":"Ginestra degli Schiavoni, Campania, Italy","path":"earth/countries/it/20/247/data.json"},{"id":"ctry.it.20.248","address":"Gioi, Campania, Italy","path":"earth/countries/it/20/248/data.json"},{"id":"ctry.it.20.249","address":"Gioia Sannitica, Campania, Italy","path":"earth/countries/it/20/249/data.json"},{"id":"ctry.it.20.250","address":"Giugliano in Campania, Campania, Italy","path":"earth/countries/it/20/250/data.json"},{"id":"ctry.it.20.251","address":"Giungano, Campania, Italy","path":"earth/countries/it/20/251/data.json"},{"id":"ctry.it.20.252","address":"Gragnano, Campania, Italy","path":"earth/countries/it/20/252/data.json"},{"id":"ctry.it.20.253","address":"Grazzanise, Campania, Italy","path":"earth/countries/it/20/253/data.json"},{"id":"ctry.it.20.254","address":"Greci, Campania, Italy","path":"earth/countries/it/20/254/data.json"},{"id":"ctry.it.20.255","address":"Gricignano di Aversa, Campania, Italy","path":"earth/countries/it/20/255/data.json"},{"id":"ctry.it.20.256","address":"Grottaminarda, Campania, Italy","path":"earth/countries/it/20/256/data.json"},{"id":"ctry.it.20.257","address":"Grottola, Campania, Italy","path":"earth/countries/it/20/257/data.json"},{"id":"ctry.it.20.258","address":"Grottolella, Campania, Italy","path":"earth/countries/it/20/258/data.json"},{"id":"ctry.it.20.259","address":"Grumo Nevano, Campania, Italy","path":"earth/countries/it/20/259/data.json"},{"id":"ctry.it.20.260","address":"Guardia Lombardi, Campania, Italy","path":"earth/countries/it/20/260/data.json"},{"id":"ctry.it.20.261","address":"Guardia Sanframondi, Campania, Italy","path":"earth/countries/it/20/261/data.json"},{"id":"ctry.it.20.262","address":"Ischia, Campania, Italy","path":"earth/countries/it/20/262/data.json"},{"id":"ctry.it.20.263","address":"Ischia Porto, Campania, Italy","path":"earth/countries/it/20/263/data.json"},{"id":"ctry.it.20.264","address":"Ispani, Campania, Italy","path":"earth/countries/it/20/264/data.json"},{"id":"ctry.it.20.265","address":"Lacco Ameno, Campania, Italy","path":"earth/countries/it/20/265/data.json"},{"id":"ctry.it.20.266","address":"Lacedonia, Campania, Italy","path":"earth/countries/it/20/266/data.json"},{"id":"ctry.it.20.267","address":"Lancusi-Penta-Bolano, Campania, Italy","path":"earth/countries/it/20/267/data.json"},{"id":"ctry.it.20.268","address":"Lanzara, Campania, Italy","path":"earth/countries/it/20/268/data.json"},{"id":"ctry.it.20.269","address":"Lapio, Campania, Italy","path":"earth/countries/it/20/269/data.json"},{"id":"ctry.it.20.270","address":"Laura, Campania, Italy","path":"earth/countries/it/20/270/data.json"},{"id":"ctry.it.20.271","address":"Laureana Cilento, Campania, Italy","path":"earth/countries/it/20/271/data.json"},{"id":"ctry.it.20.272","address":"Laurino, Campania, Italy","path":"earth/countries/it/20/272/data.json"},{"id":"ctry.it.20.273","address":"Laurito, Campania, Italy","path":"earth/countries/it/20/273/data.json"},{"id":"ctry.it.20.274","address":"Lauro, Campania, Italy","path":"earth/countries/it/20/274/data.json"},{"id":"ctry.it.20.275","address":"Laviano, Campania, Italy","path":"earth/countries/it/20/275/data.json"},{"id":"ctry.it.20.276","address":"Letino, Campania, Italy","path":"earth/countries/it/20/276/data.json"},{"id":"ctry.it.20.277","address":"Lettere, Campania, Italy","path":"earth/countries/it/20/277/data.json"},{"id":"ctry.it.20.278","address":"Liberi, Campania, Italy","path":"earth/countries/it/20/278/data.json"},{"id":"ctry.it.20.279","address":"Licinella-Torre di Paestum, Campania, Italy","path":"earth/countries/it/20/279/data.json"},{"id":"ctry.it.20.280","address":"Licusati, Campania, Italy","path":"earth/countries/it/20/280/data.json"},{"id":"ctry.it.20.281","address":"Limatola, Campania, Italy","path":"earth/countries/it/20/281/data.json"},{"id":"ctry.it.20.282","address":"Lioni, Campania, Italy","path":"earth/countries/it/20/282/data.json"},{"id":"ctry.it.20.283","address":"Liveri, Campania, Italy","path":"earth/countries/it/20/283/data.json"},{"id":"ctry.it.20.284","address":"Luogosano, Campania, Italy","path":"earth/countries/it/20/284/data.json"},{"id":"ctry.it.20.285","address":"Lusciano, Campania, Italy","path":"earth/countries/it/20/285/data.json"},{"id":"ctry.it.20.286","address":"Lustra, Campania, Italy","path":"earth/countries/it/20/286/data.json"},{"id":"ctry.it.20.287","address":"Luzzano, Campania, Italy","path":"earth/countries/it/20/287/data.json"},{"id":"ctry.it.20.288","address":"Macchia, Campania, Italy","path":"earth/countries/it/20/288/data.json"},{"id":"ctry.it.20.289","address":"Maccoli-Perrillo, Campania, Italy","path":"earth/countries/it/20/289/data.json"},{"id":"ctry.it.20.290","address":"Macerata Campania, Campania, Italy","path":"earth/countries/it/20/290/data.json"},{"id":"ctry.it.20.291","address":"Maddaloni, Campania, Italy","path":"earth/countries/it/20/291/data.json"},{"id":"ctry.it.20.292","address":"Magliano Vetere, Campania, Italy","path":"earth/countries/it/20/292/data.json"},{"id":"ctry.it.20.293","address":"Maiori, Campania, Italy","path":"earth/countries/it/20/293/data.json"},{"id":"ctry.it.20.294","address":"Malche-Santa Croce-Serroni, Campania, Italy","path":"earth/countries/it/20/294/data.json"},{"id":"ctry.it.20.295","address":"Manocalzati, Campania, Italy","path":"earth/countries/it/20/295/data.json"},{"id":"ctry.it.20.296","address":"Marano di Napoli, Campania, Italy","path":"earth/countries/it/20/296/data.json"},{"id":"ctry.it.20.297","address":"Marcianise, Campania, Italy","path":"earth/countries/it/20/297/data.json"},{"id":"ctry.it.20.298","address":"Mariglianella, Campania, Italy","path":"earth/countries/it/20/298/data.json"},{"id":"ctry.it.20.299","address":"Marigliano, Campania, Italy","path":"earth/countries/it/20/299/data.json"},{"id":"ctry.it.20.300","address":"Marina di Camerota, Campania, Italy","path":"earth/countries/it/20/300/data.json"},{"id":"ctry.it.20.301","address":"Marina di Casal Velino, Campania, Italy","path":"earth/countries/it/20/301/data.json"},{"id":"ctry.it.20.302","address":"Marzanello, Campania, Italy","path":"earth/countries/it/20/302/data.json"},{"id":"ctry.it.20.303","address":"Marzano Appio, Campania, Italy","path":"earth/countries/it/20/303/data.json"},{"id":"ctry.it.20.304","address":"Marzano di Nola, Campania, Italy","path":"earth/countries/it/20/304/data.json"},{"id":"ctry.it.20.305","address":"Massa di Somma, Campania, Italy","path":"earth/countries/it/20/305/data.json"},{"id":"ctry.it.20.306","address":"Massa Lubrense, Campania, Italy","path":"earth/countries/it/20/306/data.json"},{"id":"ctry.it.20.307","address":"Masseria Vecchia Ovest, Campania, Italy","path":"earth/countries/it/20/307/data.json"},{"id":"ctry.it.20.308","address":"Matinella, Campania, Italy","path":"earth/countries/it/20/308/data.json"},{"id":"ctry.it.20.309","address":"Melito di Napoli, Campania, Italy","path":"earth/countries/it/20/309/data.json"},{"id":"ctry.it.20.310","address":"Melito Irpino, Campania, Italy","path":"earth/countries/it/20/310/data.json"},{"id":"ctry.it.20.311","address":"Melizzano, Campania, Italy","path":"earth/countries/it/20/311/data.json"},{"id":"ctry.it.20.312","address":"Mercato, Campania, Italy","path":"earth/countries/it/20/312/data.json"},{"id":"ctry.it.20.313","address":"Mercato San Severino, Campania, Italy","path":"earth/countries/it/20/313/data.json"},{"id":"ctry.it.20.314","address":"Mercogliano, Campania, Italy","path":"earth/countries/it/20/314/data.json"},{"id":"ctry.it.20.315","address":"Meta, Campania, Italy","path":"earth/countries/it/20/315/data.json"},{"id":"ctry.it.20.316","address":"Miano, Campania, Italy","path":"earth/countries/it/20/316/data.json"},{"id":"ctry.it.20.317","address":"Mignano Monte Lungo, Campania, Italy","path":"earth/countries/it/20/317/data.json"},{"id":"ctry.it.20.318","address":"Minori, Campania, Italy","path":"earth/countries/it/20/318/data.json"},{"id":"ctry.it.20.319","address":"Mirabella Eclano, Campania, Italy","path":"earth/countries/it/20/319/data.json"},{"id":"ctry.it.20.320","address":"Moiano, Campania, Italy","path":"earth/countries/it/20/320/data.json"},{"id":"ctry.it.20.321","address":"Moio della Civitella-Pellare, Campania, Italy","path":"earth/countries/it/20/321/data.json"},{"id":"ctry.it.20.322","address":"Molinara, Campania, Italy","path":"earth/countries/it/20/322/data.json"},{"id":"ctry.it.20.323","address":"Mondragone, Campania, Italy","path":"earth/countries/it/20/323/data.json"},{"id":"ctry.it.20.324","address":"Montaguto, Campania, Italy","path":"earth/countries/it/20/324/data.json"},{"id":"ctry.it.20.325","address":"Montano Antilia, Campania, Italy","path":"earth/countries/it/20/325/data.json"},{"id":"ctry.it.20.326","address":"Monte di Procida, Campania, Italy","path":"earth/countries/it/20/326/data.json"},{"id":"ctry.it.20.327","address":"Monte San Giacomo, Campania, Italy","path":"earth/countries/it/20/327/data.json"},{"id":"ctry.it.20.328","address":"Montecalvario, Campania, Italy","path":"earth/countries/it/20/328/data.json"},{"id":"ctry.it.20.329","address":"Montecalvo Irpino, Campania, Italy","path":"earth/countries/it/20/329/data.json"},{"id":"ctry.it.20.330","address":"Montecorice, Campania, Italy","path":"earth/countries/it/20/330/data.json"},{"id":"ctry.it.20.331","address":"Montecorvino Pugliano, Campania, Italy","path":"earth/countries/it/20/331/data.json"},{"id":"ctry.it.20.332","address":"Montecorvino Rovella, Campania, Italy","path":"earth/countries/it/20/332/data.json"},{"id":"ctry.it.20.333","address":"Montedecoro, Campania, Italy","path":"earth/countries/it/20/333/data.json"},{"id":"ctry.it.20.334","address":"Montefalcione, Campania, Italy","path":"earth/countries/it/20/334/data.json"},{"id":"ctry.it.20.335","address":"Montefalcone di Val Fortore, Campania, Italy","path":"earth/countries/it/20/335/data.json"},{"id":"ctry.it.20.336","address":"Monteforte Cilento, Campania, Italy","path":"earth/countries/it/20/336/data.json"},{"id":"ctry.it.20.337","address":"Monteforte Irpino, Campania, Italy","path":"earth/countries/it/20/337/data.json"},{"id":"ctry.it.20.338","address":"Montefredane, Campania, Italy","path":"earth/countries/it/20/338/data.json"},{"id":"ctry.it.20.339","address":"Montefusco, Campania, Italy","path":"earth/countries/it/20/339/data.json"},{"id":"ctry.it.20.340","address":"Montella, Campania, Italy","path":"earth/countries/it/20/340/data.json"},{"id":"ctry.it.20.341","address":"Montemarano, Campania, Italy","path":"earth/countries/it/20/341/data.json"},{"id":"ctry.it.20.342","address":"Montemiletto, Campania, Italy","path":"earth/countries/it/20/342/data.json"},{"id":"ctry.it.20.343","address":"Monterusciello, Campania, Italy","path":"earth/countries/it/20/343/data.json"},{"id":"ctry.it.20.344","address":"Montesano sulla Marcellana, Campania, Italy","path":"earth/countries/it/20/344/data.json"},{"id":"ctry.it.20.345","address":"Montesarchio, Campania, Italy","path":"earth/countries/it/20/345/data.json"},{"id":"ctry.it.20.346","address":"Monteverde, Campania, Italy","path":"earth/countries/it/20/346/data.json"},{"id":"ctry.it.20.347","address":"Monticelli, Campania, Italy","path":"earth/countries/it/20/347/data.json"},{"id":"ctry.it.20.348","address":"Montoro Superiore, Campania, Italy","path":"earth/countries/it/20/348/data.json"},{"id":"ctry.it.20.349","address":"Morcone, Campania, Italy","path":"earth/countries/it/20/349/data.json"},{"id":"ctry.it.20.350","address":"Morigerati, Campania, Italy","path":"earth/countries/it/20/350/data.json"},{"id":"ctry.it.20.351","address":"Morra de Sanctis, Campania, Italy","path":"earth/countries/it/20/351/data.json"},{"id":"ctry.it.20.352","address":"Moschiano, Campania, Italy","path":"earth/countries/it/20/352/data.json"},{"id":"ctry.it.20.353","address":"Mugnano del Cardinale, Campania, Italy","path":"earth/countries/it/20/353/data.json"},{"id":"ctry.it.20.354","address":"Mugnano di Napoli, Campania, Italy","path":"earth/countries/it/20/354/data.json"},{"id":"ctry.it.20.355","address":"Musci, Campania, Italy","path":"earth/countries/it/20/355/data.json"},{"id":"ctry.it.20.356","address":"Naples, Campania, Italy","path":"earth/countries/it/20/356/data.json"},{"id":"ctry.it.20.357","address":"Napoli, Campania, Italy","path":"earth/countries/it/20/357/data.json"},{"id":"ctry.it.20.358","address":"Nocelleto, Campania, Italy","path":"earth/countries/it/20/358/data.json"},{"id":"ctry.it.20.359","address":"Nocera Inferiore, Campania, Italy","path":"earth/countries/it/20/359/data.json"},{"id":"ctry.it.20.360","address":"Nocera Superiore, Campania, Italy","path":"earth/countries/it/20/360/data.json"},{"id":"ctry.it.20.361","address":"Nola, Campania, Italy","path":"earth/countries/it/20/361/data.json"},{"id":"ctry.it.20.362","address":"Novi Velia, Campania, Italy","path":"earth/countries/it/20/362/data.json"},{"id":"ctry.it.20.363","address":"Nuova Conza della Campania, Campania, Italy","path":"earth/countries/it/20/363/data.json"},{"id":"ctry.it.20.364","address":"Nusco, Campania, Italy","path":"earth/countries/it/20/364/data.json"},{"id":"ctry.it.20.365","address":"Ogliastro Cilento, Campania, Italy","path":"earth/countries/it/20/365/data.json"},{"id":"ctry.it.20.366","address":"Olevano sul Tusciano, Campania, Italy","path":"earth/countries/it/20/366/data.json"},{"id":"ctry.it.20.367","address":"Oliveto Citra, Campania, Italy","path":"earth/countries/it/20/367/data.json"},{"id":"ctry.it.20.368","address":"Omignano, Campania, Italy","path":"earth/countries/it/20/368/data.json"},{"id":"ctry.it.20.369","address":"Orria, Campania, Italy","path":"earth/countries/it/20/369/data.json"},{"id":"ctry.it.20.370","address":"Orta di Atella, Campania, Italy","path":"earth/countries/it/20/370/data.json"},{"id":"ctry.it.20.371","address":"Ospedaletto d'Alpinolo, Campania, Italy","path":"earth/countries/it/20/371/data.json"},{"id":"ctry.it.20.372","address":"Ottati, Campania, Italy","path":"earth/countries/it/20/372/data.json"},{"id":"ctry.it.20.373","address":"Ottaviano, Campania, Italy","path":"earth/countries/it/20/373/data.json"},{"id":"ctry.it.20.374","address":"Padula, Campania, Italy","path":"earth/countries/it/20/374/data.json"},{"id":"ctry.it.20.375","address":"Paduli, Campania, Italy","path":"earth/countries/it/20/375/data.json"},{"id":"ctry.it.20.376","address":"Pagani, Campania, Italy","path":"earth/countries/it/20/376/data.json"},{"id":"ctry.it.20.377","address":"Pagliarone, Campania, Italy","path":"earth/countries/it/20/377/data.json"},{"id":"ctry.it.20.378","address":"Pago del Vallo di Lauro, Campania, Italy","path":"earth/countries/it/20/378/data.json"},{"id":"ctry.it.20.379","address":"Pago Veiano, Campania, Italy","path":"earth/countries/it/20/379/data.json"},{"id":"ctry.it.20.380","address":"Palinuro, Campania, Italy","path":"earth/countries/it/20/380/data.json"},{"id":"ctry.it.20.381","address":"Palma Campania, Campania, Italy","path":"earth/countries/it/20/381/data.json"},{"id":"ctry.it.20.382","address":"Palomonte, Campania, Italy","path":"earth/countries/it/20/382/data.json"},{"id":"ctry.it.20.383","address":"Pannarano, Campania, Italy","path":"earth/countries/it/20/383/data.json"},{"id":"ctry.it.20.384","address":"Paolisi, Campania, Italy","path":"earth/countries/it/20/384/data.json"},{"id":"ctry.it.20.385","address":"Parete, Campania, Italy","path":"earth/countries/it/20/385/data.json"},{"id":"ctry.it.20.386","address":"Parolise, Campania, Italy","path":"earth/countries/it/20/386/data.json"},{"id":"ctry.it.20.387","address":"Pascarola, Campania, Italy","path":"earth/countries/it/20/387/data.json"},{"id":"ctry.it.20.388","address":"Passo di Mirabella-Pianopantano, Campania, Italy","path":"earth/countries/it/20/388/data.json"},{"id":"ctry.it.20.389","address":"Pastorano, Campania, Italy","path":"earth/countries/it/20/389/data.json"},{"id":"ctry.it.20.390","address":"Paternopoli, Campania, Italy","path":"earth/countries/it/20/390/data.json"},{"id":"ctry.it.20.391","address":"Paupisi, Campania, Italy","path":"earth/countries/it/20/391/data.json"},{"id":"ctry.it.20.392","address":"Pellezzano, Campania, Italy","path":"earth/countries/it/20/392/data.json"},{"id":"ctry.it.20.393","address":"Pendino, Campania, Italy","path":"earth/countries/it/20/393/data.json"},{"id":"ctry.it.20.394","address":"Perdifumo, Campania, Italy","path":"earth/countries/it/20/394/data.json"},{"id":"ctry.it.20.395","address":"Perito, Campania, Italy","path":"earth/countries/it/20/395/data.json"},{"id":"ctry.it.20.396","address":"Pertosa, Campania, Italy","path":"earth/countries/it/20/396/data.json"},{"id":"ctry.it.20.397","address":"Pesco Sannita, Campania, Italy","path":"earth/countries/it/20/397/data.json"},{"id":"ctry.it.20.398","address":"Petina, Campania, Italy","path":"earth/countries/it/20/398/data.json"},{"id":"ctry.it.20.399","address":"Petruro Irpino, Campania, Italy","path":"earth/countries/it/20/399/data.json"},{"id":"ctry.it.20.400","address":"Pezzano-Filetta, Campania, Italy","path":"earth/countries/it/20/400/data.json"},{"id":"ctry.it.20.401","address":"Piaggine, Campania, Italy","path":"earth/countries/it/20/401/data.json"},{"id":"ctry.it.20.402","address":"Piana di Monte Verna, Campania, Italy","path":"earth/countries/it/20/402/data.json"},{"id":"ctry.it.20.403","address":"Pianillo, Campania, Italy","path":"earth/countries/it/20/403/data.json"},{"id":"ctry.it.20.404","address":"Piano, Campania, Italy","path":"earth/countries/it/20/404/data.json"},{"id":"ctry.it.20.405","address":"Piano di Sorrento, Campania, Italy","path":"earth/countries/it/20/405/data.json"},{"id":"ctry.it.20.406","address":"Pianura, Campania, Italy","path":"earth/countries/it/20/406/data.json"},{"id":"ctry.it.20.407","address":"Piazza del Galdo-Sant'Angelo, Campania, Italy","path":"earth/countries/it/20/407/data.json"},{"id":"ctry.it.20.408","address":"Piazza di Pandola, Campania, Italy","path":"earth/countries/it/20/408/data.json"},{"id":"ctry.it.20.409","address":"Piazza Roma, Campania, Italy","path":"earth/countries/it/20/409/data.json"},{"id":"ctry.it.20.410","address":"Piazza-Tralia-Pendolo, Campania, Italy","path":"earth/countries/it/20/410/data.json"},{"id":"ctry.it.20.411","address":"Piazzola, Campania, Italy","path":"earth/countries/it/20/411/data.json"},{"id":"ctry.it.20.412","address":"Piazzolla, Campania, Italy","path":"earth/countries/it/20/412/data.json"},{"id":"ctry.it.20.413","address":"Piedimonte, Campania, Italy","path":"earth/countries/it/20/413/data.json"},{"id":"ctry.it.20.414","address":"Piedimonte Matese, Campania, Italy","path":"earth/countries/it/20/414/data.json"},{"id":"ctry.it.20.415","address":"Piegolelle-San Bartolomeo, Campania, Italy","path":"earth/countries/it/20/415/data.json"},{"id":"ctry.it.20.416","address":"Pietradefusi, Campania, Italy","path":"earth/countries/it/20/416/data.json"},{"id":"ctry.it.20.417","address":"Pietramelara, Campania, Italy","path":"earth/countries/it/20/417/data.json"},{"id":"ctry.it.20.418","address":"Pietraroja, Campania, Italy","path":"earth/countries/it/20/418/data.json"},{"id":"ctry.it.20.419","address":"Pietrastornina, Campania, Italy","path":"earth/countries/it/20/419/data.json"},{"id":"ctry.it.20.420","address":"Pietravairano, Campania, Italy","path":"earth/countries/it/20/420/data.json"},{"id":"ctry.it.20.421","address":"Pietre, Campania, Italy","path":"earth/countries/it/20/421/data.json"},{"id":"ctry.it.20.422","address":"Pietrelcina, Campania, Italy","path":"earth/countries/it/20/422/data.json"},{"id":"ctry.it.20.423","address":"Pignataro Maggiore, Campania, Italy","path":"earth/countries/it/20/423/data.json"},{"id":"ctry.it.20.424","address":"Pimonte, Campania, Italy","path":"earth/countries/it/20/424/data.json"},{"id":"ctry.it.20.425","address":"Piscinola, Campania, Italy","path":"earth/countries/it/20/425/data.json"},{"id":"ctry.it.20.426","address":"Pisciotta, Campania, Italy","path":"earth/countries/it/20/426/data.json"},{"id":"ctry.it.20.427","address":"Poggiomarino, Campania, Italy","path":"earth/countries/it/20/427/data.json"},{"id":"ctry.it.20.428","address":"Poggioreale, Campania, Italy","path":"earth/countries/it/20/428/data.json"},{"id":"ctry.it.20.429","address":"Policastro Bussentino, Campania, Italy","path":"earth/countries/it/20/429/data.json"},{"id":"ctry.it.20.430","address":"Polla, Campania, Italy","path":"earth/countries/it/20/430/data.json"},{"id":"ctry.it.20.431","address":"Pollena Trocchia, Campania, Italy","path":"earth/countries/it/20/431/data.json"},{"id":"ctry.it.20.432","address":"Pollica, Campania, Italy","path":"earth/countries/it/20/432/data.json"},{"id":"ctry.it.20.433","address":"Polvica, Campania, Italy","path":"earth/countries/it/20/433/data.json"},{"id":"ctry.it.20.434","address":"Pomigliano d'Arco, Campania, Italy","path":"earth/countries/it/20/434/data.json"},{"id":"ctry.it.20.435","address":"Pompei, Campania, Italy","path":"earth/countries/it/20/435/data.json"},{"id":"ctry.it.20.436","address":"Ponte, Campania, Italy","path":"earth/countries/it/20/436/data.json"},{"id":"ctry.it.20.437","address":"Pontecagnano, Campania, Italy","path":"earth/countries/it/20/437/data.json"},{"id":"ctry.it.20.438","address":"Pontelandolfo, Campania, Italy","path":"earth/countries/it/20/438/data.json"},{"id":"ctry.it.20.439","address":"Pontelatone, Campania, Italy","path":"earth/countries/it/20/439/data.json"},{"id":"ctry.it.20.440","address":"Ponticelli, Campania, Italy","path":"earth/countries/it/20/440/data.json"},{"id":"ctry.it.20.441","address":"Portici, Campania, Italy","path":"earth/countries/it/20/441/data.json"},{"id":"ctry.it.20.442","address":"Portico di Caserta, Campania, Italy","path":"earth/countries/it/20/442/data.json"},{"id":"ctry.it.20.443","address":"Porto, Campania, Italy","path":"earth/countries/it/20/443/data.json"},{"id":"ctry.it.20.444","address":"Posillipo, Campania, Italy","path":"earth/countries/it/20/444/data.json"},{"id":"ctry.it.20.445","address":"Positano, Campania, Italy","path":"earth/countries/it/20/445/data.json"},{"id":"ctry.it.20.446","address":"Postiglione, Campania, Italy","path":"earth/countries/it/20/446/data.json"},{"id":"ctry.it.20.447","address":"Pozzillo, Campania, Italy","path":"earth/countries/it/20/447/data.json"},{"id":"ctry.it.20.448","address":"Pozzuoli, Campania, Italy","path":"earth/countries/it/20/448/data.json"},{"id":"ctry.it.20.449","address":"Praiano, Campania, Italy","path":"earth/countries/it/20/449/data.json"},{"id":"ctry.it.20.450","address":"Prata di Principato Ultra, Campania, Italy","path":"earth/countries/it/20/450/data.json"},{"id":"ctry.it.20.451","address":"Prata Sannita Centro, Campania, Italy","path":"earth/countries/it/20/451/data.json"},{"id":"ctry.it.20.452","address":"Pratella, Campania, Italy","path":"earth/countries/it/20/452/data.json"},{"id":"ctry.it.20.453","address":"Prato Perillo, Campania, Italy","path":"earth/countries/it/20/453/data.json"},{"id":"ctry.it.20.454","address":"Pratola Serra, Campania, Italy","path":"earth/countries/it/20/454/data.json"},{"id":"ctry.it.20.455","address":"Pratole, Campania, Italy","path":"earth/countries/it/20/455/data.json"},{"id":"ctry.it.20.456","address":"Prepezzano, Campania, Italy","path":"earth/countries/it/20/456/data.json"},{"id":"ctry.it.20.457","address":"Presenzano, Campania, Italy","path":"earth/countries/it/20/457/data.json"},{"id":"ctry.it.20.458","address":"Prignano Cilento, Campania, Italy","path":"earth/countries/it/20/458/data.json"},{"id":"ctry.it.20.459","address":"Procida, Campania, Italy","path":"earth/countries/it/20/459/data.json"},{"id":"ctry.it.20.460","address":"Provincia di Avellino, Campania, Italy","path":"earth/countries/it/20/460/data.json"},{"id":"ctry.it.20.461","address":"Provincia di Benevento, Campania, Italy","path":"earth/countries/it/20/461/data.json"},{"id":"ctry.it.20.462","address":"Provincia di Caserta, Campania, Italy","path":"earth/countries/it/20/462/data.json"},{"id":"ctry.it.20.463","address":"Provincia di Salerno, Campania, Italy","path":"earth/countries/it/20/463/data.json"},{"id":"ctry.it.20.464","address":"Puglianello, Campania, Italy","path":"earth/countries/it/20/464/data.json"},{"id":"ctry.it.20.465","address":"Pugliano, Campania, Italy","path":"earth/countries/it/20/465/data.json"},{"id":"ctry.it.20.466","address":"Quadrelle, Campania, Italy","path":"earth/countries/it/20/466/data.json"},{"id":"ctry.it.20.467","address":"Quadrivio, Campania, Italy","path":"earth/countries/it/20/467/data.json"},{"id":"ctry.it.20.468","address":"Qualiano, Campania, Italy","path":"earth/countries/it/20/468/data.json"},{"id":"ctry.it.20.469","address":"Quarto, Campania, Italy","path":"earth/countries/it/20/469/data.json"},{"id":"ctry.it.20.470","address":"Quindici, Campania, Italy","path":"earth/countries/it/20/470/data.json"},{"id":"ctry.it.20.471","address":"Ravello, Campania, Italy","path":"earth/countries/it/20/471/data.json"},{"id":"ctry.it.20.472","address":"Raviscanina, Campania, Italy","path":"earth/countries/it/20/472/data.json"},{"id":"ctry.it.20.473","address":"Recale, Campania, Italy","path":"earth/countries/it/20/473/data.json"},{"id":"ctry.it.20.474","address":"Reino, Campania, Italy","path":"earth/countries/it/20/474/data.json"},{"id":"ctry.it.20.475","address":"Rettifilo-Vannullo, Campania, Italy","path":"earth/countries/it/20/475/data.json"},{"id":"ctry.it.20.476","address":"Riardo, Campania, Italy","path":"earth/countries/it/20/476/data.json"},{"id":"ctry.it.20.477","address":"Ricigliano, Campania, Italy","path":"earth/countries/it/20/477/data.json"},{"id":"ctry.it.20.478","address":"Rocca San Felice, Campania, Italy","path":"earth/countries/it/20/478/data.json"},{"id":"ctry.it.20.479","address":"Roccabascerana, Campania, Italy","path":"earth/countries/it/20/479/data.json"},{"id":"ctry.it.20.480","address":"Roccadaspide, Campania, Italy","path":"earth/countries/it/20/480/data.json"},{"id":"ctry.it.20.481","address":"Roccagloriosa, Campania, Italy","path":"earth/countries/it/20/481/data.json"},{"id":"ctry.it.20.482","address":"Roccamonfina, Campania, Italy","path":"earth/countries/it/20/482/data.json"},{"id":"ctry.it.20.483","address":"Roccapiemonte, Campania, Italy","path":"earth/countries/it/20/483/data.json"},{"id":"ctry.it.20.484","address":"Roccarainola, Campania, Italy","path":"earth/countries/it/20/484/data.json"},{"id":"ctry.it.20.485","address":"Roccaromana, Campania, Italy","path":"earth/countries/it/20/485/data.json"},{"id":"ctry.it.20.486","address":"Rocchetta, Campania, Italy","path":"earth/countries/it/20/486/data.json"},{"id":"ctry.it.20.487","address":"Rofrano, Campania, Italy","path":"earth/countries/it/20/487/data.json"},{"id":"ctry.it.20.488","address":"Roscigno, Campania, Italy","path":"earth/countries/it/20/488/data.json"},{"id":"ctry.it.20.489","address":"Rotondi, Campania, Italy","path":"earth/countries/it/20/489/data.json"},{"id":"ctry.it.20.490","address":"Rutino, Campania, Italy","path":"earth/countries/it/20/490/data.json"},{"id":"ctry.it.20.491","address":"Ruviano, Campania, Italy","path":"earth/countries/it/20/491/data.json"},{"id":"ctry.it.20.492","address":"Sacco, Campania, Italy","path":"earth/countries/it/20/492/data.json"},{"id":"ctry.it.20.493","address":"Sala, Campania, Italy","path":"earth/countries/it/20/493/data.json"},{"id":"ctry.it.20.494","address":"Sala Consilina, Campania, Italy","path":"earth/countries/it/20/494/data.json"},{"id":"ctry.it.20.495","address":"Salento, Campania, Italy","path":"earth/countries/it/20/495/data.json"},{"id":"ctry.it.20.496","address":"Salerno, Campania, Italy","path":"earth/countries/it/20/496/data.json"},{"id":"ctry.it.20.497","address":"Salitto-Valle, Campania, Italy","path":"earth/countries/it/20/497/data.json"},{"id":"ctry.it.20.498","address":"Salvitelle, Campania, Italy","path":"earth/countries/it/20/498/data.json"},{"id":"ctry.it.20.499","address":"Salza Irpina, Campania, Italy","path":"earth/countries/it/20/499/data.json"},{"id":"ctry.it.20.500","address":"San Bartolomeo in Galdo, Campania, Italy","path":"earth/countries/it/20/500/data.json"},{"id":"ctry.it.20.501","address":"San Carlo All'Arena, Campania, Italy","path":"earth/countries/it/20/501/data.json"},{"id":"ctry.it.20.502","address":"San Castrese, Campania, Italy","path":"earth/countries/it/20/502/data.json"},{"id":"ctry.it.20.503","address":"San Cipriano d'Aversa, Campania, Italy","path":"earth/countries/it/20/503/data.json"},{"id":"ctry.it.20.504","address":"San Cipriano Picentino, Campania, Italy","path":"earth/countries/it/20/504/data.json"},{"id":"ctry.it.20.505","address":"San Clemente, Campania, Italy","path":"earth/countries/it/20/505/data.json"},{"id":"ctry.it.20.506","address":"San Felice A Cancello, Campania, Italy","path":"earth/countries/it/20/506/data.json"},{"id":"ctry.it.20.507","address":"San Ferdinando, Campania, Italy","path":"earth/countries/it/20/507/data.json"},{"id":"ctry.it.20.508","address":"San Gennaro Vesuviano, Campania, Italy","path":"earth/countries/it/20/508/data.json"},{"id":"ctry.it.20.509","address":"San Giorgio, Campania, Italy","path":"earth/countries/it/20/509/data.json"},{"id":"ctry.it.20.510","address":"San Giorgio a Cremano, Campania, Italy","path":"earth/countries/it/20/510/data.json"},{"id":"ctry.it.20.511","address":"San Giorgio del Sannio, Campania, Italy","path":"earth/countries/it/20/511/data.json"},{"id":"ctry.it.20.512","address":"San Giorgio la Molara, Campania, Italy","path":"earth/countries/it/20/512/data.json"},{"id":"ctry.it.20.513","address":"San Giovanni A Piro, Campania, Italy","path":"earth/countries/it/20/513/data.json"},{"id":"ctry.it.20.514","address":"San Giovanni a Teduccio, Campania, Italy","path":"earth/countries/it/20/514/data.json"},{"id":"ctry.it.20.515","address":"San Giuseppe, Campania, Italy","path":"earth/countries/it/20/515/data.json"},{"id":"ctry.it.20.516","address":"San Giuseppe Vesuviano, Campania, Italy","path":"earth/countries/it/20/516/data.json"},{"id":"ctry.it.20.517","address":"San Gregorio Magno, Campania, Italy","path":"earth/countries/it/20/517/data.json"},{"id":"ctry.it.20.518","address":"San Gregorio Matese, Campania, Italy","path":"earth/countries/it/20/518/data.json"},{"id":"ctry.it.20.519","address":"San Leucio del Sannio-Cavuoti, Campania, Italy","path":"earth/countries/it/20/519/data.json"},{"id":"ctry.it.20.520","address":"San Lorenzello, Campania, Italy","path":"earth/countries/it/20/520/data.json"},{"id":"ctry.it.20.521","address":"San Lorenzo, Campania, Italy","path":"earth/countries/it/20/521/data.json"},{"id":"ctry.it.20.522","address":"San Lorenzo Maggiore, Campania, Italy","path":"earth/countries/it/20/522/data.json"},{"id":"ctry.it.20.523","address":"San Lupo, Campania, Italy","path":"earth/countries/it/20/523/data.json"},{"id":"ctry.it.20.524","address":"San Mango Piemonte, Campania, Italy","path":"earth/countries/it/20/524/data.json"},{"id":"ctry.it.20.525","address":"San Mango sul Calore, Campania, Italy","path":"earth/countries/it/20/525/data.json"},{"id":"ctry.it.20.526","address":"San Marcellino, Campania, Italy","path":"earth/countries/it/20/526/data.json"},{"id":"ctry.it.20.527","address":"San Marco, Campania, Italy","path":"earth/countries/it/20/527/data.json"},{"id":"ctry.it.20.528","address":"San Marco dei Cavoti, Campania, Italy","path":"earth/countries/it/20/528/data.json"},{"id":"ctry.it.20.529","address":"San Marco Evangelista, Campania, Italy","path":"earth/countries/it/20/529/data.json"},{"id":"ctry.it.20.530","address":"San Martino Sannita, Campania, Italy","path":"earth/countries/it/20/530/data.json"},{"id":"ctry.it.20.531","address":"San Martino Valle Caudina, Campania, Italy","path":"earth/countries/it/20/531/data.json"},{"id":"ctry.it.20.532","address":"San Marzano sul Sarno, Campania, Italy","path":"earth/countries/it/20/532/data.json"},{"id":"ctry.it.20.533","address":"San Mauro Cilento, Campania, Italy","path":"earth/countries/it/20/533/data.json"},{"id":"ctry.it.20.534","address":"San Mauro la Bruca, Campania, Italy","path":"earth/countries/it/20/534/data.json"},{"id":"ctry.it.20.535","address":"San Michele, Campania, Italy","path":"earth/countries/it/20/535/data.json"},{"id":"ctry.it.20.536","address":"San Michele di Serino, Campania, Italy","path":"earth/countries/it/20/536/data.json"},{"id":"ctry.it.20.537","address":"San Nazzaro, Campania, Italy","path":"earth/countries/it/20/537/data.json"},{"id":"ctry.it.20.538","address":"San Nicola Baronia, Campania, Italy","path":"earth/countries/it/20/538/data.json"},{"id":"ctry.it.20.539","address":"San Nicola la Strada, Campania, Italy","path":"earth/countries/it/20/539/data.json"},{"id":"ctry.it.20.540","address":"San Nicola Manfredi, Campania, Italy","path":"earth/countries/it/20/540/data.json"},{"id":"ctry.it.20.541","address":"San Paolo Bel Sito, Campania, Italy","path":"earth/countries/it/20/541/data.json"},{"id":"ctry.it.20.542","address":"San Pietro, Campania, Italy","path":"earth/countries/it/20/542/data.json"},{"id":"ctry.it.20.543","address":"San Pietro a Patierno, Campania, Italy","path":"earth/countries/it/20/543/data.json"},{"id":"ctry.it.20.544","address":"San Pietro al Tanagro, Campania, Italy","path":"earth/countries/it/20/544/data.json"},{"id":"ctry.it.20.545","address":"San Pietro Infine, Campania, Italy","path":"earth/countries/it/20/545/data.json"},{"id":"ctry.it.20.546","address":"San Potito Sannitico, Campania, Italy","path":"earth/countries/it/20/546/data.json"},{"id":"ctry.it.20.547","address":"San Potito Ultra, Campania, Italy","path":"earth/countries/it/20/547/data.json"},{"id":"ctry.it.20.548","address":"San Prisco, Campania, Italy","path":"earth/countries/it/20/548/data.json"},{"id":"ctry.it.20.549","address":"San Rufo, Campania, Italy","path":"earth/countries/it/20/549/data.json"},{"id":"ctry.it.20.550","address":"San Salvatore Telesino, Campania, Italy","path":"earth/countries/it/20/550/data.json"},{"id":"ctry.it.20.551","address":"San Sebastiano al Vesuvio, Campania, Italy","path":"earth/countries/it/20/551/data.json"},{"id":"ctry.it.20.552","address":"San Sossio Baronia, Campania, Italy","path":"earth/countries/it/20/552/data.json"},{"id":"ctry.it.20.553","address":"San Tammaro, Campania, Italy","path":"earth/countries/it/20/553/data.json"},{"id":"ctry.it.20.554","address":"San Valentino Torio, Campania, Italy","path":"earth/countries/it/20/554/data.json"},{"id":"ctry.it.20.555","address":"San Vitaliano, Campania, Italy","path":"earth/countries/it/20/555/data.json"},{"id":"ctry.it.20.556","address":"Sant'Agata de'Goti, Campania, Italy","path":"earth/countries/it/20/556/data.json"},{"id":"ctry.it.20.557","address":"Sant'Agata sui Due Golfi, Campania, Italy","path":"earth/countries/it/20/557/data.json"},{"id":"ctry.it.20.558","address":"Sant'Agnello, Campania, Italy","path":"earth/countries/it/20/558/data.json"},{"id":"ctry.it.20.559","address":"Sant'Anastasia, Campania, Italy","path":"earth/countries/it/20/559/data.json"},{"id":"ctry.it.20.560","address":"Sant'Andrea di Conza, Campania, Italy","path":"earth/countries/it/20/560/data.json"},{"id":"ctry.it.20.561","address":"Sant'Andrea-Pizzone-Ciamprisco, Campania, Italy","path":"earth/countries/it/20/561/data.json"},{"id":"ctry.it.20.562","address":"Sant'Angelo, Campania, Italy","path":"earth/countries/it/20/562/data.json"},{"id":"ctry.it.20.563","address":"Sant'Angelo A Cupolo, Campania, Italy","path":"earth/countries/it/20/563/data.json"},{"id":"ctry.it.20.564","address":"Sant'Angelo A Fasanella, Campania, Italy","path":"earth/countries/it/20/564/data.json"},{"id":"ctry.it.20.565","address":"Sant'Angelo A Scala, Campania, Italy","path":"earth/countries/it/20/565/data.json"},{"id":"ctry.it.20.566","address":"Sant'Angelo All'Esca, Campania, Italy","path":"earth/countries/it/20/566/data.json"},{"id":"ctry.it.20.567","address":"Sant'Angelo d'Alife, Campania, Italy","path":"earth/countries/it/20/567/data.json"},{"id":"ctry.it.20.568","address":"Sant'Angelo dei Lombardi, Campania, Italy","path":"earth/countries/it/20/568/data.json"},{"id":"ctry.it.20.569","address":"Sant'Angelo in Formis, Campania, Italy","path":"earth/countries/it/20/569/data.json"},{"id":"ctry.it.20.570","address":"Sant'Antimo, Campania, Italy","path":"earth/countries/it/20/570/data.json"},{"id":"ctry.it.20.571","address":"Sant'Antonio, Campania, Italy","path":"earth/countries/it/20/571/data.json"},{"id":"ctry.it.20.572","address":"Sant'Antonio Abate, Campania, Italy","path":"earth/countries/it/20/572/data.json"},{"id":"ctry.it.20.573","address":"Sant'Arcangelo Trimonte, Campania, Italy","path":"earth/countries/it/20/573/data.json"},{"id":"ctry.it.20.574","address":"Sant'Arpino, Campania, Italy","path":"earth/countries/it/20/574/data.json"},{"id":"ctry.it.20.575","address":"Sant'Arsenio, Campania, Italy","path":"earth/countries/it/20/575/data.json"},{"id":"ctry.it.20.576","address":"Sant'Egidio del Monte Albino, Campania, Italy","path":"earth/countries/it/20/576/data.json"},{"id":"ctry.it.20.577","address":"Sant'Elena Irpina, Campania, Italy","path":"earth/countries/it/20/577/data.json"},{"id":"ctry.it.20.578","address":"Santa Croce del Sannio, Campania, Italy","path":"earth/countries/it/20/578/data.json"},{"id":"ctry.it.20.579","address":"Santa Lucia, Campania, Italy","path":"earth/countries/it/20/579/data.json"},{"id":"ctry.it.20.580","address":"Santa Lucia di Serino, Campania, Italy","path":"earth/countries/it/20/580/data.json"},{"id":"ctry.it.20.581","address":"Santa Maria, Campania, Italy","path":"earth/countries/it/20/581/data.json"},{"id":"ctry.it.20.582","address":"Santa Maria A Vico, Campania, Italy","path":"earth/countries/it/20/582/data.json"},{"id":"ctry.it.20.583","address":"Santa Maria Capua Vetere, Campania, Italy","path":"earth/countries/it/20/583/data.json"},{"id":"ctry.it.20.584","address":"Santa Maria La Carità, Campania, Italy","path":"earth/countries/it/20/584/data.json"},{"id":"ctry.it.20.585","address":"Santa Maria la Fossa, Campania, Italy","path":"earth/countries/it/20/585/data.json"},{"id":"ctry.it.20.586","address":"Santa Marina, Campania, Italy","path":"earth/countries/it/20/586/data.json"},{"id":"ctry.it.20.587","address":"Santa Paolina, Campania, Italy","path":"earth/countries/it/20/587/data.json"},{"id":"ctry.it.20.588","address":"Santa Tecla-Castelpagano, Campania, Italy","path":"earth/countries/it/20/588/data.json"},{"id":"ctry.it.20.589","address":"Santo Stefano del Sole, Campania, Italy","path":"earth/countries/it/20/589/data.json"},{"id":"ctry.it.20.590","address":"Santomenna, Campania, Italy","path":"earth/countries/it/20/590/data.json"},{"id":"ctry.it.20.591","address":"Sanza, Campania, Italy","path":"earth/countries/it/20/591/data.json"},{"id":"ctry.it.20.592","address":"Sapri, Campania, Italy","path":"earth/countries/it/20/592/data.json"},{"id":"ctry.it.20.593","address":"Sarno, Campania, Italy","path":"earth/countries/it/20/593/data.json"},{"id":"ctry.it.20.594","address":"Sassano, Campania, Italy","path":"earth/countries/it/20/594/data.json"},{"id":"ctry.it.20.595","address":"Sassinoro, Campania, Italy","path":"earth/countries/it/20/595/data.json"},{"id":"ctry.it.20.596","address":"Saviano, Campania, Italy","path":"earth/countries/it/20/596/data.json"},{"id":"ctry.it.20.597","address":"Savignano Irpino, Campania, Italy","path":"earth/countries/it/20/597/data.json"},{"id":"ctry.it.20.598","address":"Scafati, Campania, Italy","path":"earth/countries/it/20/598/data.json"},{"id":"ctry.it.20.599","address":"Scala, Campania, Italy","path":"earth/countries/it/20/599/data.json"},{"id":"ctry.it.20.600","address":"Scalo Romagnano al Monte, Campania, Italy","path":"earth/countries/it/20/600/data.json"},{"id":"ctry.it.20.601","address":"Scampia, Campania, Italy","path":"earth/countries/it/20/601/data.json"},{"id":"ctry.it.20.602","address":"Scampitella, Campania, Italy","path":"earth/countries/it/20/602/data.json"},{"id":"ctry.it.20.603","address":"Scario, Campania, Italy","path":"earth/countries/it/20/603/data.json"},{"id":"ctry.it.20.604","address":"Scisciano, Campania, Italy","path":"earth/countries/it/20/604/data.json"},{"id":"ctry.it.20.605","address":"Secondigliano, Campania, Italy","path":"earth/countries/it/20/605/data.json"},{"id":"ctry.it.20.606","address":"Senerchia, Campania, Italy","path":"earth/countries/it/20/606/data.json"},{"id":"ctry.it.20.607","address":"Serino, Campania, Italy","path":"earth/countries/it/20/607/data.json"},{"id":"ctry.it.20.608","address":"Serramezzana, Campania, Italy","path":"earth/countries/it/20/608/data.json"},{"id":"ctry.it.20.609","address":"Serrara Fontana, Campania, Italy","path":"earth/countries/it/20/609/data.json"},{"id":"ctry.it.20.610","address":"Serre, Campania, Italy","path":"earth/countries/it/20/610/data.json"},{"id":"ctry.it.20.611","address":"Sessa Aurunca, Campania, Italy","path":"earth/countries/it/20/611/data.json"},{"id":"ctry.it.20.612","address":"Sessa Cilento, Campania, Italy","path":"earth/countries/it/20/612/data.json"},{"id":"ctry.it.20.613","address":"Siano, Campania, Italy","path":"earth/countries/it/20/613/data.json"},{"id":"ctry.it.20.614","address":"Sicignano degli Alburni, Campania, Italy","path":"earth/countries/it/20/614/data.json"},{"id":"ctry.it.20.615","address":"Sirignano, Campania, Italy","path":"earth/countries/it/20/615/data.json"},{"id":"ctry.it.20.616","address":"Soccavo, Campania, Italy","path":"earth/countries/it/20/616/data.json"},{"id":"ctry.it.20.617","address":"Solofra, Campania, Italy","path":"earth/countries/it/20/617/data.json"},{"id":"ctry.it.20.618","address":"Solopaca, Campania, Italy","path":"earth/countries/it/20/618/data.json"},{"id":"ctry.it.20.619","address":"Somma Vesuviana, Campania, Italy","path":"earth/countries/it/20/619/data.json"},{"id":"ctry.it.20.620","address":"Sorbo Serpico, Campania, Italy","path":"earth/countries/it/20/620/data.json"},{"id":"ctry.it.20.621","address":"Sorrento, Campania, Italy","path":"earth/countries/it/20/621/data.json"},{"id":"ctry.it.20.622","address":"Sparanise, Campania, Italy","path":"earth/countries/it/20/622/data.json"},{"id":"ctry.it.20.623","address":"Spartimento, Campania, Italy","path":"earth/countries/it/20/623/data.json"},{"id":"ctry.it.20.624","address":"Sperone, Campania, Italy","path":"earth/countries/it/20/624/data.json"},{"id":"ctry.it.20.625","address":"Starza Vecchia, Campania, Italy","path":"earth/countries/it/20/625/data.json"},{"id":"ctry.it.20.626","address":"Stella, Campania, Italy","path":"earth/countries/it/20/626/data.json"},{"id":"ctry.it.20.627","address":"Stella Cilento, Campania, Italy","path":"earth/countries/it/20/627/data.json"},{"id":"ctry.it.20.628","address":"Stio, Campania, Italy","path":"earth/countries/it/20/628/data.json"},{"id":"ctry.it.20.629","address":"Striano, Campania, Italy","path":"earth/countries/it/20/629/data.json"},{"id":"ctry.it.20.630","address":"Sturno, Campania, Italy","path":"earth/countries/it/20/630/data.json"},{"id":"ctry.it.20.631","address":"Succivo, Campania, Italy","path":"earth/countries/it/20/631/data.json"},{"id":"ctry.it.20.632","address":"Summonte, Campania, Italy","path":"earth/countries/it/20/632/data.json"},{"id":"ctry.it.20.633","address":"Taurano, Campania, Italy","path":"earth/countries/it/20/633/data.json"},{"id":"ctry.it.20.634","address":"Taurasi, Campania, Italy","path":"earth/countries/it/20/634/data.json"},{"id":"ctry.it.20.635","address":"Teano, Campania, Italy","path":"earth/countries/it/20/635/data.json"},{"id":"ctry.it.20.636","address":"Teggiano-Macchiaroli, Campania, Italy","path":"earth/countries/it/20/636/data.json"},{"id":"ctry.it.20.637","address":"Telese, Campania, Italy","path":"earth/countries/it/20/637/data.json"},{"id":"ctry.it.20.638","address":"Teora, Campania, Italy","path":"earth/countries/it/20/638/data.json"},{"id":"ctry.it.20.639","address":"Terzigno, Campania, Italy","path":"earth/countries/it/20/639/data.json"},{"id":"ctry.it.20.640","address":"Teverola, Campania, Italy","path":"earth/countries/it/20/640/data.json"},{"id":"ctry.it.20.641","address":"Tocco Caudio, Campania, Italy","path":"earth/countries/it/20/641/data.json"},{"id":"ctry.it.20.642","address":"Tora, Campania, Italy","path":"earth/countries/it/20/642/data.json"},{"id":"ctry.it.20.643","address":"Torchiara, Campania, Italy","path":"earth/countries/it/20/643/data.json"},{"id":"ctry.it.20.644","address":"Torchiati, Campania, Italy","path":"earth/countries/it/20/644/data.json"},{"id":"ctry.it.20.645","address":"Torella dei Lombardi, Campania, Italy","path":"earth/countries/it/20/645/data.json"},{"id":"ctry.it.20.646","address":"Torelli-Torrette, Campania, Italy","path":"earth/countries/it/20/646/data.json"},{"id":"ctry.it.20.647","address":"Torraca, Campania, Italy","path":"earth/countries/it/20/647/data.json"},{"id":"ctry.it.20.648","address":"Torre Annunziata, Campania, Italy","path":"earth/countries/it/20/648/data.json"},{"id":"ctry.it.20.649","address":"Torre Caracciolo, Campania, Italy","path":"earth/countries/it/20/649/data.json"},{"id":"ctry.it.20.650","address":"Torre del Greco, Campania, Italy","path":"earth/countries/it/20/650/data.json"},{"id":"ctry.it.20.651","address":"Torre le Nocelle, Campania, Italy","path":"earth/countries/it/20/651/data.json"},{"id":"ctry.it.20.652","address":"Torre Orsaia, Campania, Italy","path":"earth/countries/it/20/652/data.json"},{"id":"ctry.it.20.653","address":"Torrecuso, Campania, Italy","path":"earth/countries/it/20/653/data.json"},{"id":"ctry.it.20.654","address":"Torretta-Scalzapecora, Campania, Italy","path":"earth/countries/it/20/654/data.json"},{"id":"ctry.it.20.655","address":"Torrioni, Campania, Italy","path":"earth/countries/it/20/655/data.json"},{"id":"ctry.it.20.656","address":"Tortorella, Campania, Italy","path":"earth/countries/it/20/656/data.json"},{"id":"ctry.it.20.657","address":"Tramonti, Campania, Italy","path":"earth/countries/it/20/657/data.json"},{"id":"ctry.it.20.658","address":"Trecase, Campania, Italy","path":"earth/countries/it/20/658/data.json"},{"id":"ctry.it.20.659","address":"Trentinara, Campania, Italy","path":"earth/countries/it/20/659/data.json"},{"id":"ctry.it.20.660","address":"Trentola-Ducenta, Campania, Italy","path":"earth/countries/it/20/660/data.json"},{"id":"ctry.it.20.661","address":"Trescine, Campania, Italy","path":"earth/countries/it/20/661/data.json"},{"id":"ctry.it.20.662","address":"Trevico, Campania, Italy","path":"earth/countries/it/20/662/data.json"},{"id":"ctry.it.20.663","address":"Tufino, Campania, Italy","path":"earth/countries/it/20/663/data.json"},{"id":"ctry.it.20.664","address":"Tufo, Campania, Italy","path":"earth/countries/it/20/664/data.json"},{"id":"ctry.it.20.665","address":"Vairano-Patenora, Campania, Italy","path":"earth/countries/it/20/665/data.json"},{"id":"ctry.it.20.666","address":"Vallata, Campania, Italy","path":"earth/countries/it/20/666/data.json"},{"id":"ctry.it.20.667","address":"Valle Agricola, Campania, Italy","path":"earth/countries/it/20/667/data.json"},{"id":"ctry.it.20.668","address":"Valle dell'Angelo, Campania, Italy","path":"earth/countries/it/20/668/data.json"},{"id":"ctry.it.20.669","address":"Valle di Maddaloni, Campania, Italy","path":"earth/countries/it/20/669/data.json"},{"id":"ctry.it.20.670","address":"Vallesaccarda, Campania, Italy","path":"earth/countries/it/20/670/data.json"},{"id":"ctry.it.20.671","address":"Vallo della Lucania, Campania, Italy","path":"earth/countries/it/20/671/data.json"},{"id":"ctry.it.20.672","address":"Valva, Campania, Italy","path":"earth/countries/it/20/672/data.json"},{"id":"ctry.it.20.673","address":"Venticano, Campania, Italy","path":"earth/countries/it/20/673/data.json"},{"id":"ctry.it.20.674","address":"Vibonati, Campania, Italy","path":"earth/countries/it/20/674/data.json"},{"id":"ctry.it.20.675","address":"Vicaria, Campania, Italy","path":"earth/countries/it/20/675/data.json"},{"id":"ctry.it.20.676","address":"Vico Equense, Campania, Italy","path":"earth/countries/it/20/676/data.json"},{"id":"ctry.it.20.677","address":"Vietri sul Mare, Campania, Italy","path":"earth/countries/it/20/677/data.json"},{"id":"ctry.it.20.678","address":"Villa di Briano, Campania, Italy","path":"earth/countries/it/20/678/data.json"},{"id":"ctry.it.20.679","address":"Villa Literno, Campania, Italy","path":"earth/countries/it/20/679/data.json"},{"id":"ctry.it.20.680","address":"Villamaina, Campania, Italy","path":"earth/countries/it/20/680/data.json"},{"id":"ctry.it.20.681","address":"Villammare, Campania, Italy","path":"earth/countries/it/20/681/data.json"},{"id":"ctry.it.20.682","address":"Villanova del Battista, Campania, Italy","path":"earth/countries/it/20/682/data.json"},{"id":"ctry.it.20.683","address":"Villaricca, Campania, Italy","path":"earth/countries/it/20/683/data.json"},{"id":"ctry.it.20.684","address":"Visciano, Campania, Italy","path":"earth/countries/it/20/684/data.json"},{"id":"ctry.it.20.685","address":"Vitulano, Campania, Italy","path":"earth/countries/it/20/685/data.json"},{"id":"ctry.it.20.686","address":"Vitulazio, Campania, Italy","path":"earth/countries/it/20/686/data.json"},{"id":"ctry.it.20.687","address":"Volla, Campania, Italy","path":"earth/countries/it/20/687/data.json"},{"id":"ctry.it.20.688","address":"Volturara Irpina, Campania, Italy","path":"earth/countries/it/20/688/data.json"},{"id":"ctry.it.20.689","address":"Vomero, Campania, Italy","path":"earth/countries/it/20/689/data.json"},{"id":"ctry.it.20.690","address":"Zona Industriale, Campania, Italy","path":"earth/countries/it/20/690/data.json"},{"id":"ctry.it.20.691","address":"Zungoli, Campania, Italy","path":"earth/countries/it/20/691/data.json"},{"id":"ctry.it.20.692","address":"Zuni, Campania, Italy","path":"earth/countries/it/20/692/data.json"}]}