{"data":[{"id":"ctry.it.20.1","type":"district","name":"Acerno","path":"earth/countries/it/20/1/data.json"},{"id":"ctry.it.20.2","type":"district","name":"Acerra","path":"earth/countries/it/20/2/data.json"},{"id":"ctry.it.20.3","type":"district","name":"Afragola","path":"earth/countries/it/20/3/data.json"},{"id":"ctry.it.20.4","type":"district","name":"Agerola","path":"earth/countries/it/20/4/data.json"},{"id":"ctry.it.20.5","type":"district","name":"Agropoli","path":"earth/countries/it/20/5/data.json"},{"id":"ctry.it.20.6","type":"district","name":"Aiello del Sabato","path":"earth/countries/it/20/6/data.json"},{"id":"ctry.it.20.7","type":"district","name":"Ailano","path":"earth/countries/it/20/7/data.json"},{"id":"ctry.it.20.8","type":"district","name":"Airola","path":"earth/countries/it/20/8/data.json"},{"id":"ctry.it.20.9","type":"district","name":"Albanella","path":"earth/countries/it/20/9/data.json"},{"id":"ctry.it.20.10","type":"district","name":"Alfano","path":"earth/countries/it/20/10/data.json"},{"id":"ctry.it.20.11","type":"district","name":"Alife","path":"earth/countries/it/20/11/data.json"},{"id":"ctry.it.20.12","type":"district","name":"Altavilla Irpina","path":"earth/countries/it/20/12/data.json"},{"id":"ctry.it.20.13","type":"district","name":"Altavilla Silentina","path":"earth/countries/it/20/13/data.json"},{"id":"ctry.it.20.14","type":"district","name":"Alvignano","path":"earth/countries/it/20/14/data.json"},{"id":"ctry.it.20.15","type":"district","name":"Amalfi","path":"earth/countries/it/20/15/data.json"},{"id":"ctry.it.20.16","type":"district","name":"Amodio-Massariola","path":"earth/countries/it/20/16/data.json"},{"id":"ctry.it.20.17","type":"district","name":"Amorosi","path":"earth/countries/it/20/17/data.json"},{"id":"ctry.it.20.18","type":"district","name":"Anacapri","path":"earth/countries/it/20/18/data.json"},{"id":"ctry.it.20.19","type":"district","name":"Andretta-Mattinella","path":"earth/countries/it/20/19/data.json"},{"id":"ctry.it.20.20","type":"district","name":"Angri","path":"earth/countries/it/20/20/data.json"},{"id":"ctry.it.20.21","type":"district","name":"Annunziata","path":"earth/countries/it/20/21/data.json"},{"id":"ctry.it.20.22","type":"district","name":"Antessano","path":"earth/countries/it/20/22/data.json"},{"id":"ctry.it.20.23","type":"district","name":"Apice Vecchio","path":"earth/countries/it/20/23/data.json"},{"id":"ctry.it.20.24","type":"district","name":"Apollosa","path":"earth/countries/it/20/24/data.json"},{"id":"ctry.it.20.25","type":"district","name":"Aquara","path":"earth/countries/it/20/25/data.json"},{"id":"ctry.it.20.26","type":"district","name":"Aquilonia","path":"earth/countries/it/20/26/data.json"},{"id":"ctry.it.20.27","type":"district","name":"Arenella","path":"earth/countries/it/20/27/data.json"},{"id":"ctry.it.20.28","type":"district","name":"Ariano","path":"earth/countries/it/20/28/data.json"},{"id":"ctry.it.20.29","type":"district","name":"Ariano Irpino-Martiri","path":"earth/countries/it/20/29/data.json"},{"id":"ctry.it.20.30","type":"district","name":"Arienzo","path":"earth/countries/it/20/30/data.json"},{"id":"ctry.it.20.31","type":"district","name":"Ariola","path":"earth/countries/it/20/31/data.json"},{"id":"ctry.it.20.32","type":"district","name":"Arola-Preazzano","path":"earth/countries/it/20/32/data.json"},{"id":"ctry.it.20.33","type":"district","name":"Arpaia","path":"earth/countries/it/20/33/data.json"},{"id":"ctry.it.20.34","type":"district","name":"Arpaise","path":"earth/countries/it/20/34/data.json"},{"id":"ctry.it.20.35","type":"district","name":"Arpino","path":"earth/countries/it/20/35/data.json"},{"id":"ctry.it.20.36","type":"district","name":"Arzano","path":"earth/countries/it/20/36/data.json"},{"id":"ctry.it.20.37","type":"district","name":"Ascea","path":"earth/countries/it/20/37/data.json"},{"id":"ctry.it.20.38","type":"district","name":"Atena Lucana","path":"earth/countries/it/20/38/data.json"},{"id":"ctry.it.20.39","type":"district","name":"Atrani","path":"earth/countries/it/20/39/data.json"},{"id":"ctry.it.20.40","type":"district","name":"Atripalda","path":"earth/countries/it/20/40/data.json"},{"id":"ctry.it.20.41","type":"district","name":"Auletta","path":"earth/countries/it/20/41/data.json"},{"id":"ctry.it.20.42","type":"district","name":"Avella","path":"earth/countries/it/20/42/data.json"},{"id":"ctry.it.20.43","type":"district","name":"Avellino","path":"earth/countries/it/20/43/data.json"},{"id":"ctry.it.20.44","type":"district","name":"Aversa","path":"earth/countries/it/20/44/data.json"},{"id":"ctry.it.20.45","type":"district","name":"Avvocata","path":"earth/countries/it/20/45/data.json"},{"id":"ctry.it.20.46","type":"district","name":"Bacoli","path":"earth/countries/it/20/46/data.json"},{"id":"ctry.it.20.47","type":"district","name":"Bagnoli","path":"earth/countries/it/20/47/data.json"},{"id":"ctry.it.20.48","type":"district","name":"Bagnoli Irpino","path":"earth/countries/it/20/48/data.json"},{"id":"ctry.it.20.49","type":"district","name":"Baia","path":"earth/countries/it/20/49/data.json"},{"id":"ctry.it.20.50","type":"district","name":"Baiano","path":"earth/countries/it/20/50/data.json"},{"id":"ctry.it.20.51","type":"district","name":"Banzano","path":"earth/countries/it/20/51/data.json"},{"id":"ctry.it.20.52","type":"district","name":"Barano d'Ischia","path":"earth/countries/it/20/52/data.json"},{"id":"ctry.it.20.53","type":"district","name":"Baronissi","path":"earth/countries/it/20/53/data.json"},{"id":"ctry.it.20.54","type":"district","name":"Barra","path":"earth/countries/it/20/54/data.json"},{"id":"ctry.it.20.55","type":"district","name":"Baselice","path":"earth/countries/it/20/55/data.json"},{"id":"ctry.it.20.56","type":"district","name":"Battipaglia","path":"earth/countries/it/20/56/data.json"},{"id":"ctry.it.20.57","type":"district","name":"Bellizzi","path":"earth/countries/it/20/57/data.json"},{"id":"ctry.it.20.58","type":"district","name":"Bellona","path":"earth/countries/it/20/58/data.json"},{"id":"ctry.it.20.59","type":"district","name":"Bellosguardo","path":"earth/countries/it/20/59/data.json"},{"id":"ctry.it.20.60","type":"district","name":"Beltiglio-San Giovanni","path":"earth/countries/it/20/60/data.json"},{"id":"ctry.it.20.61","type":"district","name":"Benevento","path":"earth/countries/it/20/61/data.json"},{"id":"ctry.it.20.62","type":"district","name":"Bisaccia","path":"earth/countries/it/20/62/data.json"},{"id":"ctry.it.20.63","type":"district","name":"Bisaccia Nuova","path":"earth/countries/it/20/63/data.json"},{"id":"ctry.it.20.64","type":"district","name":"Bivio Mortola","path":"earth/countries/it/20/64/data.json"},{"id":"ctry.it.20.65","type":"district","name":"Bivio Santa Cecilia","path":"earth/countries/it/20/65/data.json"},{"id":"ctry.it.20.66","type":"district","name":"Bonea","path":"earth/countries/it/20/66/data.json"},{"id":"ctry.it.20.67","type":"district","name":"Bonito","path":"earth/countries/it/20/67/data.json"},{"id":"ctry.it.20.68","type":"district","name":"Borgo","path":"earth/countries/it/20/68/data.json"},{"id":"ctry.it.20.69","type":"district","name":"Boscoreale","path":"earth/countries/it/20/69/data.json"},{"id":"ctry.it.20.70","type":"district","name":"Boscotrecase","path":"earth/countries/it/20/70/data.json"},{"id":"ctry.it.20.71","type":"district","name":"Bracigliano","path":"earth/countries/it/20/71/data.json"},{"id":"ctry.it.20.72","type":"district","name":"Brezza","path":"earth/countries/it/20/72/data.json"},{"id":"ctry.it.20.73","type":"district","name":"Brusciano","path":"earth/countries/it/20/73/data.json"},{"id":"ctry.it.20.74","type":"district","name":"Bucciano","path":"earth/countries/it/20/74/data.json"},{"id":"ctry.it.20.75","type":"district","name":"Buccino","path":"earth/countries/it/20/75/data.json"},{"id":"ctry.it.20.76","type":"district","name":"Buonabitacolo","path":"earth/countries/it/20/76/data.json"},{"id":"ctry.it.20.77","type":"district","name":"Buonalbergo","path":"earth/countries/it/20/77/data.json"},{"id":"ctry.it.20.78","type":"district","name":"Caggiano","path":"earth/countries/it/20/78/data.json"},{"id":"ctry.it.20.79","type":"district","name":"Caianello","path":"earth/countries/it/20/79/data.json"},{"id":"ctry.it.20.80","type":"district","name":"Caiazzo","path":"earth/countries/it/20/80/data.json"},{"id":"ctry.it.20.81","type":"district","name":"Cairano","path":"earth/countries/it/20/81/data.json"},{"id":"ctry.it.20.82","type":"district","name":"Caivano","path":"earth/countries/it/20/82/data.json"},{"id":"ctry.it.20.83","type":"district","name":"Calabritto","path":"earth/countries/it/20/83/data.json"},{"id":"ctry.it.20.84","type":"district","name":"Calitri","path":"earth/countries/it/20/84/data.json"},{"id":"ctry.it.20.85","type":"district","name":"Calvanico","path":"earth/countries/it/20/85/data.json"},{"id":"ctry.it.20.86","type":"district","name":"Calvi","path":"earth/countries/it/20/86/data.json"},{"id":"ctry.it.20.87","type":"district","name":"Calvi Risorta","path":"earth/countries/it/20/87/data.json"},{"id":"ctry.it.20.88","type":"district","name":"Calvizzano","path":"earth/countries/it/20/88/data.json"},{"id":"ctry.it.20.89","type":"district","name":"Camerota","path":"earth/countries/it/20/89/data.json"},{"id":"ctry.it.20.90","type":"district","name":"Camigliano","path":"earth/countries/it/20/90/data.json"},{"id":"ctry.it.20.91","type":"district","name":"Campagna","path":"earth/countries/it/20/91/data.json"},{"id":"ctry.it.20.92","type":"district","name":"Campanarello","path":"earth/countries/it/20/92/data.json"},{"id":"ctry.it.20.93","type":"district","name":"Campolattaro","path":"earth/countries/it/20/93/data.json"},{"id":"ctry.it.20.94","type":"district","name":"Campoli del Monte Taburno","path":"earth/countries/it/20/94/data.json"},{"id":"ctry.it.20.95","type":"district","name":"Campora","path":"earth/countries/it/20/95/data.json"},{"id":"ctry.it.20.96","type":"district","name":"Camposano","path":"earth/countries/it/20/96/data.json"},{"id":"ctry.it.20.97","type":"district","name":"Cancello-Arnone","path":"earth/countries/it/20/97/data.json"},{"id":"ctry.it.20.98","type":"district","name":"Candida","path":"earth/countries/it/20/98/data.json"},{"id":"ctry.it.20.99","type":"district","name":"Cannalonga","path":"earth/countries/it/20/99/data.json"},{"id":"ctry.it.20.100","type":"district","name":"Capaccio","path":"earth/countries/it/20/100/data.json"},{"id":"ctry.it.20.101","type":"district","name":"Capaccio Scalo","path":"earth/countries/it/20/101/data.json"},{"id":"ctry.it.20.102","type":"district","name":"Capezzano Inferiore","path":"earth/countries/it/20/102/data.json"},{"id":"ctry.it.20.103","type":"district","name":"Capezzano-Cologna","path":"earth/countries/it/20/103/data.json"},{"id":"ctry.it.20.104","type":"district","name":"Capitignano","path":"earth/countries/it/20/104/data.json"},{"id":"ctry.it.20.105","type":"district","name":"Capodrise","path":"earth/countries/it/20/105/data.json"},{"id":"ctry.it.20.106","type":"district","name":"Caposele","path":"earth/countries/it/20/106/data.json"},{"id":"ctry.it.20.107","type":"district","name":"Capri","path":"earth/countries/it/20/107/data.json"},{"id":"ctry.it.20.108","type":"district","name":"Capriati A Volturno","path":"earth/countries/it/20/108/data.json"},{"id":"ctry.it.20.109","type":"district","name":"Capriglia","path":"earth/countries/it/20/109/data.json"},{"id":"ctry.it.20.110","type":"district","name":"Capriglia Irpina","path":"earth/countries/it/20/110/data.json"},{"id":"ctry.it.20.111","type":"district","name":"Capua","path":"earth/countries/it/20/111/data.json"},{"id":"ctry.it.20.112","type":"district","name":"Carano","path":"earth/countries/it/20/112/data.json"},{"id":"ctry.it.20.113","type":"district","name":"Carbonara di Nola","path":"earth/countries/it/20/113/data.json"},{"id":"ctry.it.20.114","type":"district","name":"Cardito","path":"earth/countries/it/20/114/data.json"},{"id":"ctry.it.20.115","type":"district","name":"Carife","path":"earth/countries/it/20/115/data.json"},{"id":"ctry.it.20.116","type":"district","name":"Carifi-Torello-Priscoli","path":"earth/countries/it/20/116/data.json"},{"id":"ctry.it.20.117","type":"district","name":"Carinaro","path":"earth/countries/it/20/117/data.json"},{"id":"ctry.it.20.118","type":"district","name":"Carinola","path":"earth/countries/it/20/118/data.json"},{"id":"ctry.it.20.119","type":"district","name":"Casagiove","path":"earth/countries/it/20/119/data.json"},{"id":"ctry.it.20.120","type":"district","name":"Casal di Principe","path":"earth/countries/it/20/120/data.json"},{"id":"ctry.it.20.121","type":"district","name":"Casal Velino","path":"earth/countries/it/20/121/data.json"},{"id":"ctry.it.20.122","type":"district","name":"Casalbore","path":"earth/countries/it/20/122/data.json"},{"id":"ctry.it.20.123","type":"district","name":"Casalbuono","path":"earth/countries/it/20/123/data.json"},{"id":"ctry.it.20.124","type":"district","name":"Casalduni","path":"earth/countries/it/20/124/data.json"},{"id":"ctry.it.20.125","type":"district","name":"Casale","path":"earth/countries/it/20/125/data.json"},{"id":"ctry.it.20.126","type":"district","name":"Casaletto Spartano","path":"earth/countries/it/20/126/data.json"},{"id":"ctry.it.20.127","type":"district","name":"Casali-San Potito","path":"earth/countries/it/20/127/data.json"},{"id":"ctry.it.20.128","type":"district","name":"Casalnuovo di Napoli","path":"earth/countries/it/20/128/data.json"},{"id":"ctry.it.20.129","type":"district","name":"Casaluce","path":"earth/countries/it/20/129/data.json"},{"id":"ctry.it.20.130","type":"district","name":"Casamarciano","path":"earth/countries/it/20/130/data.json"},{"id":"ctry.it.20.131","type":"district","name":"Casamicciola Terme","path":"earth/countries/it/20/131/data.json"},{"id":"ctry.it.20.132","type":"district","name":"Casandrino","path":"earth/countries/it/20/132/data.json"},{"id":"ctry.it.20.133","type":"district","name":"Casanova","path":"earth/countries/it/20/133/data.json"},{"id":"ctry.it.20.134","type":"district","name":"Casapesenna","path":"earth/countries/it/20/134/data.json"},{"id":"ctry.it.20.135","type":"district","name":"Casapulla","path":"earth/countries/it/20/135/data.json"},{"id":"ctry.it.20.136","type":"district","name":"Casarea","path":"earth/countries/it/20/136/data.json"},{"id":"ctry.it.20.137","type":"district","name":"Casavatore","path":"earth/countries/it/20/137/data.json"},{"id":"ctry.it.20.138","type":"district","name":"Cascano","path":"earth/countries/it/20/138/data.json"},{"id":"ctry.it.20.139","type":"district","name":"Caselle in Pittari","path":"earth/countries/it/20/139/data.json"},{"id":"ctry.it.20.140","type":"district","name":"Caserta","path":"earth/countries/it/20/140/data.json"},{"id":"ctry.it.20.141","type":"district","name":"Casola","path":"earth/countries/it/20/141/data.json"},{"id":"ctry.it.20.142","type":"district","name":"Casola di Napoli","path":"earth/countries/it/20/142/data.json"},{"id":"ctry.it.20.143","type":"district","name":"Casoria","path":"earth/countries/it/20/143/data.json"},{"id":"ctry.it.20.144","type":"district","name":"Cassano Irpino","path":"earth/countries/it/20/144/data.json"},{"id":"ctry.it.20.145","type":"district","name":"Castel Baronia","path":"earth/countries/it/20/145/data.json"},{"id":"ctry.it.20.146","type":"district","name":"Castel Campagnano","path":"earth/countries/it/20/146/data.json"},{"id":"ctry.it.20.147","type":"district","name":"Castel di Sasso","path":"earth/countries/it/20/147/data.json"},{"id":"ctry.it.20.148","type":"district","name":"Castel Morrone","path":"earth/countries/it/20/148/data.json"},{"id":"ctry.it.20.149","type":"district","name":"Castel San Giorgio","path":"earth/countries/it/20/149/data.json"},{"id":"ctry.it.20.150","type":"district","name":"Castel San Lorenzo","path":"earth/countries/it/20/150/data.json"},{"id":"ctry.it.20.151","type":"district","name":"Castel Volturno","path":"earth/countries/it/20/151/data.json"},{"id":"ctry.it.20.152","type":"district","name":"Castelcivita","path":"earth/countries/it/20/152/data.json"},{"id":"ctry.it.20.153","type":"district","name":"Castelfranci","path":"earth/countries/it/20/153/data.json"},{"id":"ctry.it.20.154","type":"district","name":"Castelfranco in Miscano","path":"earth/countries/it/20/154/data.json"},{"id":"ctry.it.20.155","type":"district","name":"Castellammare di Stabia","path":"earth/countries/it/20/155/data.json"},{"id":"ctry.it.20.156","type":"district","name":"Castello del Matese","path":"earth/countries/it/20/156/data.json"},{"id":"ctry.it.20.157","type":"district","name":"Castello di Cisterna","path":"earth/countries/it/20/157/data.json"},{"id":"ctry.it.20.158","type":"district","name":"Castelnuovo Cilento","path":"earth/countries/it/20/158/data.json"},{"id":"ctry.it.20.159","type":"district","name":"Castelnuovo di Conza","path":"earth/countries/it/20/159/data.json"},{"id":"ctry.it.20.160","type":"district","name":"Castelpagano","path":"earth/countries/it/20/160/data.json"},{"id":"ctry.it.20.161","type":"district","name":"Castelpoto","path":"earth/countries/it/20/161/data.json"},{"id":"ctry.it.20.162","type":"district","name":"Castelvenere","path":"earth/countries/it/20/162/data.json"},{"id":"ctry.it.20.163","type":"district","name":"Castelvetere in Val Fortore","path":"earth/countries/it/20/163/data.json"},{"id":"ctry.it.20.164","type":"district","name":"Castelvetere sul Calore","path":"earth/countries/it/20/164/data.json"},{"id":"ctry.it.20.165","type":"district","name":"Castiglione del Genovesi","path":"earth/countries/it/20/165/data.json"},{"id":"ctry.it.20.166","type":"district","name":"Cautano","path":"earth/countries/it/20/166/data.json"},{"id":"ctry.it.20.167","type":"district","name":"Cava Dè Tirreni","path":"earth/countries/it/20/167/data.json"},{"id":"ctry.it.20.168","type":"district","name":"Celle di Bulgheria","path":"earth/countries/it/20/168/data.json"},{"id":"ctry.it.20.169","type":"district","name":"Cellole","path":"earth/countries/it/20/169/data.json"},{"id":"ctry.it.20.170","type":"district","name":"Centola","path":"earth/countries/it/20/170/data.json"},{"id":"ctry.it.20.171","type":"district","name":"Centro Urbano","path":"earth/countries/it/20/171/data.json"},{"id":"ctry.it.20.172","type":"district","name":"Ceppaloni","path":"earth/countries/it/20/172/data.json"},{"id":"ctry.it.20.173","type":"district","name":"Ceraso","path":"earth/countries/it/20/173/data.json"},{"id":"ctry.it.20.174","type":"district","name":"Cercola","path":"earth/countries/it/20/174/data.json"},{"id":"ctry.it.20.175","type":"district","name":"Cerreto Sannita","path":"earth/countries/it/20/175/data.json"},{"id":"ctry.it.20.176","type":"district","name":"Cervinara","path":"earth/countries/it/20/176/data.json"},{"id":"ctry.it.20.177","type":"district","name":"Cervino","path":"earth/countries/it/20/177/data.json"},{"id":"ctry.it.20.178","type":"district","name":"Cesa","path":"earth/countries/it/20/178/data.json"},{"id":"ctry.it.20.179","type":"district","name":"Cesinali","path":"earth/countries/it/20/179/data.json"},{"id":"ctry.it.20.180","type":"district","name":"Cetara","path":"earth/countries/it/20/180/data.json"},{"id":"ctry.it.20.181","type":"district","name":"Chiaia","path":"earth/countries/it/20/181/data.json"},{"id":"ctry.it.20.182","type":"district","name":"Chiaiano","path":"earth/countries/it/20/182/data.json"},{"id":"ctry.it.20.183","type":"district","name":"Chianche","path":"earth/countries/it/20/183/data.json"},{"id":"ctry.it.20.184","type":"district","name":"Chiusano di San Domenico","path":"earth/countries/it/20/184/data.json"},{"id":"ctry.it.20.185","type":"district","name":"Cicciano","path":"earth/countries/it/20/185/data.json"},{"id":"ctry.it.20.186","type":"district","name":"Cicerale","path":"earth/countries/it/20/186/data.json"},{"id":"ctry.it.20.187","type":"district","name":"Cimitile","path":"earth/countries/it/20/187/data.json"},{"id":"ctry.it.20.188","type":"district","name":"Ciorlano","path":"earth/countries/it/20/188/data.json"},{"id":"ctry.it.20.189","type":"district","name":"Circello","path":"earth/countries/it/20/189/data.json"},{"id":"ctry.it.20.190","type":"district","name":"Colle Sannita","path":"earth/countries/it/20/190/data.json"},{"id":"ctry.it.20.191","type":"district","name":"Colliano","path":"earth/countries/it/20/191/data.json"},{"id":"ctry.it.20.192","type":"district","name":"Comiziano","path":"earth/countries/it/20/192/data.json"},{"id":"ctry.it.20.193","type":"district","name":"Conca dei Marini","path":"earth/countries/it/20/193/data.json"},{"id":"ctry.it.20.194","type":"district","name":"Conca della Campania","path":"earth/countries/it/20/194/data.json"},{"id":"ctry.it.20.195","type":"district","name":"Contrada","path":"earth/countries/it/20/195/data.json"},{"id":"ctry.it.20.196","type":"district","name":"Controne","path":"earth/countries/it/20/196/data.json"},{"id":"ctry.it.20.197","type":"district","name":"Contursi Terme","path":"earth/countries/it/20/197/data.json"},{"id":"ctry.it.20.198","type":"district","name":"Coperchia","path":"earth/countries/it/20/198/data.json"},{"id":"ctry.it.20.199","type":"district","name":"Corbara","path":"earth/countries/it/20/199/data.json"},{"id":"ctry.it.20.200","type":"district","name":"Corleto Monforte","path":"earth/countries/it/20/200/data.json"},{"id":"ctry.it.20.201","type":"district","name":"Country Park","path":"earth/countries/it/20/201/data.json"},{"id":"ctry.it.20.202","type":"district","name":"Crispano","path":"earth/countries/it/20/202/data.json"},{"id":"ctry.it.20.203","type":"district","name":"Cuccaro Vetere","path":"earth/countries/it/20/203/data.json"},{"id":"ctry.it.20.204","type":"district","name":"Curti","path":"earth/countries/it/20/204/data.json"},{"id":"ctry.it.20.205","type":"district","name":"Cusano Mutri","path":"earth/countries/it/20/205/data.json"},{"id":"ctry.it.20.206","type":"district","name":"Domicella","path":"earth/countries/it/20/206/data.json"},{"id":"ctry.it.20.207","type":"district","name":"Dragonea","path":"earth/countries/it/20/207/data.json"},{"id":"ctry.it.20.208","type":"district","name":"Dragoni","path":"earth/countries/it/20/208/data.json"},{"id":"ctry.it.20.209","type":"district","name":"Dugenta","path":"earth/countries/it/20/209/data.json"},{"id":"ctry.it.20.210","type":"district","name":"Durazzano","path":"earth/countries/it/20/210/data.json"},{"id":"ctry.it.20.211","type":"district","name":"Eboli","path":"earth/countries/it/20/211/data.json"},{"id":"ctry.it.20.212","type":"district","name":"Ercolano","path":"earth/countries/it/20/212/data.json"},{"id":"ctry.it.20.213","type":"district","name":"Faiano","path":"earth/countries/it/20/213/data.json"},{"id":"ctry.it.20.214","type":"district","name":"Faicchio","path":"earth/countries/it/20/214/data.json"},{"id":"ctry.it.20.215","type":"district","name":"Falciano del Massico","path":"earth/countries/it/20/215/data.json"},{"id":"ctry.it.20.216","type":"district","name":"Faraldo-Nocelleto","path":"earth/countries/it/20/216/data.json"},{"id":"ctry.it.20.217","type":"district","name":"Felitto","path":"earth/countries/it/20/217/data.json"},{"id":"ctry.it.20.218","type":"district","name":"Fisciano","path":"earth/countries/it/20/218/data.json"},{"id":"ctry.it.20.219","type":"district","name":"Flumeri","path":"earth/countries/it/20/219/data.json"},{"id":"ctry.it.20.220","type":"district","name":"Foglianise","path":"earth/countries/it/20/220/data.json"},{"id":"ctry.it.20.221","type":"district","name":"Foiano di Val Fortore","path":"earth/countries/it/20/221/data.json"},{"id":"ctry.it.20.222","type":"district","name":"Fontanarosa","path":"earth/countries/it/20/222/data.json"},{"id":"ctry.it.20.223","type":"district","name":"Fontegreca","path":"earth/countries/it/20/223/data.json"},{"id":"ctry.it.20.224","type":"district","name":"Forchia","path":"earth/countries/it/20/224/data.json"},{"id":"ctry.it.20.225","type":"district","name":"Forino","path":"earth/countries/it/20/225/data.json"},{"id":"ctry.it.20.226","type":"district","name":"Forio","path":"earth/countries/it/20/226/data.json"},{"id":"ctry.it.20.227","type":"district","name":"Formicola","path":"earth/countries/it/20/227/data.json"},{"id":"ctry.it.20.228","type":"district","name":"Fragneto L'Abate","path":"earth/countries/it/20/228/data.json"},{"id":"ctry.it.20.229","type":"district","name":"Fragneto Monforte","path":"earth/countries/it/20/229/data.json"},{"id":"ctry.it.20.230","type":"district","name":"Franche","path":"earth/countries/it/20/230/data.json"},{"id":"ctry.it.20.231","type":"district","name":"Francolise","path":"earth/countries/it/20/231/data.json"},{"id":"ctry.it.20.232","type":"district","name":"Frasso Telesino","path":"earth/countries/it/20/232/data.json"},{"id":"ctry.it.20.233","type":"district","name":"Frattamaggiore","path":"earth/countries/it/20/233/data.json"},{"id":"ctry.it.20.234","type":"district","name":"Frattaminore","path":"earth/countries/it/20/234/data.json"},{"id":"ctry.it.20.235","type":"district","name":"Frigento","path":"earth/countries/it/20/235/data.json"},{"id":"ctry.it.20.236","type":"district","name":"Frignano","path":"earth/countries/it/20/236/data.json"},{"id":"ctry.it.20.237","type":"district","name":"Fuorigrotta","path":"earth/countries/it/20/237/data.json"},{"id":"ctry.it.20.238","type":"district","name":"Fuorni","path":"earth/countries/it/20/238/data.json"},{"id":"ctry.it.20.239","type":"district","name":"Furore","path":"earth/countries/it/20/239/data.json"},{"id":"ctry.it.20.240","type":"district","name":"Futani","path":"earth/countries/it/20/240/data.json"},{"id":"ctry.it.20.241","type":"district","name":"Gallo","path":"earth/countries/it/20/241/data.json"},{"id":"ctry.it.20.242","type":"district","name":"Gallo Matese","path":"earth/countries/it/20/242/data.json"},{"id":"ctry.it.20.243","type":"district","name":"Galluccio","path":"earth/countries/it/20/243/data.json"},{"id":"ctry.it.20.244","type":"district","name":"Gesualdo","path":"earth/countries/it/20/244/data.json"},{"id":"ctry.it.20.245","type":"district","name":"Giano Vetusto","path":"earth/countries/it/20/245/data.json"},{"id":"ctry.it.20.246","type":"district","name":"Giffoni Valle Piana","path":"earth/countries/it/20/246/data.json"},{"id":"ctry.it.20.247","type":"district","name":"Ginestra degli Schiavoni","path":"earth/countries/it/20/247/data.json"},{"id":"ctry.it.20.248","type":"district","name":"Gioi","path":"earth/countries/it/20/248/data.json"},{"id":"ctry.it.20.249","type":"district","name":"Gioia Sannitica","path":"earth/countries/it/20/249/data.json"},{"id":"ctry.it.20.250","type":"district","name":"Giugliano in Campania","path":"earth/countries/it/20/250/data.json"},{"id":"ctry.it.20.251","type":"district","name":"Giungano","path":"earth/countries/it/20/251/data.json"},{"id":"ctry.it.20.252","type":"district","name":"Gragnano","path":"earth/countries/it/20/252/data.json"},{"id":"ctry.it.20.253","type":"district","name":"Grazzanise","path":"earth/countries/it/20/253/data.json"},{"id":"ctry.it.20.254","type":"district","name":"Greci","path":"earth/countries/it/20/254/data.json"},{"id":"ctry.it.20.255","type":"district","name":"Gricignano di Aversa","path":"earth/countries/it/20/255/data.json"},{"id":"ctry.it.20.256","type":"district","name":"Grottaminarda","path":"earth/countries/it/20/256/data.json"},{"id":"ctry.it.20.257","type":"district","name":"Grottola","path":"earth/countries/it/20/257/data.json"},{"id":"ctry.it.20.258","type":"district","name":"Grottolella","path":"earth/countries/it/20/258/data.json"},{"id":"ctry.it.20.259","type":"district","name":"Grumo Nevano","path":"earth/countries/it/20/259/data.json"},{"id":"ctry.it.20.260","type":"district","name":"Guardia Lombardi","path":"earth/countries/it/20/260/data.json"},{"id":"ctry.it.20.261","type":"district","name":"Guardia Sanframondi","path":"earth/countries/it/20/261/data.json"},{"id":"ctry.it.20.262","type":"district","name":"Ischia","path":"earth/countries/it/20/262/data.json"},{"id":"ctry.it.20.263","type":"district","name":"Ischia Porto","path":"earth/countries/it/20/263/data.json"},{"id":"ctry.it.20.264","type":"district","name":"Ispani","path":"earth/countries/it/20/264/data.json"},{"id":"ctry.it.20.265","type":"district","name":"Lacco Ameno","path":"earth/countries/it/20/265/data.json"},{"id":"ctry.it.20.266","type":"district","name":"Lacedonia","path":"earth/countries/it/20/266/data.json"},{"id":"ctry.it.20.267","type":"district","name":"Lancusi-Penta-Bolano","path":"earth/countries/it/20/267/data.json"},{"id":"ctry.it.20.268","type":"district","name":"Lanzara","path":"earth/countries/it/20/268/data.json"},{"id":"ctry.it.20.269","type":"district","name":"Lapio","path":"earth/countries/it/20/269/data.json"},{"id":"ctry.it.20.270","type":"district","name":"Laura","path":"earth/countries/it/20/270/data.json"},{"id":"ctry.it.20.271","type":"district","name":"Laureana Cilento","path":"earth/countries/it/20/271/data.json"},{"id":"ctry.it.20.272","type":"district","name":"Laurino","path":"earth/countries/it/20/272/data.json"},{"id":"ctry.it.20.273","type":"district","name":"Laurito","path":"earth/countries/it/20/273/data.json"},{"id":"ctry.it.20.274","type":"district","name":"Lauro","path":"earth/countries/it/20/274/data.json"},{"id":"ctry.it.20.275","type":"district","name":"Laviano","path":"earth/countries/it/20/275/data.json"},{"id":"ctry.it.20.276","type":"district","name":"Letino","path":"earth/countries/it/20/276/data.json"},{"id":"ctry.it.20.277","type":"district","name":"Lettere","path":"earth/countries/it/20/277/data.json"},{"id":"ctry.it.20.278","type":"district","name":"Liberi","path":"earth/countries/it/20/278/data.json"},{"id":"ctry.it.20.279","type":"district","name":"Licinella-Torre di Paestum","path":"earth/countries/it/20/279/data.json"},{"id":"ctry.it.20.280","type":"district","name":"Licusati","path":"earth/countries/it/20/280/data.json"},{"id":"ctry.it.20.281","type":"district","name":"Limatola","path":"earth/countries/it/20/281/data.json"},{"id":"ctry.it.20.282","type":"district","name":"Lioni","path":"earth/countries/it/20/282/data.json"},{"id":"ctry.it.20.283","type":"district","name":"Liveri","path":"earth/countries/it/20/283/data.json"},{"id":"ctry.it.20.284","type":"district","name":"Luogosano","path":"earth/countries/it/20/284/data.json"},{"id":"ctry.it.20.285","type":"district","name":"Lusciano","path":"earth/countries/it/20/285/data.json"},{"id":"ctry.it.20.286","type":"district","name":"Lustra","path":"earth/countries/it/20/286/data.json"},{"id":"ctry.it.20.287","type":"district","name":"Luzzano","path":"earth/countries/it/20/287/data.json"},{"id":"ctry.it.20.288","type":"district","name":"Macchia","path":"earth/countries/it/20/288/data.json"},{"id":"ctry.it.20.289","type":"district","name":"Maccoli-Perrillo","path":"earth/countries/it/20/289/data.json"},{"id":"ctry.it.20.290","type":"district","name":"Macerata Campania","path":"earth/countries/it/20/290/data.json"},{"id":"ctry.it.20.291","type":"district","name":"Maddaloni","path":"earth/countries/it/20/291/data.json"},{"id":"ctry.it.20.292","type":"district","name":"Magliano Vetere","path":"earth/countries/it/20/292/data.json"},{"id":"ctry.it.20.293","type":"district","name":"Maiori","path":"earth/countries/it/20/293/data.json"},{"id":"ctry.it.20.294","type":"district","name":"Malche-Santa Croce-Serroni","path":"earth/countries/it/20/294/data.json"},{"id":"ctry.it.20.295","type":"district","name":"Manocalzati","path":"earth/countries/it/20/295/data.json"},{"id":"ctry.it.20.296","type":"district","name":"Marano di Napoli","path":"earth/countries/it/20/296/data.json"},{"id":"ctry.it.20.297","type":"district","name":"Marcianise","path":"earth/countries/it/20/297/data.json"},{"id":"ctry.it.20.298","type":"district","name":"Mariglianella","path":"earth/countries/it/20/298/data.json"},{"id":"ctry.it.20.299","type":"district","name":"Marigliano","path":"earth/countries/it/20/299/data.json"},{"id":"ctry.it.20.300","type":"district","name":"Marina di Camerota","path":"earth/countries/it/20/300/data.json"},{"id":"ctry.it.20.301","type":"district","name":"Marina di Casal Velino","path":"earth/countries/it/20/301/data.json"},{"id":"ctry.it.20.302","type":"district","name":"Marzanello","path":"earth/countries/it/20/302/data.json"},{"id":"ctry.it.20.303","type":"district","name":"Marzano Appio","path":"earth/countries/it/20/303/data.json"},{"id":"ctry.it.20.304","type":"district","name":"Marzano di Nola","path":"earth/countries/it/20/304/data.json"},{"id":"ctry.it.20.305","type":"district","name":"Massa di Somma","path":"earth/countries/it/20/305/data.json"},{"id":"ctry.it.20.306","type":"district","name":"Massa Lubrense","path":"earth/countries/it/20/306/data.json"},{"id":"ctry.it.20.307","type":"district","name":"Masseria Vecchia Ovest","path":"earth/countries/it/20/307/data.json"},{"id":"ctry.it.20.308","type":"district","name":"Matinella","path":"earth/countries/it/20/308/data.json"},{"id":"ctry.it.20.309","type":"district","name":"Melito di Napoli","path":"earth/countries/it/20/309/data.json"},{"id":"ctry.it.20.310","type":"district","name":"Melito Irpino","path":"earth/countries/it/20/310/data.json"},{"id":"ctry.it.20.311","type":"district","name":"Melizzano","path":"earth/countries/it/20/311/data.json"},{"id":"ctry.it.20.312","type":"district","name":"Mercato","path":"earth/countries/it/20/312/data.json"},{"id":"ctry.it.20.313","type":"district","name":"Mercato San Severino","path":"earth/countries/it/20/313/data.json"},{"id":"ctry.it.20.314","type":"district","name":"Mercogliano","path":"earth/countries/it/20/314/data.json"},{"id":"ctry.it.20.315","type":"district","name":"Meta","path":"earth/countries/it/20/315/data.json"},{"id":"ctry.it.20.316","type":"district","name":"Miano","path":"earth/countries/it/20/316/data.json"},{"id":"ctry.it.20.317","type":"district","name":"Mignano Monte Lungo","path":"earth/countries/it/20/317/data.json"},{"id":"ctry.it.20.318","type":"district","name":"Minori","path":"earth/countries/it/20/318/data.json"},{"id":"ctry.it.20.319","type":"district","name":"Mirabella Eclano","path":"earth/countries/it/20/319/data.json"},{"id":"ctry.it.20.320","type":"district","name":"Moiano","path":"earth/countries/it/20/320/data.json"},{"id":"ctry.it.20.321","type":"district","name":"Moio della Civitella-Pellare","path":"earth/countries/it/20/321/data.json"},{"id":"ctry.it.20.322","type":"district","name":"Molinara","path":"earth/countries/it/20/322/data.json"},{"id":"ctry.it.20.323","type":"district","name":"Mondragone","path":"earth/countries/it/20/323/data.json"},{"id":"ctry.it.20.324","type":"district","name":"Montaguto","path":"earth/countries/it/20/324/data.json"},{"id":"ctry.it.20.325","type":"district","name":"Montano Antilia","path":"earth/countries/it/20/325/data.json"},{"id":"ctry.it.20.326","type":"district","name":"Monte di Procida","path":"earth/countries/it/20/326/data.json"},{"id":"ctry.it.20.327","type":"district","name":"Monte San Giacomo","path":"earth/countries/it/20/327/data.json"},{"id":"ctry.it.20.328","type":"district","name":"Montecalvario","path":"earth/countries/it/20/328/data.json"},{"id":"ctry.it.20.329","type":"district","name":"Montecalvo Irpino","path":"earth/countries/it/20/329/data.json"},{"id":"ctry.it.20.330","type":"district","name":"Montecorice","path":"earth/countries/it/20/330/data.json"},{"id":"ctry.it.20.331","type":"district","name":"Montecorvino Pugliano","path":"earth/countries/it/20/331/data.json"},{"id":"ctry.it.20.332","type":"district","name":"Montecorvino Rovella","path":"earth/countries/it/20/332/data.json"},{"id":"ctry.it.20.333","type":"district","name":"Montedecoro","path":"earth/countries/it/20/333/data.json"},{"id":"ctry.it.20.334","type":"district","name":"Montefalcione","path":"earth/countries/it/20/334/data.json"},{"id":"ctry.it.20.335","type":"district","name":"Montefalcone di Val Fortore","path":"earth/countries/it/20/335/data.json"},{"id":"ctry.it.20.336","type":"district","name":"Monteforte Cilento","path":"earth/countries/it/20/336/data.json"},{"id":"ctry.it.20.337","type":"district","name":"Monteforte Irpino","path":"earth/countries/it/20/337/data.json"},{"id":"ctry.it.20.338","type":"district","name":"Montefredane","path":"earth/countries/it/20/338/data.json"},{"id":"ctry.it.20.339","type":"district","name":"Montefusco","path":"earth/countries/it/20/339/data.json"},{"id":"ctry.it.20.340","type":"district","name":"Montella","path":"earth/countries/it/20/340/data.json"},{"id":"ctry.it.20.341","type":"district","name":"Montemarano","path":"earth/countries/it/20/341/data.json"},{"id":"ctry.it.20.342","type":"district","name":"Montemiletto","path":"earth/countries/it/20/342/data.json"},{"id":"ctry.it.20.343","type":"district","name":"Monterusciello","path":"earth/countries/it/20/343/data.json"},{"id":"ctry.it.20.344","type":"district","name":"Montesano sulla Marcellana","path":"earth/countries/it/20/344/data.json"},{"id":"ctry.it.20.345","type":"district","name":"Montesarchio","path":"earth/countries/it/20/345/data.json"},{"id":"ctry.it.20.346","type":"district","name":"Monteverde","path":"earth/countries/it/20/346/data.json"},{"id":"ctry.it.20.347","type":"district","name":"Monticelli","path":"earth/countries/it/20/347/data.json"},{"id":"ctry.it.20.348","type":"district","name":"Montoro Superiore","path":"earth/countries/it/20/348/data.json"},{"id":"ctry.it.20.349","type":"district","name":"Morcone","path":"earth/countries/it/20/349/data.json"},{"id":"ctry.it.20.350","type":"district","name":"Morigerati","path":"earth/countries/it/20/350/data.json"},{"id":"ctry.it.20.351","type":"district","name":"Morra de Sanctis","path":"earth/countries/it/20/351/data.json"},{"id":"ctry.it.20.352","type":"district","name":"Moschiano","path":"earth/countries/it/20/352/data.json"},{"id":"ctry.it.20.353","type":"district","name":"Mugnano del Cardinale","path":"earth/countries/it/20/353/data.json"},{"id":"ctry.it.20.354","type":"district","name":"Mugnano di Napoli","path":"earth/countries/it/20/354/data.json"},{"id":"ctry.it.20.355","type":"district","name":"Musci","path":"earth/countries/it/20/355/data.json"},{"id":"ctry.it.20.356","type":"district","name":"Naples","path":"earth/countries/it/20/356/data.json"},{"id":"ctry.it.20.357","type":"district","name":"Napoli","path":"earth/countries/it/20/357/data.json"},{"id":"ctry.it.20.358","type":"district","name":"Nocelleto","path":"earth/countries/it/20/358/data.json"},{"id":"ctry.it.20.359","type":"district","name":"Nocera Inferiore","path":"earth/countries/it/20/359/data.json"},{"id":"ctry.it.20.360","type":"district","name":"Nocera Superiore","path":"earth/countries/it/20/360/data.json"},{"id":"ctry.it.20.361","type":"district","name":"Nola","path":"earth/countries/it/20/361/data.json"},{"id":"ctry.it.20.362","type":"district","name":"Novi Velia","path":"earth/countries/it/20/362/data.json"},{"id":"ctry.it.20.363","type":"district","name":"Nuova Conza della Campania","path":"earth/countries/it/20/363/data.json"},{"id":"ctry.it.20.364","type":"district","name":"Nusco","path":"earth/countries/it/20/364/data.json"},{"id":"ctry.it.20.365","type":"district","name":"Ogliastro Cilento","path":"earth/countries/it/20/365/data.json"},{"id":"ctry.it.20.366","type":"district","name":"Olevano sul Tusciano","path":"earth/countries/it/20/366/data.json"},{"id":"ctry.it.20.367","type":"district","name":"Oliveto Citra","path":"earth/countries/it/20/367/data.json"},{"id":"ctry.it.20.368","type":"district","name":"Omignano","path":"earth/countries/it/20/368/data.json"},{"id":"ctry.it.20.369","type":"district","name":"Orria","path":"earth/countries/it/20/369/data.json"},{"id":"ctry.it.20.370","type":"district","name":"Orta di Atella","path":"earth/countries/it/20/370/data.json"},{"id":"ctry.it.20.371","type":"district","name":"Ospedaletto d'Alpinolo","path":"earth/countries/it/20/371/data.json"},{"id":"ctry.it.20.372","type":"district","name":"Ottati","path":"earth/countries/it/20/372/data.json"},{"id":"ctry.it.20.373","type":"district","name":"Ottaviano","path":"earth/countries/it/20/373/data.json"},{"id":"ctry.it.20.374","type":"district","name":"Padula","path":"earth/countries/it/20/374/data.json"},{"id":"ctry.it.20.375","type":"district","name":"Paduli","path":"earth/countries/it/20/375/data.json"},{"id":"ctry.it.20.376","type":"district","name":"Pagani","path":"earth/countries/it/20/376/data.json"},{"id":"ctry.it.20.377","type":"district","name":"Pagliarone","path":"earth/countries/it/20/377/data.json"},{"id":"ctry.it.20.378","type":"district","name":"Pago del Vallo di Lauro","path":"earth/countries/it/20/378/data.json"},{"id":"ctry.it.20.379","type":"district","name":"Pago Veiano","path":"earth/countries/it/20/379/data.json"},{"id":"ctry.it.20.380","type":"district","name":"Palinuro","path":"earth/countries/it/20/380/data.json"},{"id":"ctry.it.20.381","type":"district","name":"Palma Campania","path":"earth/countries/it/20/381/data.json"},{"id":"ctry.it.20.382","type":"district","name":"Palomonte","path":"earth/countries/it/20/382/data.json"},{"id":"ctry.it.20.383","type":"district","name":"Pannarano","path":"earth/countries/it/20/383/data.json"},{"id":"ctry.it.20.384","type":"district","name":"Paolisi","path":"earth/countries/it/20/384/data.json"},{"id":"ctry.it.20.385","type":"district","name":"Parete","path":"earth/countries/it/20/385/data.json"},{"id":"ctry.it.20.386","type":"district","name":"Parolise","path":"earth/countries/it/20/386/data.json"},{"id":"ctry.it.20.387","type":"district","name":"Pascarola","path":"earth/countries/it/20/387/data.json"},{"id":"ctry.it.20.388","type":"district","name":"Passo di Mirabella-Pianopantano","path":"earth/countries/it/20/388/data.json"},{"id":"ctry.it.20.389","type":"district","name":"Pastorano","path":"earth/countries/it/20/389/data.json"},{"id":"ctry.it.20.390","type":"district","name":"Paternopoli","path":"earth/countries/it/20/390/data.json"},{"id":"ctry.it.20.391","type":"district","name":"Paupisi","path":"earth/countries/it/20/391/data.json"},{"id":"ctry.it.20.392","type":"district","name":"Pellezzano","path":"earth/countries/it/20/392/data.json"},{"id":"ctry.it.20.393","type":"district","name":"Pendino","path":"earth/countries/it/20/393/data.json"},{"id":"ctry.it.20.394","type":"district","name":"Perdifumo","path":"earth/countries/it/20/394/data.json"},{"id":"ctry.it.20.395","type":"district","name":"Perito","path":"earth/countries/it/20/395/data.json"},{"id":"ctry.it.20.396","type":"district","name":"Pertosa","path":"earth/countries/it/20/396/data.json"},{"id":"ctry.it.20.397","type":"district","name":"Pesco Sannita","path":"earth/countries/it/20/397/data.json"},{"id":"ctry.it.20.398","type":"district","name":"Petina","path":"earth/countries/it/20/398/data.json"},{"id":"ctry.it.20.399","type":"district","name":"Petruro Irpino","path":"earth/countries/it/20/399/data.json"},{"id":"ctry.it.20.400","type":"district","name":"Pezzano-Filetta","path":"earth/countries/it/20/400/data.json"},{"id":"ctry.it.20.401","type":"district","name":"Piaggine","path":"earth/countries/it/20/401/data.json"},{"id":"ctry.it.20.402","type":"district","name":"Piana di Monte Verna","path":"earth/countries/it/20/402/data.json"},{"id":"ctry.it.20.403","type":"district","name":"Pianillo","path":"earth/countries/it/20/403/data.json"},{"id":"ctry.it.20.404","type":"district","name":"Piano","path":"earth/countries/it/20/404/data.json"},{"id":"ctry.it.20.405","type":"district","name":"Piano di Sorrento","path":"earth/countries/it/20/405/data.json"},{"id":"ctry.it.20.406","type":"district","name":"Pianura","path":"earth/countries/it/20/406/data.json"},{"id":"ctry.it.20.407","type":"district","name":"Piazza del Galdo-Sant'Angelo","path":"earth/countries/it/20/407/data.json"},{"id":"ctry.it.20.408","type":"district","name":"Piazza di Pandola","path":"earth/countries/it/20/408/data.json"},{"id":"ctry.it.20.409","type":"district","name":"Piazza Roma","path":"earth/countries/it/20/409/data.json"},{"id":"ctry.it.20.410","type":"district","name":"Piazza-Tralia-Pendolo","path":"earth/countries/it/20/410/data.json"},{"id":"ctry.it.20.411","type":"district","name":"Piazzola","path":"earth/countries/it/20/411/data.json"},{"id":"ctry.it.20.412","type":"district","name":"Piazzolla","path":"earth/countries/it/20/412/data.json"},{"id":"ctry.it.20.413","type":"district","name":"Piedimonte","path":"earth/countries/it/20/413/data.json"},{"id":"ctry.it.20.414","type":"district","name":"Piedimonte Matese","path":"earth/countries/it/20/414/data.json"},{"id":"ctry.it.20.415","type":"district","name":"Piegolelle-San Bartolomeo","path":"earth/countries/it/20/415/data.json"},{"id":"ctry.it.20.416","type":"district","name":"Pietradefusi","path":"earth/countries/it/20/416/data.json"},{"id":"ctry.it.20.417","type":"district","name":"Pietramelara","path":"earth/countries/it/20/417/data.json"},{"id":"ctry.it.20.418","type":"district","name":"Pietraroja","path":"earth/countries/it/20/418/data.json"},{"id":"ctry.it.20.419","type":"district","name":"Pietrastornina","path":"earth/countries/it/20/419/data.json"},{"id":"ctry.it.20.420","type":"district","name":"Pietravairano","path":"earth/countries/it/20/420/data.json"},{"id":"ctry.it.20.421","type":"district","name":"Pietre","path":"earth/countries/it/20/421/data.json"},{"id":"ctry.it.20.422","type":"district","name":"Pietrelcina","path":"earth/countries/it/20/422/data.json"},{"id":"ctry.it.20.423","type":"district","name":"Pignataro Maggiore","path":"earth/countries/it/20/423/data.json"},{"id":"ctry.it.20.424","type":"district","name":"Pimonte","path":"earth/countries/it/20/424/data.json"},{"id":"ctry.it.20.425","type":"district","name":"Piscinola","path":"earth/countries/it/20/425/data.json"},{"id":"ctry.it.20.426","type":"district","name":"Pisciotta","path":"earth/countries/it/20/426/data.json"},{"id":"ctry.it.20.427","type":"district","name":"Poggiomarino","path":"earth/countries/it/20/427/data.json"},{"id":"ctry.it.20.428","type":"district","name":"Poggioreale","path":"earth/countries/it/20/428/data.json"},{"id":"ctry.it.20.429","type":"district","name":"Policastro Bussentino","path":"earth/countries/it/20/429/data.json"},{"id":"ctry.it.20.430","type":"district","name":"Polla","path":"earth/countries/it/20/430/data.json"},{"id":"ctry.it.20.431","type":"district","name":"Pollena Trocchia","path":"earth/countries/it/20/431/data.json"},{"id":"ctry.it.20.432","type":"district","name":"Pollica","path":"earth/countries/it/20/432/data.json"},{"id":"ctry.it.20.433","type":"district","name":"Polvica","path":"earth/countries/it/20/433/data.json"},{"id":"ctry.it.20.434","type":"district","name":"Pomigliano d'Arco","path":"earth/countries/it/20/434/data.json"},{"id":"ctry.it.20.435","type":"district","name":"Pompei","path":"earth/countries/it/20/435/data.json"},{"id":"ctry.it.20.436","type":"district","name":"Ponte","path":"earth/countries/it/20/436/data.json"},{"id":"ctry.it.20.437","type":"district","name":"Pontecagnano","path":"earth/countries/it/20/437/data.json"},{"id":"ctry.it.20.438","type":"district","name":"Pontelandolfo","path":"earth/countries/it/20/438/data.json"},{"id":"ctry.it.20.439","type":"district","name":"Pontelatone","path":"earth/countries/it/20/439/data.json"},{"id":"ctry.it.20.440","type":"district","name":"Ponticelli","path":"earth/countries/it/20/440/data.json"},{"id":"ctry.it.20.441","type":"district","name":"Portici","path":"earth/countries/it/20/441/data.json"},{"id":"ctry.it.20.442","type":"district","name":"Portico di Caserta","path":"earth/countries/it/20/442/data.json"},{"id":"ctry.it.20.443","type":"district","name":"Porto","path":"earth/countries/it/20/443/data.json"},{"id":"ctry.it.20.444","type":"district","name":"Posillipo","path":"earth/countries/it/20/444/data.json"},{"id":"ctry.it.20.445","type":"district","name":"Positano","path":"earth/countries/it/20/445/data.json"},{"id":"ctry.it.20.446","type":"district","name":"Postiglione","path":"earth/countries/it/20/446/data.json"},{"id":"ctry.it.20.447","type":"district","name":"Pozzillo","path":"earth/countries/it/20/447/data.json"},{"id":"ctry.it.20.448","type":"district","name":"Pozzuoli","path":"earth/countries/it/20/448/data.json"},{"id":"ctry.it.20.449","type":"district","name":"Praiano","path":"earth/countries/it/20/449/data.json"},{"id":"ctry.it.20.450","type":"district","name":"Prata di Principato Ultra","path":"earth/countries/it/20/450/data.json"},{"id":"ctry.it.20.451","type":"district","name":"Prata Sannita Centro","path":"earth/countries/it/20/451/data.json"},{"id":"ctry.it.20.452","type":"district","name":"Pratella","path":"earth/countries/it/20/452/data.json"},{"id":"ctry.it.20.453","type":"district","name":"Prato Perillo","path":"earth/countries/it/20/453/data.json"},{"id":"ctry.it.20.454","type":"district","name":"Pratola Serra","path":"earth/countries/it/20/454/data.json"},{"id":"ctry.it.20.455","type":"district","name":"Pratole","path":"earth/countries/it/20/455/data.json"},{"id":"ctry.it.20.456","type":"district","name":"Prepezzano","path":"earth/countries/it/20/456/data.json"},{"id":"ctry.it.20.457","type":"district","name":"Presenzano","path":"earth/countries/it/20/457/data.json"},{"id":"ctry.it.20.458","type":"district","name":"Prignano Cilento","path":"earth/countries/it/20/458/data.json"},{"id":"ctry.it.20.459","type":"district","name":"Procida","path":"earth/countries/it/20/459/data.json"},{"id":"ctry.it.20.460","type":"district","name":"Provincia di Avellino","path":"earth/countries/it/20/460/data.json"},{"id":"ctry.it.20.461","type":"district","name":"Provincia di Benevento","path":"earth/countries/it/20/461/data.json"},{"id":"ctry.it.20.462","type":"district","name":"Provincia di Caserta","path":"earth/countries/it/20/462/data.json"},{"id":"ctry.it.20.463","type":"district","name":"Provincia di Salerno","path":"earth/countries/it/20/463/data.json"},{"id":"ctry.it.20.464","type":"district","name":"Puglianello","path":"earth/countries/it/20/464/data.json"},{"id":"ctry.it.20.465","type":"district","name":"Pugliano","path":"earth/countries/it/20/465/data.json"},{"id":"ctry.it.20.466","type":"district","name":"Quadrelle","path":"earth/countries/it/20/466/data.json"},{"id":"ctry.it.20.467","type":"district","name":"Quadrivio","path":"earth/countries/it/20/467/data.json"},{"id":"ctry.it.20.468","type":"district","name":"Qualiano","path":"earth/countries/it/20/468/data.json"},{"id":"ctry.it.20.469","type":"district","name":"Quarto","path":"earth/countries/it/20/469/data.json"},{"id":"ctry.it.20.470","type":"district","name":"Quindici","path":"earth/countries/it/20/470/data.json"},{"id":"ctry.it.20.471","type":"district","name":"Ravello","path":"earth/countries/it/20/471/data.json"},{"id":"ctry.it.20.472","type":"district","name":"Raviscanina","path":"earth/countries/it/20/472/data.json"},{"id":"ctry.it.20.473","type":"district","name":"Recale","path":"earth/countries/it/20/473/data.json"},{"id":"ctry.it.20.474","type":"district","name":"Reino","path":"earth/countries/it/20/474/data.json"},{"id":"ctry.it.20.475","type":"district","name":"Rettifilo-Vannullo","path":"earth/countries/it/20/475/data.json"},{"id":"ctry.it.20.476","type":"district","name":"Riardo","path":"earth/countries/it/20/476/data.json"},{"id":"ctry.it.20.477","type":"district","name":"Ricigliano","path":"earth/countries/it/20/477/data.json"},{"id":"ctry.it.20.478","type":"district","name":"Rocca San Felice","path":"earth/countries/it/20/478/data.json"},{"id":"ctry.it.20.479","type":"district","name":"Roccabascerana","path":"earth/countries/it/20/479/data.json"},{"id":"ctry.it.20.480","type":"district","name":"Roccadaspide","path":"earth/countries/it/20/480/data.json"},{"id":"ctry.it.20.481","type":"district","name":"Roccagloriosa","path":"earth/countries/it/20/481/data.json"},{"id":"ctry.it.20.482","type":"district","name":"Roccamonfina","path":"earth/countries/it/20/482/data.json"},{"id":"ctry.it.20.483","type":"district","name":"Roccapiemonte","path":"earth/countries/it/20/483/data.json"},{"id":"ctry.it.20.484","type":"district","name":"Roccarainola","path":"earth/countries/it/20/484/data.json"},{"id":"ctry.it.20.485","type":"district","name":"Roccaromana","path":"earth/countries/it/20/485/data.json"},{"id":"ctry.it.20.486","type":"district","name":"Rocchetta","path":"earth/countries/it/20/486/data.json"},{"id":"ctry.it.20.487","type":"district","name":"Rofrano","path":"earth/countries/it/20/487/data.json"},{"id":"ctry.it.20.488","type":"district","name":"Roscigno","path":"earth/countries/it/20/488/data.json"},{"id":"ctry.it.20.489","type":"district","name":"Rotondi","path":"earth/countries/it/20/489/data.json"},{"id":"ctry.it.20.490","type":"district","name":"Rutino","path":"earth/countries/it/20/490/data.json"},{"id":"ctry.it.20.491","type":"district","name":"Ruviano","path":"earth/countries/it/20/491/data.json"},{"id":"ctry.it.20.492","type":"district","name":"Sacco","path":"earth/countries/it/20/492/data.json"},{"id":"ctry.it.20.493","type":"district","name":"Sala","path":"earth/countries/it/20/493/data.json"},{"id":"ctry.it.20.494","type":"district","name":"Sala Consilina","path":"earth/countries/it/20/494/data.json"},{"id":"ctry.it.20.495","type":"district","name":"Salento","path":"earth/countries/it/20/495/data.json"},{"id":"ctry.it.20.496","type":"district","name":"Salerno","path":"earth/countries/it/20/496/data.json"},{"id":"ctry.it.20.497","type":"district","name":"Salitto-Valle","path":"earth/countries/it/20/497/data.json"},{"id":"ctry.it.20.498","type":"district","name":"Salvitelle","path":"earth/countries/it/20/498/data.json"},{"id":"ctry.it.20.499","type":"district","name":"Salza Irpina","path":"earth/countries/it/20/499/data.json"},{"id":"ctry.it.20.500","type":"district","name":"San Bartolomeo in Galdo","path":"earth/countries/it/20/500/data.json"},{"id":"ctry.it.20.501","type":"district","name":"San Carlo All'Arena","path":"earth/countries/it/20/501/data.json"},{"id":"ctry.it.20.502","type":"district","name":"San Castrese","path":"earth/countries/it/20/502/data.json"},{"id":"ctry.it.20.503","type":"district","name":"San Cipriano d'Aversa","path":"earth/countries/it/20/503/data.json"},{"id":"ctry.it.20.504","type":"district","name":"San Cipriano Picentino","path":"earth/countries/it/20/504/data.json"},{"id":"ctry.it.20.505","type":"district","name":"San Clemente","path":"earth/countries/it/20/505/data.json"},{"id":"ctry.it.20.506","type":"district","name":"San Felice A Cancello","path":"earth/countries/it/20/506/data.json"},{"id":"ctry.it.20.507","type":"district","name":"San Ferdinando","path":"earth/countries/it/20/507/data.json"},{"id":"ctry.it.20.508","type":"district","name":"San Gennaro Vesuviano","path":"earth/countries/it/20/508/data.json"},{"id":"ctry.it.20.509","type":"district","name":"San Giorgio","path":"earth/countries/it/20/509/data.json"},{"id":"ctry.it.20.510","type":"district","name":"San Giorgio a Cremano","path":"earth/countries/it/20/510/data.json"},{"id":"ctry.it.20.511","type":"district","name":"San Giorgio del Sannio","path":"earth/countries/it/20/511/data.json"},{"id":"ctry.it.20.512","type":"district","name":"San Giorgio la Molara","path":"earth/countries/it/20/512/data.json"},{"id":"ctry.it.20.513","type":"district","name":"San Giovanni A Piro","path":"earth/countries/it/20/513/data.json"},{"id":"ctry.it.20.514","type":"district","name":"San Giovanni a Teduccio","path":"earth/countries/it/20/514/data.json"},{"id":"ctry.it.20.515","type":"district","name":"San Giuseppe","path":"earth/countries/it/20/515/data.json"},{"id":"ctry.it.20.516","type":"district","name":"San Giuseppe Vesuviano","path":"earth/countries/it/20/516/data.json"},{"id":"ctry.it.20.517","type":"district","name":"San Gregorio Magno","path":"earth/countries/it/20/517/data.json"},{"id":"ctry.it.20.518","type":"district","name":"San Gregorio Matese","path":"earth/countries/it/20/518/data.json"},{"id":"ctry.it.20.519","type":"district","name":"San Leucio del Sannio-Cavuoti","path":"earth/countries/it/20/519/data.json"},{"id":"ctry.it.20.520","type":"district","name":"San Lorenzello","path":"earth/countries/it/20/520/data.json"},{"id":"ctry.it.20.521","type":"district","name":"San Lorenzo","path":"earth/countries/it/20/521/data.json"},{"id":"ctry.it.20.522","type":"district","name":"San Lorenzo Maggiore","path":"earth/countries/it/20/522/data.json"},{"id":"ctry.it.20.523","type":"district","name":"San Lupo","path":"earth/countries/it/20/523/data.json"},{"id":"ctry.it.20.524","type":"district","name":"San Mango Piemonte","path":"earth/countries/it/20/524/data.json"},{"id":"ctry.it.20.525","type":"district","name":"San Mango sul Calore","path":"earth/countries/it/20/525/data.json"},{"id":"ctry.it.20.526","type":"district","name":"San Marcellino","path":"earth/countries/it/20/526/data.json"},{"id":"ctry.it.20.527","type":"district","name":"San Marco","path":"earth/countries/it/20/527/data.json"},{"id":"ctry.it.20.528","type":"district","name":"San Marco dei Cavoti","path":"earth/countries/it/20/528/data.json"},{"id":"ctry.it.20.529","type":"district","name":"San Marco Evangelista","path":"earth/countries/it/20/529/data.json"},{"id":"ctry.it.20.530","type":"district","name":"San Martino Sannita","path":"earth/countries/it/20/530/data.json"},{"id":"ctry.it.20.531","type":"district","name":"San Martino Valle Caudina","path":"earth/countries/it/20/531/data.json"},{"id":"ctry.it.20.532","type":"district","name":"San Marzano sul Sarno","path":"earth/countries/it/20/532/data.json"},{"id":"ctry.it.20.533","type":"district","name":"San Mauro Cilento","path":"earth/countries/it/20/533/data.json"},{"id":"ctry.it.20.534","type":"district","name":"San Mauro la Bruca","path":"earth/countries/it/20/534/data.json"},{"id":"ctry.it.20.535","type":"district","name":"San Michele","path":"earth/countries/it/20/535/data.json"},{"id":"ctry.it.20.536","type":"district","name":"San Michele di Serino","path":"earth/countries/it/20/536/data.json"},{"id":"ctry.it.20.537","type":"district","name":"San Nazzaro","path":"earth/countries/it/20/537/data.json"},{"id":"ctry.it.20.538","type":"district","name":"San Nicola Baronia","path":"earth/countries/it/20/538/data.json"},{"id":"ctry.it.20.539","type":"district","name":"San Nicola la Strada","path":"earth/countries/it/20/539/data.json"},{"id":"ctry.it.20.540","type":"district","name":"San Nicola Manfredi","path":"earth/countries/it/20/540/data.json"},{"id":"ctry.it.20.541","type":"district","name":"San Paolo Bel Sito","path":"earth/countries/it/20/541/data.json"},{"id":"ctry.it.20.542","type":"district","name":"San Pietro","path":"earth/countries/it/20/542/data.json"},{"id":"ctry.it.20.543","type":"district","name":"San Pietro a Patierno","path":"earth/countries/it/20/543/data.json"},{"id":"ctry.it.20.544","type":"district","name":"San Pietro al Tanagro","path":"earth/countries/it/20/544/data.json"},{"id":"ctry.it.20.545","type":"district","name":"San Pietro Infine","path":"earth/countries/it/20/545/data.json"},{"id":"ctry.it.20.546","type":"district","name":"San Potito Sannitico","path":"earth/countries/it/20/546/data.json"},{"id":"ctry.it.20.547","type":"district","name":"San Potito Ultra","path":"earth/countries/it/20/547/data.json"},{"id":"ctry.it.20.548","type":"district","name":"San Prisco","path":"earth/countries/it/20/548/data.json"},{"id":"ctry.it.20.549","type":"district","name":"San Rufo","path":"earth/countries/it/20/549/data.json"},{"id":"ctry.it.20.550","type":"district","name":"San Salvatore Telesino","path":"earth/countries/it/20/550/data.json"},{"id":"ctry.it.20.551","type":"district","name":"San Sebastiano al Vesuvio","path":"earth/countries/it/20/551/data.json"},{"id":"ctry.it.20.552","type":"district","name":"San Sossio Baronia","path":"earth/countries/it/20/552/data.json"},{"id":"ctry.it.20.553","type":"district","name":"San Tammaro","path":"earth/countries/it/20/553/data.json"},{"id":"ctry.it.20.554","type":"district","name":"San Valentino Torio","path":"earth/countries/it/20/554/data.json"},{"id":"ctry.it.20.555","type":"district","name":"San Vitaliano","path":"earth/countries/it/20/555/data.json"},{"id":"ctry.it.20.556","type":"district","name":"Sant'Agata de'Goti","path":"earth/countries/it/20/556/data.json"},{"id":"ctry.it.20.557","type":"district","name":"Sant'Agata sui Due Golfi","path":"earth/countries/it/20/557/data.json"},{"id":"ctry.it.20.558","type":"district","name":"Sant'Agnello","path":"earth/countries/it/20/558/data.json"},{"id":"ctry.it.20.559","type":"district","name":"Sant'Anastasia","path":"earth/countries/it/20/559/data.json"},{"id":"ctry.it.20.560","type":"district","name":"Sant'Andrea di Conza","path":"earth/countries/it/20/560/data.json"},{"id":"ctry.it.20.561","type":"district","name":"Sant'Andrea-Pizzone-Ciamprisco","path":"earth/countries/it/20/561/data.json"},{"id":"ctry.it.20.562","type":"district","name":"Sant'Angelo","path":"earth/countries/it/20/562/data.json"},{"id":"ctry.it.20.563","type":"district","name":"Sant'Angelo A Cupolo","path":"earth/countries/it/20/563/data.json"},{"id":"ctry.it.20.564","type":"district","name":"Sant'Angelo A Fasanella","path":"earth/countries/it/20/564/data.json"},{"id":"ctry.it.20.565","type":"district","name":"Sant'Angelo A Scala","path":"earth/countries/it/20/565/data.json"},{"id":"ctry.it.20.566","type":"district","name":"Sant'Angelo All'Esca","path":"earth/countries/it/20/566/data.json"},{"id":"ctry.it.20.567","type":"district","name":"Sant'Angelo d'Alife","path":"earth/countries/it/20/567/data.json"},{"id":"ctry.it.20.568","type":"district","name":"Sant'Angelo dei Lombardi","path":"earth/countries/it/20/568/data.json"},{"id":"ctry.it.20.569","type":"district","name":"Sant'Angelo in Formis","path":"earth/countries/it/20/569/data.json"},{"id":"ctry.it.20.570","type":"district","name":"Sant'Antimo","path":"earth/countries/it/20/570/data.json"},{"id":"ctry.it.20.571","type":"district","name":"Sant'Antonio","path":"earth/countries/it/20/571/data.json"},{"id":"ctry.it.20.572","type":"district","name":"Sant'Antonio Abate","path":"earth/countries/it/20/572/data.json"},{"id":"ctry.it.20.573","type":"district","name":"Sant'Arcangelo Trimonte","path":"earth/countries/it/20/573/data.json"},{"id":"ctry.it.20.574","type":"district","name":"Sant'Arpino","path":"earth/countries/it/20/574/data.json"},{"id":"ctry.it.20.575","type":"district","name":"Sant'Arsenio","path":"earth/countries/it/20/575/data.json"},{"id":"ctry.it.20.576","type":"district","name":"Sant'Egidio del Monte Albino","path":"earth/countries/it/20/576/data.json"},{"id":"ctry.it.20.577","type":"district","name":"Sant'Elena Irpina","path":"earth/countries/it/20/577/data.json"},{"id":"ctry.it.20.578","type":"district","name":"Santa Croce del Sannio","path":"earth/countries/it/20/578/data.json"},{"id":"ctry.it.20.579","type":"district","name":"Santa Lucia","path":"earth/countries/it/20/579/data.json"},{"id":"ctry.it.20.580","type":"district","name":"Santa Lucia di Serino","path":"earth/countries/it/20/580/data.json"},{"id":"ctry.it.20.581","type":"district","name":"Santa Maria","path":"earth/countries/it/20/581/data.json"},{"id":"ctry.it.20.582","type":"district","name":"Santa Maria A Vico","path":"earth/countries/it/20/582/data.json"},{"id":"ctry.it.20.583","type":"district","name":"Santa Maria Capua Vetere","path":"earth/countries/it/20/583/data.json"},{"id":"ctry.it.20.584","type":"district","name":"Santa Maria La Carità","path":"earth/countries/it/20/584/data.json"},{"id":"ctry.it.20.585","type":"district","name":"Santa Maria la Fossa","path":"earth/countries/it/20/585/data.json"},{"id":"ctry.it.20.586","type":"district","name":"Santa Marina","path":"earth/countries/it/20/586/data.json"},{"id":"ctry.it.20.587","type":"district","name":"Santa Paolina","path":"earth/countries/it/20/587/data.json"},{"id":"ctry.it.20.588","type":"district","name":"Santa Tecla-Castelpagano","path":"earth/countries/it/20/588/data.json"},{"id":"ctry.it.20.589","type":"district","name":"Santo Stefano del Sole","path":"earth/countries/it/20/589/data.json"},{"id":"ctry.it.20.590","type":"district","name":"Santomenna","path":"earth/countries/it/20/590/data.json"},{"id":"ctry.it.20.591","type":"district","name":"Sanza","path":"earth/countries/it/20/591/data.json"},{"id":"ctry.it.20.592","type":"district","name":"Sapri","path":"earth/countries/it/20/592/data.json"},{"id":"ctry.it.20.593","type":"district","name":"Sarno","path":"earth/countries/it/20/593/data.json"},{"id":"ctry.it.20.594","type":"district","name":"Sassano","path":"earth/countries/it/20/594/data.json"},{"id":"ctry.it.20.595","type":"district","name":"Sassinoro","path":"earth/countries/it/20/595/data.json"},{"id":"ctry.it.20.596","type":"district","name":"Saviano","path":"earth/countries/it/20/596/data.json"},{"id":"ctry.it.20.597","type":"district","name":"Savignano Irpino","path":"earth/countries/it/20/597/data.json"},{"id":"ctry.it.20.598","type":"district","name":"Scafati","path":"earth/countries/it/20/598/data.json"},{"id":"ctry.it.20.599","type":"district","name":"Scala","path":"earth/countries/it/20/599/data.json"},{"id":"ctry.it.20.600","type":"district","name":"Scalo Romagnano al Monte","path":"earth/countries/it/20/600/data.json"},{"id":"ctry.it.20.601","type":"district","name":"Scampia","path":"earth/countries/it/20/601/data.json"},{"id":"ctry.it.20.602","type":"district","name":"Scampitella","path":"earth/countries/it/20/602/data.json"},{"id":"ctry.it.20.603","type":"district","name":"Scario","path":"earth/countries/it/20/603/data.json"},{"id":"ctry.it.20.604","type":"district","name":"Scisciano","path":"earth/countries/it/20/604/data.json"},{"id":"ctry.it.20.605","type":"district","name":"Secondigliano","path":"earth/countries/it/20/605/data.json"},{"id":"ctry.it.20.606","type":"district","name":"Senerchia","path":"earth/countries/it/20/606/data.json"},{"id":"ctry.it.20.607","type":"district","name":"Serino","path":"earth/countries/it/20/607/data.json"},{"id":"ctry.it.20.608","type":"district","name":"Serramezzana","path":"earth/countries/it/20/608/data.json"},{"id":"ctry.it.20.609","type":"district","name":"Serrara Fontana","path":"earth/countries/it/20/609/data.json"},{"id":"ctry.it.20.610","type":"district","name":"Serre","path":"earth/countries/it/20/610/data.json"},{"id":"ctry.it.20.611","type":"district","name":"Sessa Aurunca","path":"earth/countries/it/20/611/data.json"},{"id":"ctry.it.20.612","type":"district","name":"Sessa Cilento","path":"earth/countries/it/20/612/data.json"},{"id":"ctry.it.20.613","type":"district","name":"Siano","path":"earth/countries/it/20/613/data.json"},{"id":"ctry.it.20.614","type":"district","name":"Sicignano degli Alburni","path":"earth/countries/it/20/614/data.json"},{"id":"ctry.it.20.615","type":"district","name":"Sirignano","path":"earth/countries/it/20/615/data.json"},{"id":"ctry.it.20.616","type":"district","name":"Soccavo","path":"earth/countries/it/20/616/data.json"},{"id":"ctry.it.20.617","type":"district","name":"Solofra","path":"earth/countries/it/20/617/data.json"},{"id":"ctry.it.20.618","type":"district","name":"Solopaca","path":"earth/countries/it/20/618/data.json"},{"id":"ctry.it.20.619","type":"district","name":"Somma Vesuviana","path":"earth/countries/it/20/619/data.json"},{"id":"ctry.it.20.620","type":"district","name":"Sorbo Serpico","path":"earth/countries/it/20/620/data.json"},{"id":"ctry.it.20.621","type":"district","name":"Sorrento","path":"earth/countries/it/20/621/data.json"},{"id":"ctry.it.20.622","type":"district","name":"Sparanise","path":"earth/countries/it/20/622/data.json"},{"id":"ctry.it.20.623","type":"district","name":"Spartimento","path":"earth/countries/it/20/623/data.json"},{"id":"ctry.it.20.624","type":"district","name":"Sperone","path":"earth/countries/it/20/624/data.json"},{"id":"ctry.it.20.625","type":"district","name":"Starza Vecchia","path":"earth/countries/it/20/625/data.json"},{"id":"ctry.it.20.626","type":"district","name":"Stella","path":"earth/countries/it/20/626/data.json"},{"id":"ctry.it.20.627","type":"district","name":"Stella Cilento","path":"earth/countries/it/20/627/data.json"},{"id":"ctry.it.20.628","type":"district","name":"Stio","path":"earth/countries/it/20/628/data.json"},{"id":"ctry.it.20.629","type":"district","name":"Striano","path":"earth/countries/it/20/629/data.json"},{"id":"ctry.it.20.630","type":"district","name":"Sturno","path":"earth/countries/it/20/630/data.json"},{"id":"ctry.it.20.631","type":"district","name":"Succivo","path":"earth/countries/it/20/631/data.json"},{"id":"ctry.it.20.632","type":"district","name":"Summonte","path":"earth/countries/it/20/632/data.json"},{"id":"ctry.it.20.633","type":"district","name":"Taurano","path":"earth/countries/it/20/633/data.json"},{"id":"ctry.it.20.634","type":"district","name":"Taurasi","path":"earth/countries/it/20/634/data.json"},{"id":"ctry.it.20.635","type":"district","name":"Teano","path":"earth/countries/it/20/635/data.json"},{"id":"ctry.it.20.636","type":"district","name":"Teggiano-Macchiaroli","path":"earth/countries/it/20/636/data.json"},{"id":"ctry.it.20.637","type":"district","name":"Telese","path":"earth/countries/it/20/637/data.json"},{"id":"ctry.it.20.638","type":"district","name":"Teora","path":"earth/countries/it/20/638/data.json"},{"id":"ctry.it.20.639","type":"district","name":"Terzigno","path":"earth/countries/it/20/639/data.json"},{"id":"ctry.it.20.640","type":"district","name":"Teverola","path":"earth/countries/it/20/640/data.json"},{"id":"ctry.it.20.641","type":"district","name":"Tocco Caudio","path":"earth/countries/it/20/641/data.json"},{"id":"ctry.it.20.642","type":"district","name":"Tora","path":"earth/countries/it/20/642/data.json"},{"id":"ctry.it.20.643","type":"district","name":"Torchiara","path":"earth/countries/it/20/643/data.json"},{"id":"ctry.it.20.644","type":"district","name":"Torchiati","path":"earth/countries/it/20/644/data.json"},{"id":"ctry.it.20.645","type":"district","name":"Torella dei Lombardi","path":"earth/countries/it/20/645/data.json"},{"id":"ctry.it.20.646","type":"district","name":"Torelli-Torrette","path":"earth/countries/it/20/646/data.json"},{"id":"ctry.it.20.647","type":"district","name":"Torraca","path":"earth/countries/it/20/647/data.json"},{"id":"ctry.it.20.648","type":"district","name":"Torre Annunziata","path":"earth/countries/it/20/648/data.json"},{"id":"ctry.it.20.649","type":"district","name":"Torre Caracciolo","path":"earth/countries/it/20/649/data.json"},{"id":"ctry.it.20.650","type":"district","name":"Torre del Greco","path":"earth/countries/it/20/650/data.json"},{"id":"ctry.it.20.651","type":"district","name":"Torre le Nocelle","path":"earth/countries/it/20/651/data.json"},{"id":"ctry.it.20.652","type":"district","name":"Torre Orsaia","path":"earth/countries/it/20/652/data.json"},{"id":"ctry.it.20.653","type":"district","name":"Torrecuso","path":"earth/countries/it/20/653/data.json"},{"id":"ctry.it.20.654","type":"district","name":"Torretta-Scalzapecora","path":"earth/countries/it/20/654/data.json"},{"id":"ctry.it.20.655","type":"district","name":"Torrioni","path":"earth/countries/it/20/655/data.json"},{"id":"ctry.it.20.656","type":"district","name":"Tortorella","path":"earth/countries/it/20/656/data.json"},{"id":"ctry.it.20.657","type":"district","name":"Tramonti","path":"earth/countries/it/20/657/data.json"},{"id":"ctry.it.20.658","type":"district","name":"Trecase","path":"earth/countries/it/20/658/data.json"},{"id":"ctry.it.20.659","type":"district","name":"Trentinara","path":"earth/countries/it/20/659/data.json"},{"id":"ctry.it.20.660","type":"district","name":"Trentola-Ducenta","path":"earth/countries/it/20/660/data.json"},{"id":"ctry.it.20.661","type":"district","name":"Trescine","path":"earth/countries/it/20/661/data.json"},{"id":"ctry.it.20.662","type":"district","name":"Trevico","path":"earth/countries/it/20/662/data.json"},{"id":"ctry.it.20.663","type":"district","name":"Tufino","path":"earth/countries/it/20/663/data.json"},{"id":"ctry.it.20.664","type":"district","name":"Tufo","path":"earth/countries/it/20/664/data.json"},{"id":"ctry.it.20.665","type":"district","name":"Vairano-Patenora","path":"earth/countries/it/20/665/data.json"},{"id":"ctry.it.20.666","type":"district","name":"Vallata","path":"earth/countries/it/20/666/data.json"},{"id":"ctry.it.20.667","type":"district","name":"Valle Agricola","path":"earth/countries/it/20/667/data.json"},{"id":"ctry.it.20.668","type":"district","name":"Valle dell'Angelo","path":"earth/countries/it/20/668/data.json"},{"id":"ctry.it.20.669","type":"district","name":"Valle di Maddaloni","path":"earth/countries/it/20/669/data.json"},{"id":"ctry.it.20.670","type":"district","name":"Vallesaccarda","path":"earth/countries/it/20/670/data.json"},{"id":"ctry.it.20.671","type":"district","name":"Vallo della Lucania","path":"earth/countries/it/20/671/data.json"},{"id":"ctry.it.20.672","type":"district","name":"Valva","path":"earth/countries/it/20/672/data.json"},{"id":"ctry.it.20.673","type":"district","name":"Venticano","path":"earth/countries/it/20/673/data.json"},{"id":"ctry.it.20.674","type":"district","name":"Vibonati","path":"earth/countries/it/20/674/data.json"},{"id":"ctry.it.20.675","type":"district","name":"Vicaria","path":"earth/countries/it/20/675/data.json"},{"id":"ctry.it.20.676","type":"district","name":"Vico Equense","path":"earth/countries/it/20/676/data.json"},{"id":"ctry.it.20.677","type":"district","name":"Vietri sul Mare","path":"earth/countries/it/20/677/data.json"},{"id":"ctry.it.20.678","type":"district","name":"Villa di Briano","path":"earth/countries/it/20/678/data.json"},{"id":"ctry.it.20.679","type":"district","name":"Villa Literno","path":"earth/countries/it/20/679/data.json"},{"id":"ctry.it.20.680","type":"district","name":"Villamaina","path":"earth/countries/it/20/680/data.json"},{"id":"ctry.it.20.681","type":"district","name":"Villammare","path":"earth/countries/it/20/681/data.json"},{"id":"ctry.it.20.682","type":"district","name":"Villanova del Battista","path":"earth/countries/it/20/682/data.json"},{"id":"ctry.it.20.683","type":"district","name":"Villaricca","path":"earth/countries/it/20/683/data.json"},{"id":"ctry.it.20.684","type":"district","name":"Visciano","path":"earth/countries/it/20/684/data.json"},{"id":"ctry.it.20.685","type":"district","name":"Vitulano","path":"earth/countries/it/20/685/data.json"},{"id":"ctry.it.20.686","type":"district","name":"Vitulazio","path":"earth/countries/it/20/686/data.json"},{"id":"ctry.it.20.687","type":"district","name":"Volla","path":"earth/countries/it/20/687/data.json"},{"id":"ctry.it.20.688","type":"district","name":"Volturara Irpina","path":"earth/countries/it/20/688/data.json"},{"id":"ctry.it.20.689","type":"district","name":"Vomero","path":"earth/countries/it/20/689/data.json"},{"id":"ctry.it.20.690","type":"district","name":"Zona Industriale","path":"earth/countries/it/20/690/data.json"},{"id":"ctry.it.20.691","type":"district","name":"Zungoli","path":"earth/countries/it/20/691/data.json"},{"id":"ctry.it.20.692","type":"district","name":"Zuni","path":"earth/countries/it/20/692/data.json"}]}