{"data":[{"id":"ctry.it.45.1","address":"Accumoli, Lazio, Italy","path":"earth/countries/it/45/1/data.json"},{"id":"ctry.it.45.2","address":"Acilia-Castel Fusano-Ostia Antica, Lazio, Italy","path":"earth/countries/it/45/2/data.json"},{"id":"ctry.it.45.3","address":"Acquafondata, Lazio, Italy","path":"earth/countries/it/45/3/data.json"},{"id":"ctry.it.45.4","address":"Acquapendente, Lazio, Italy","path":"earth/countries/it/45/4/data.json"},{"id":"ctry.it.45.5","address":"Acuto, Lazio, Italy","path":"earth/countries/it/45/5/data.json"},{"id":"ctry.it.45.6","address":"Affile, Lazio, Italy","path":"earth/countries/it/45/6/data.json"},{"id":"ctry.it.45.7","address":"Agosta, Lazio, Italy","path":"earth/countries/it/45/7/data.json"},{"id":"ctry.it.45.8","address":"Alatri, Lazio, Italy","path":"earth/countries/it/45/8/data.json"},{"id":"ctry.it.45.9","address":"Albano Laziale, Lazio, Italy","path":"earth/countries/it/45/9/data.json"},{"id":"ctry.it.45.10","address":"Albuccione, Lazio, Italy","path":"earth/countries/it/45/10/data.json"},{"id":"ctry.it.45.11","address":"Allumiere, Lazio, Italy","path":"earth/countries/it/45/11/data.json"},{"id":"ctry.it.45.12","address":"Alvito, Lazio, Italy","path":"earth/countries/it/45/12/data.json"},{"id":"ctry.it.45.13","address":"Amaseno, Lazio, Italy","path":"earth/countries/it/45/13/data.json"},{"id":"ctry.it.45.14","address":"Amatrice, Lazio, Italy","path":"earth/countries/it/45/14/data.json"},{"id":"ctry.it.45.15","address":"Anagni, Lazio, Italy","path":"earth/countries/it/45/15/data.json"},{"id":"ctry.it.45.16","address":"Anguillara Sabazia, Lazio, Italy","path":"earth/countries/it/45/16/data.json"},{"id":"ctry.it.45.17","address":"Anitrella-Chiaiamari, Lazio, Italy","path":"earth/countries/it/45/17/data.json"},{"id":"ctry.it.45.18","address":"Anticoli Corrado, Lazio, Italy","path":"earth/countries/it/45/18/data.json"},{"id":"ctry.it.45.19","address":"Antrodoco, Lazio, Italy","path":"earth/countries/it/45/19/data.json"},{"id":"ctry.it.45.20","address":"Anzio, Lazio, Italy","path":"earth/countries/it/45/20/data.json"},{"id":"ctry.it.45.21","address":"Aprilia, Lazio, Italy","path":"earth/countries/it/45/21/data.json"},{"id":"ctry.it.45.22","address":"Aquino, Lazio, Italy","path":"earth/countries/it/45/22/data.json"},{"id":"ctry.it.45.23","address":"Ara Nova, Lazio, Italy","path":"earth/countries/it/45/23/data.json"},{"id":"ctry.it.45.24","address":"Arce, Lazio, Italy","path":"earth/countries/it/45/24/data.json"},{"id":"ctry.it.45.25","address":"Arci-Empolitana, Lazio, Italy","path":"earth/countries/it/45/25/data.json"},{"id":"ctry.it.45.26","address":"Arcinazzo Romano, Lazio, Italy","path":"earth/countries/it/45/26/data.json"},{"id":"ctry.it.45.27","address":"Ardea, Lazio, Italy","path":"earth/countries/it/45/27/data.json"},{"id":"ctry.it.45.28","address":"Area Produttiva, Lazio, Italy","path":"earth/countries/it/45/28/data.json"},{"id":"ctry.it.45.29","address":"Ariccia, Lazio, Italy","path":"earth/countries/it/45/29/data.json"},{"id":"ctry.it.45.30","address":"Arlena di Castro, Lazio, Italy","path":"earth/countries/it/45/30/data.json"},{"id":"ctry.it.45.31","address":"Armetta, Lazio, Italy","path":"earth/countries/it/45/31/data.json"},{"id":"ctry.it.45.32","address":"Arnara, Lazio, Italy","path":"earth/countries/it/45/32/data.json"},{"id":"ctry.it.45.33","address":"Arpino, Lazio, Italy","path":"earth/countries/it/45/33/data.json"},{"id":"ctry.it.45.34","address":"Arsoli, Lazio, Italy","path":"earth/countries/it/45/34/data.json"},{"id":"ctry.it.45.35","address":"Artena, Lazio, Italy","path":"earth/countries/it/45/35/data.json"},{"id":"ctry.it.45.36","address":"Ascrea, Lazio, Italy","path":"earth/countries/it/45/36/data.json"},{"id":"ctry.it.45.37","address":"Atina, Lazio, Italy","path":"earth/countries/it/45/37/data.json"},{"id":"ctry.it.45.38","address":"Atina Inferiore, Lazio, Italy","path":"earth/countries/it/45/38/data.json"},{"id":"ctry.it.45.39","address":"Aurelia, Lazio, Italy","path":"earth/countries/it/45/39/data.json"},{"id":"ctry.it.45.40","address":"Ausonia, Lazio, Italy","path":"earth/countries/it/45/40/data.json"},{"id":"ctry.it.45.41","address":"Bagni di Tivoli, Lazio, Italy","path":"earth/countries/it/45/41/data.json"},{"id":"ctry.it.45.42","address":"Bagnoregio, Lazio, Italy","path":"earth/countries/it/45/42/data.json"},{"id":"ctry.it.45.43","address":"Barbarano Romano, Lazio, Italy","path":"earth/countries/it/45/43/data.json"},{"id":"ctry.it.45.44","address":"Bassano in Teverina, Lazio, Italy","path":"earth/countries/it/45/44/data.json"},{"id":"ctry.it.45.45","address":"Bassano Romano, Lazio, Italy","path":"earth/countries/it/45/45/data.json"},{"id":"ctry.it.45.46","address":"Bassiano, Lazio, Italy","path":"earth/countries/it/45/46/data.json"},{"id":"ctry.it.45.47","address":"Bella Farnia, Lazio, Italy","path":"earth/countries/it/45/47/data.json"},{"id":"ctry.it.45.48","address":"Bellegra, Lazio, Italy","path":"earth/countries/it/45/48/data.json"},{"id":"ctry.it.45.49","address":"Belmonte Castello, Lazio, Italy","path":"earth/countries/it/45/49/data.json"},{"id":"ctry.it.45.50","address":"Belmonte in Sabina, Lazio, Italy","path":"earth/countries/it/45/50/data.json"},{"id":"ctry.it.45.51","address":"Bivio di Capanelle, Lazio, Italy","path":"earth/countries/it/45/51/data.json"},{"id":"ctry.it.45.52","address":"Bivio San Polo, Lazio, Italy","path":"earth/countries/it/45/52/data.json"},{"id":"ctry.it.45.53","address":"Blera, Lazio, Italy","path":"earth/countries/it/45/53/data.json"},{"id":"ctry.it.45.54","address":"Bolsena, Lazio, Italy","path":"earth/countries/it/45/54/data.json"},{"id":"ctry.it.45.55","address":"Bomarzo, Lazio, Italy","path":"earth/countries/it/45/55/data.json"},{"id":"ctry.it.45.56","address":"Borbona, Lazio, Italy","path":"earth/countries/it/45/56/data.json"},{"id":"ctry.it.45.57","address":"Borgo Grappa, Lazio, Italy","path":"earth/countries/it/45/57/data.json"},{"id":"ctry.it.45.58","address":"Borgo Hermada, Lazio, Italy","path":"earth/countries/it/45/58/data.json"},{"id":"ctry.it.45.59","address":"Borgo Lotti, Lazio, Italy","path":"earth/countries/it/45/59/data.json"},{"id":"ctry.it.45.60","address":"Borgo Podgora, Lazio, Italy","path":"earth/countries/it/45/60/data.json"},{"id":"ctry.it.45.61","address":"Borgo Sabotino-Foce Verde, Lazio, Italy","path":"earth/countries/it/45/61/data.json"},{"id":"ctry.it.45.62","address":"Borgo San Michele, Lazio, Italy","path":"earth/countries/it/45/62/data.json"},{"id":"ctry.it.45.63","address":"Borgo Velino, Lazio, Italy","path":"earth/countries/it/45/63/data.json"},{"id":"ctry.it.45.64","address":"Borgorose, Lazio, Italy","path":"earth/countries/it/45/64/data.json"},{"id":"ctry.it.45.65","address":"Boville Ernica, Lazio, Italy","path":"earth/countries/it/45/65/data.json"},{"id":"ctry.it.45.66","address":"Bracciano, Lazio, Italy","path":"earth/countries/it/45/66/data.json"},{"id":"ctry.it.45.67","address":"Broccostella, Lazio, Italy","path":"earth/countries/it/45/67/data.json"},{"id":"ctry.it.45.68","address":"Caira, Lazio, Italy","path":"earth/countries/it/45/68/data.json"},{"id":"ctry.it.45.69","address":"Calcata Nuova, Lazio, Italy","path":"earth/countries/it/45/69/data.json"},{"id":"ctry.it.45.70","address":"Camerata Nuova, Lazio, Italy","path":"earth/countries/it/45/70/data.json"},{"id":"ctry.it.45.71","address":"Camilleri-Vallelata, Lazio, Italy","path":"earth/countries/it/45/71/data.json"},{"id":"ctry.it.45.72","address":"Campagnano di Roma, Lazio, Italy","path":"earth/countries/it/45/72/data.json"},{"id":"ctry.it.45.73","address":"Campo di Carne, Lazio, Italy","path":"earth/countries/it/45/73/data.json"},{"id":"ctry.it.45.74","address":"Campo Jemini, Lazio, Italy","path":"earth/countries/it/45/74/data.json"},{"id":"ctry.it.45.75","address":"Campo Limpido-Favale, Lazio, Italy","path":"earth/countries/it/45/75/data.json"},{"id":"ctry.it.45.76","address":"Campodimele, Lazio, Italy","path":"earth/countries/it/45/76/data.json"},{"id":"ctry.it.45.77","address":"Campoleone, Lazio, Italy","path":"earth/countries/it/45/77/data.json"},{"id":"ctry.it.45.78","address":"Campoli Appennino, Lazio, Italy","path":"earth/countries/it/45/78/data.json"},{"id":"ctry.it.45.79","address":"Canale Monterano, Lazio, Italy","path":"earth/countries/it/45/79/data.json"},{"id":"ctry.it.45.80","address":"Canepina, Lazio, Italy","path":"earth/countries/it/45/80/data.json"},{"id":"ctry.it.45.81","address":"Canino, Lazio, Italy","path":"earth/countries/it/45/81/data.json"},{"id":"ctry.it.45.82","address":"Cantalice, Lazio, Italy","path":"earth/countries/it/45/82/data.json"},{"id":"ctry.it.45.83","address":"Cantalupo in Sabina, Lazio, Italy","path":"earth/countries/it/45/83/data.json"},{"id":"ctry.it.45.84","address":"Canterano, Lazio, Italy","path":"earth/countries/it/45/84/data.json"},{"id":"ctry.it.45.85","address":"Capena, Lazio, Italy","path":"earth/countries/it/45/85/data.json"},{"id":"ctry.it.45.86","address":"Capodimonte, Lazio, Italy","path":"earth/countries/it/45/86/data.json"},{"id":"ctry.it.45.87","address":"Capranica, Lazio, Italy","path":"earth/countries/it/45/87/data.json"},{"id":"ctry.it.45.88","address":"Capranica Prenestina, Lazio, Italy","path":"earth/countries/it/45/88/data.json"},{"id":"ctry.it.45.89","address":"Caprarola, Lazio, Italy","path":"earth/countries/it/45/89/data.json"},{"id":"ctry.it.45.90","address":"Carbognano, Lazio, Italy","path":"earth/countries/it/45/90/data.json"},{"id":"ctry.it.45.91","address":"Carchitti, Lazio, Italy","path":"earth/countries/it/45/91/data.json"},{"id":"ctry.it.45.92","address":"Carpineto Romano, Lazio, Italy","path":"earth/countries/it/45/92/data.json"},{"id":"ctry.it.45.93","address":"Carrara-Pontenuovo, Lazio, Italy","path":"earth/countries/it/45/93/data.json"},{"id":"ctry.it.45.94","address":"Cartiera-Stazione, Lazio, Italy","path":"earth/countries/it/45/94/data.json"},{"id":"ctry.it.45.95","address":"Casal Palocco, Lazio, Italy","path":"earth/countries/it/45/95/data.json"},{"id":"ctry.it.45.96","address":"Casalattico, Lazio, Italy","path":"earth/countries/it/45/96/data.json"},{"id":"ctry.it.45.97","address":"Casalazzara, Lazio, Italy","path":"earth/countries/it/45/97/data.json"},{"id":"ctry.it.45.98","address":"Casali, Lazio, Italy","path":"earth/countries/it/45/98/data.json"},{"id":"ctry.it.45.99","address":"Casalvieri, Lazio, Italy","path":"earth/countries/it/45/99/data.json"},{"id":"ctry.it.45.100","address":"Casape, Lazio, Italy","path":"earth/countries/it/45/100/data.json"},{"id":"ctry.it.45.101","address":"Casaprota, Lazio, Italy","path":"earth/countries/it/45/101/data.json"},{"id":"ctry.it.45.102","address":"Case Campoli-Panetta, Lazio, Italy","path":"earth/countries/it/45/102/data.json"},{"id":"ctry.it.45.103","address":"Casperia, Lazio, Italy","path":"earth/countries/it/45/103/data.json"},{"id":"ctry.it.45.104","address":"Cassino, Lazio, Italy","path":"earth/countries/it/45/104/data.json"},{"id":"ctry.it.45.105","address":"Castel Chiodato, Lazio, Italy","path":"earth/countries/it/45/105/data.json"},{"id":"ctry.it.45.106","address":"Castel di Tora, Lazio, Italy","path":"earth/countries/it/45/106/data.json"},{"id":"ctry.it.45.107","address":"Castel Fusano, Lazio, Italy","path":"earth/countries/it/45/107/data.json"},{"id":"ctry.it.45.108","address":"Castel Gandolfo, Lazio, Italy","path":"earth/countries/it/45/108/data.json"},{"id":"ctry.it.45.109","address":"Castel Madama, Lazio, Italy","path":"earth/countries/it/45/109/data.json"},{"id":"ctry.it.45.110","address":"Castel San Pietro Romano, Lazio, Italy","path":"earth/countries/it/45/110/data.json"},{"id":"ctry.it.45.111","address":"Castel Sant'Angelo, Lazio, Italy","path":"earth/countries/it/45/111/data.json"},{"id":"ctry.it.45.112","address":"Castel Sant'Elia, Lazio, Italy","path":"earth/countries/it/45/112/data.json"},{"id":"ctry.it.45.113","address":"Castelforte, Lazio, Italy","path":"earth/countries/it/45/113/data.json"},{"id":"ctry.it.45.114","address":"Castelliri, Lazio, Italy","path":"earth/countries/it/45/114/data.json"},{"id":"ctry.it.45.115","address":"Castelmassimo, Lazio, Italy","path":"earth/countries/it/45/115/data.json"},{"id":"ctry.it.45.116","address":"Castelnuovo di Farfa, Lazio, Italy","path":"earth/countries/it/45/116/data.json"},{"id":"ctry.it.45.117","address":"Castelnuovo di Porto, Lazio, Italy","path":"earth/countries/it/45/117/data.json"},{"id":"ctry.it.45.118","address":"Castelnuovo Parano, Lazio, Italy","path":"earth/countries/it/45/118/data.json"},{"id":"ctry.it.45.119","address":"Castiglione in Teverina, Lazio, Italy","path":"earth/countries/it/45/119/data.json"},{"id":"ctry.it.45.120","address":"Castro dei Volsci, Lazio, Italy","path":"earth/countries/it/45/120/data.json"},{"id":"ctry.it.45.121","address":"Castrocielo, Lazio, Italy","path":"earth/countries/it/45/121/data.json"},{"id":"ctry.it.45.122","address":"Cave, Lazio, Italy","path":"earth/countries/it/45/122/data.json"},{"id":"ctry.it.45.123","address":"Ceccano, Lazio, Italy","path":"earth/countries/it/45/123/data.json"},{"id":"ctry.it.45.124","address":"Cecchina, Lazio, Italy","path":"earth/countries/it/45/124/data.json"},{"id":"ctry.it.45.125","address":"Celleno, Lazio, Italy","path":"earth/countries/it/45/125/data.json"},{"id":"ctry.it.45.126","address":"Cellere, Lazio, Italy","path":"earth/countries/it/45/126/data.json"},{"id":"ctry.it.45.127","address":"Ceprano, Lazio, Italy","path":"earth/countries/it/45/127/data.json"},{"id":"ctry.it.45.128","address":"Cerquotti-Madonna del Piano, Lazio, Italy","path":"earth/countries/it/45/128/data.json"},{"id":"ctry.it.45.129","address":"Cerreto Laziale, Lazio, Italy","path":"earth/countries/it/45/129/data.json"},{"id":"ctry.it.45.130","address":"Cervara di Roma, Lazio, Italy","path":"earth/countries/it/45/130/data.json"},{"id":"ctry.it.45.131","address":"Cervaro, Lazio, Italy","path":"earth/countries/it/45/131/data.json"},{"id":"ctry.it.45.132","address":"Cerveteri, Lazio, Italy","path":"earth/countries/it/45/132/data.json"},{"id":"ctry.it.45.133","address":"Cesano, Lazio, Italy","path":"earth/countries/it/45/133/data.json"},{"id":"ctry.it.45.134","address":"Ciampino, Lazio, Italy","path":"earth/countries/it/45/134/data.json"},{"id":"ctry.it.45.135","address":"Ciciliano, Lazio, Italy","path":"earth/countries/it/45/135/data.json"},{"id":"ctry.it.45.136","address":"Cineto Romano, Lazio, Italy","path":"earth/countries/it/45/136/data.json"},{"id":"ctry.it.45.137","address":"Cisterna di Latina, Lazio, Italy","path":"earth/countries/it/45/137/data.json"},{"id":"ctry.it.45.138","address":"Città metropolitana di Roma Capitale, Lazio, Italy","path":"earth/countries/it/45/138/data.json"},{"id":"ctry.it.45.139","address":"Cittaducale, Lazio, Italy","path":"earth/countries/it/45/139/data.json"},{"id":"ctry.it.45.140","address":"Cittareale, Lazio, Italy","path":"earth/countries/it/45/140/data.json"},{"id":"ctry.it.45.141","address":"Civita Castellana, Lazio, Italy","path":"earth/countries/it/45/141/data.json"},{"id":"ctry.it.45.142","address":"Civitavecchia, Lazio, Italy","path":"earth/countries/it/45/142/data.json"},{"id":"ctry.it.45.143","address":"Civitella d'Agliano, Lazio, Italy","path":"earth/countries/it/45/143/data.json"},{"id":"ctry.it.45.144","address":"Civitella San Paolo, Lazio, Italy","path":"earth/countries/it/45/144/data.json"},{"id":"ctry.it.45.145","address":"Coldragone, Lazio, Italy","path":"earth/countries/it/45/145/data.json"},{"id":"ctry.it.45.146","address":"Collalto Sabino, Lazio, Italy","path":"earth/countries/it/45/146/data.json"},{"id":"ctry.it.45.147","address":"Colle Campano-Scrima, Lazio, Italy","path":"earth/countries/it/45/147/data.json"},{"id":"ctry.it.45.148","address":"Colle del Pino, Lazio, Italy","path":"earth/countries/it/45/148/data.json"},{"id":"ctry.it.45.149","address":"Colle di Fuori, Lazio, Italy","path":"earth/countries/it/45/149/data.json"},{"id":"ctry.it.45.150","address":"Colle di Tora, Lazio, Italy","path":"earth/countries/it/45/150/data.json"},{"id":"ctry.it.45.151","address":"Colle Mainello, Lazio, Italy","path":"earth/countries/it/45/151/data.json"},{"id":"ctry.it.45.152","address":"Colle San Magno, Lazio, Italy","path":"earth/countries/it/45/152/data.json"},{"id":"ctry.it.45.153","address":"Colle Spina, Lazio, Italy","path":"earth/countries/it/45/153/data.json"},{"id":"ctry.it.45.154","address":"Colle Verde, Lazio, Italy","path":"earth/countries/it/45/154/data.json"},{"id":"ctry.it.45.155","address":"Colleferro, Lazio, Italy","path":"earth/countries/it/45/155/data.json"},{"id":"ctry.it.45.156","address":"Collefontana-Fontana Liri Inferiore, Lazio, Italy","path":"earth/countries/it/45/156/data.json"},{"id":"ctry.it.45.157","address":"Collegiove, Lazio, Italy","path":"earth/countries/it/45/157/data.json"},{"id":"ctry.it.45.158","address":"Collepardo, Lazio, Italy","path":"earth/countries/it/45/158/data.json"},{"id":"ctry.it.45.159","address":"Collevecchio, Lazio, Italy","path":"earth/countries/it/45/159/data.json"},{"id":"ctry.it.45.160","address":"Colleverde II, Lazio, Italy","path":"earth/countries/it/45/160/data.json"},{"id":"ctry.it.45.161","address":"Colli di Enea, Lazio, Italy","path":"earth/countries/it/45/161/data.json"},{"id":"ctry.it.45.162","address":"Colli sul Velino, Lazio, Italy","path":"earth/countries/it/45/162/data.json"},{"id":"ctry.it.45.163","address":"Colonna, Lazio, Italy","path":"earth/countries/it/45/163/data.json"},{"id":"ctry.it.45.164","address":"Colubro, Lazio, Italy","path":"earth/countries/it/45/164/data.json"},{"id":"ctry.it.45.165","address":"Concerviano, Lazio, Italy","path":"earth/countries/it/45/165/data.json"},{"id":"ctry.it.45.166","address":"Configni, Lazio, Italy","path":"earth/countries/it/45/166/data.json"},{"id":"ctry.it.45.167","address":"Contigliano, Lazio, Italy","path":"earth/countries/it/45/167/data.json"},{"id":"ctry.it.45.168","address":"Corchiano, Lazio, Italy","path":"earth/countries/it/45/168/data.json"},{"id":"ctry.it.45.169","address":"Corcolle, Lazio, Italy","path":"earth/countries/it/45/169/data.json"},{"id":"ctry.it.45.170","address":"Coreno Ausonio, Lazio, Italy","path":"earth/countries/it/45/170/data.json"},{"id":"ctry.it.45.171","address":"Cori, Lazio, Italy","path":"earth/countries/it/45/171/data.json"},{"id":"ctry.it.45.172","address":"Corvaro, Lazio, Italy","path":"earth/countries/it/45/172/data.json"},{"id":"ctry.it.45.173","address":"Costaroni, Lazio, Italy","path":"earth/countries/it/45/173/data.json"},{"id":"ctry.it.45.174","address":"Cottanello, Lazio, Italy","path":"earth/countries/it/45/174/data.json"},{"id":"ctry.it.45.175","address":"Cretone, Lazio, Italy","path":"earth/countries/it/45/175/data.json"},{"id":"ctry.it.45.176","address":"Esperia, Lazio, Italy","path":"earth/countries/it/45/176/data.json"},{"id":"ctry.it.45.177","address":"Fabrica di Roma, Lazio, Italy","path":"earth/countries/it/45/177/data.json"},{"id":"ctry.it.45.178","address":"Faleria, Lazio, Italy","path":"earth/countries/it/45/178/data.json"},{"id":"ctry.it.45.179","address":"Falvaterra, Lazio, Italy","path":"earth/countries/it/45/179/data.json"},{"id":"ctry.it.45.180","address":"Fara in Sabina, Lazio, Italy","path":"earth/countries/it/45/180/data.json"},{"id":"ctry.it.45.181","address":"Farnese, Lazio, Italy","path":"earth/countries/it/45/181/data.json"},{"id":"ctry.it.45.182","address":"Ferentino, Lazio, Italy","path":"earth/countries/it/45/182/data.json"},{"id":"ctry.it.45.183","address":"Fiamignano, Lazio, Italy","path":"earth/countries/it/45/183/data.json"},{"id":"ctry.it.45.184","address":"Fiano Romano, Lazio, Italy","path":"earth/countries/it/45/184/data.json"},{"id":"ctry.it.45.185","address":"Filacciano, Lazio, Italy","path":"earth/countries/it/45/185/data.json"},{"id":"ctry.it.45.186","address":"Filettino, Lazio, Italy","path":"earth/countries/it/45/186/data.json"},{"id":"ctry.it.45.187","address":"Fiuggi, Lazio, Italy","path":"earth/countries/it/45/187/data.json"},{"id":"ctry.it.45.188","address":"Fiumicino-Isola Sacra, Lazio, Italy","path":"earth/countries/it/45/188/data.json"},{"id":"ctry.it.45.189","address":"Focene, Lazio, Italy","path":"earth/countries/it/45/189/data.json"},{"id":"ctry.it.45.190","address":"Fondi, Lazio, Italy","path":"earth/countries/it/45/190/data.json"},{"id":"ctry.it.45.191","address":"Fontechiari, Lazio, Italy","path":"earth/countries/it/45/191/data.json"},{"id":"ctry.it.45.192","address":"Forano, Lazio, Italy","path":"earth/countries/it/45/192/data.json"},{"id":"ctry.it.45.193","address":"Formello, Lazio, Italy","path":"earth/countries/it/45/193/data.json"},{"id":"ctry.it.45.194","address":"Formia, Lazio, Italy","path":"earth/countries/it/45/194/data.json"},{"id":"ctry.it.45.195","address":"Fossignano, Lazio, Italy","path":"earth/countries/it/45/195/data.json"},{"id":"ctry.it.45.196","address":"Frascati, Lazio, Italy","path":"earth/countries/it/45/196/data.json"},{"id":"ctry.it.45.197","address":"Frasso Sabino, Lazio, Italy","path":"earth/countries/it/45/197/data.json"},{"id":"ctry.it.45.198","address":"Fregene, Lazio, Italy","path":"earth/countries/it/45/198/data.json"},{"id":"ctry.it.45.199","address":"Frosinone, Lazio, Italy","path":"earth/countries/it/45/199/data.json"},{"id":"ctry.it.45.200","address":"Fumone, Lazio, Italy","path":"earth/countries/it/45/200/data.json"},{"id":"ctry.it.45.201","address":"Gaeta, Lazio, Italy","path":"earth/countries/it/45/201/data.json"},{"id":"ctry.it.45.202","address":"Gallese, Lazio, Italy","path":"earth/countries/it/45/202/data.json"},{"id":"ctry.it.45.203","address":"Gallicano nel Lazio, Lazio, Italy","path":"earth/countries/it/45/203/data.json"},{"id":"ctry.it.45.204","address":"Gallinaro, Lazio, Italy","path":"earth/countries/it/45/204/data.json"},{"id":"ctry.it.45.205","address":"Gavignano, Lazio, Italy","path":"earth/countries/it/45/205/data.json"},{"id":"ctry.it.45.206","address":"Genazzano, Lazio, Italy","path":"earth/countries/it/45/206/data.json"},{"id":"ctry.it.45.207","address":"Genio Civile, Lazio, Italy","path":"earth/countries/it/45/207/data.json"},{"id":"ctry.it.45.208","address":"Genzano di Roma, Lazio, Italy","path":"earth/countries/it/45/208/data.json"},{"id":"ctry.it.45.209","address":"Gerano, Lazio, Italy","path":"earth/countries/it/45/209/data.json"},{"id":"ctry.it.45.210","address":"Girardi-Bellavista-Terrazze, Lazio, Italy","path":"earth/countries/it/45/210/data.json"},{"id":"ctry.it.45.211","address":"Giulianello, Lazio, Italy","path":"earth/countries/it/45/211/data.json"},{"id":"ctry.it.45.212","address":"Giuliano di Roma, Lazio, Italy","path":"earth/countries/it/45/212/data.json"},{"id":"ctry.it.45.213","address":"Gorga, Lazio, Italy","path":"earth/countries/it/45/213/data.json"},{"id":"ctry.it.45.214","address":"Gradoli, Lazio, Italy","path":"earth/countries/it/45/214/data.json"},{"id":"ctry.it.45.215","address":"Graffignano, Lazio, Italy","path":"earth/countries/it/45/215/data.json"},{"id":"ctry.it.45.216","address":"Grottaferrata, Lazio, Italy","path":"earth/countries/it/45/216/data.json"},{"id":"ctry.it.45.217","address":"Grotte di Castro, Lazio, Italy","path":"earth/countries/it/45/217/data.json"},{"id":"ctry.it.45.218","address":"Grotte Santo Stefano, Lazio, Italy","path":"earth/countries/it/45/218/data.json"},{"id":"ctry.it.45.219","address":"Grunuovo-Campomaggiore San Luca, Lazio, Italy","path":"earth/countries/it/45/219/data.json"},{"id":"ctry.it.45.220","address":"Guarcino, Lazio, Italy","path":"earth/countries/it/45/220/data.json"},{"id":"ctry.it.45.221","address":"Guidonia, Lazio, Italy","path":"earth/countries/it/45/221/data.json"},{"id":"ctry.it.45.222","address":"Guidonia Montecelio, Lazio, Italy","path":"earth/countries/it/45/222/data.json"},{"id":"ctry.it.45.223","address":"Ischia di Castro, Lazio, Italy","path":"earth/countries/it/45/223/data.json"},{"id":"ctry.it.45.224","address":"Isola del Liri, Lazio, Italy","path":"earth/countries/it/45/224/data.json"},{"id":"ctry.it.45.225","address":"Itri, Lazio, Italy","path":"earth/countries/it/45/225/data.json"},{"id":"ctry.it.45.226","address":"Jenne, Lazio, Italy","path":"earth/countries/it/45/226/data.json"},{"id":"ctry.it.45.227","address":"La Botte, Lazio, Italy","path":"earth/countries/it/45/227/data.json"},{"id":"ctry.it.45.228","address":"La Forma, Lazio, Italy","path":"earth/countries/it/45/228/data.json"},{"id":"ctry.it.45.229","address":"La Massimina-Casal Lumbroso, Lazio, Italy","path":"earth/countries/it/45/229/data.json"},{"id":"ctry.it.45.230","address":"Labico, Lazio, Italy","path":"earth/countries/it/45/230/data.json"},{"id":"ctry.it.45.231","address":"Labro, Lazio, Italy","path":"earth/countries/it/45/231/data.json"},{"id":"ctry.it.45.232","address":"Ladispoli, Lazio, Italy","path":"earth/countries/it/45/232/data.json"},{"id":"ctry.it.45.233","address":"Laghetto, Lazio, Italy","path":"earth/countries/it/45/233/data.json"},{"id":"ctry.it.45.234","address":"Lanuvio, Lazio, Italy","path":"earth/countries/it/45/234/data.json"},{"id":"ctry.it.45.235","address":"Lariano, Lazio, Italy","path":"earth/countries/it/45/235/data.json"},{"id":"ctry.it.45.236","address":"Latera, Lazio, Italy","path":"earth/countries/it/45/236/data.json"},{"id":"ctry.it.45.237","address":"Latina, Lazio, Italy","path":"earth/countries/it/45/237/data.json"},{"id":"ctry.it.45.238","address":"Latina Scalo, Lazio, Italy","path":"earth/countries/it/45/238/data.json"},{"id":"ctry.it.45.239","address":"Lavinio, Lazio, Italy","path":"earth/countries/it/45/239/data.json"},{"id":"ctry.it.45.240","address":"Le Forna, Lazio, Italy","path":"earth/countries/it/45/240/data.json"},{"id":"ctry.it.45.241","address":"Le Rughe, Lazio, Italy","path":"earth/countries/it/45/241/data.json"},{"id":"ctry.it.45.242","address":"Lenola, Lazio, Italy","path":"earth/countries/it/45/242/data.json"},{"id":"ctry.it.45.243","address":"Leonessa, Lazio, Italy","path":"earth/countries/it/45/243/data.json"},{"id":"ctry.it.45.244","address":"Licenza, Lazio, Italy","path":"earth/countries/it/45/244/data.json"},{"id":"ctry.it.45.245","address":"Lido dei Pini, Lazio, Italy","path":"earth/countries/it/45/245/data.json"},{"id":"ctry.it.45.246","address":"Lido di Ostia, Lazio, Italy","path":"earth/countries/it/45/246/data.json"},{"id":"ctry.it.45.247","address":"Limiti di Greccio, Lazio, Italy","path":"earth/countries/it/45/247/data.json"},{"id":"ctry.it.45.248","address":"Longone Sabino, Lazio, Italy","path":"earth/countries/it/45/248/data.json"},{"id":"ctry.it.45.249","address":"Lubriano, Lazio, Italy","path":"earth/countries/it/45/249/data.json"},{"id":"ctry.it.45.250","address":"Maccarese, Lazio, Italy","path":"earth/countries/it/45/250/data.json"},{"id":"ctry.it.45.251","address":"Macere, Lazio, Italy","path":"earth/countries/it/45/251/data.json"},{"id":"ctry.it.45.252","address":"Maenza, Lazio, Italy","path":"earth/countries/it/45/252/data.json"},{"id":"ctry.it.45.253","address":"Magliano Romano, Lazio, Italy","path":"earth/countries/it/45/253/data.json"},{"id":"ctry.it.45.254","address":"Magliano Sabina, Lazio, Italy","path":"earth/countries/it/45/254/data.json"},{"id":"ctry.it.45.255","address":"Mandela, Lazio, Italy","path":"earth/countries/it/45/255/data.json"},{"id":"ctry.it.45.256","address":"Mantiglia di Ardea, Lazio, Italy","path":"earth/countries/it/45/256/data.json"},{"id":"ctry.it.45.257","address":"Manziana, Lazio, Italy","path":"earth/countries/it/45/257/data.json"},{"id":"ctry.it.45.258","address":"Marano Equo, Lazio, Italy","path":"earth/countries/it/45/258/data.json"},{"id":"ctry.it.45.259","address":"Maranola-Trivio, Lazio, Italy","path":"earth/countries/it/45/259/data.json"},{"id":"ctry.it.45.260","address":"Marcellina, Lazio, Italy","path":"earth/countries/it/45/260/data.json"},{"id":"ctry.it.45.261","address":"Marcetelli, Lazio, Italy","path":"earth/countries/it/45/261/data.json"},{"id":"ctry.it.45.262","address":"Marco Simone, Lazio, Italy","path":"earth/countries/it/45/262/data.json"},{"id":"ctry.it.45.263","address":"Marina di Ardea-Tor San Lorenzo, Lazio, Italy","path":"earth/countries/it/45/263/data.json"},{"id":"ctry.it.45.264","address":"Marina di Cerveteri, Lazio, Italy","path":"earth/countries/it/45/264/data.json"},{"id":"ctry.it.45.265","address":"Marina San Nicola, Lazio, Italy","path":"earth/countries/it/45/265/data.json"},{"id":"ctry.it.45.266","address":"Marino, Lazio, Italy","path":"earth/countries/it/45/266/data.json"},{"id":"ctry.it.45.267","address":"Marta, Lazio, Italy","path":"earth/countries/it/45/267/data.json"},{"id":"ctry.it.45.268","address":"Mazzano Romano, Lazio, Italy","path":"earth/countries/it/45/268/data.json"},{"id":"ctry.it.45.269","address":"Mentana, Lazio, Italy","path":"earth/countries/it/45/269/data.json"},{"id":"ctry.it.45.270","address":"Micigliano, Lazio, Italy","path":"earth/countries/it/45/270/data.json"},{"id":"ctry.it.45.271","address":"Minturno, Lazio, Italy","path":"earth/countries/it/45/271/data.json"},{"id":"ctry.it.45.272","address":"Molella, Lazio, Italy","path":"earth/countries/it/45/272/data.json"},{"id":"ctry.it.45.273","address":"Mompeo, Lazio, Italy","path":"earth/countries/it/45/273/data.json"},{"id":"ctry.it.45.274","address":"Montalto di Castro, Lazio, Italy","path":"earth/countries/it/45/274/data.json"},{"id":"ctry.it.45.275","address":"Montasola, Lazio, Italy","path":"earth/countries/it/45/275/data.json"},{"id":"ctry.it.45.276","address":"Monte Caminetto, Lazio, Italy","path":"earth/countries/it/45/276/data.json"},{"id":"ctry.it.45.277","address":"Monte Migliore La Selvotta, Lazio, Italy","path":"earth/countries/it/45/277/data.json"},{"id":"ctry.it.45.278","address":"Monte Porzio Catone, Lazio, Italy","path":"earth/countries/it/45/278/data.json"},{"id":"ctry.it.45.279","address":"Monte Romano, Lazio, Italy","path":"earth/countries/it/45/279/data.json"},{"id":"ctry.it.45.280","address":"Monte San Biagio, Lazio, Italy","path":"earth/countries/it/45/280/data.json"},{"id":"ctry.it.45.281","address":"Monte San Giovanni Campano, Lazio, Italy","path":"earth/countries/it/45/281/data.json"},{"id":"ctry.it.45.282","address":"Monte San Giovanni in Sabina, Lazio, Italy","path":"earth/countries/it/45/282/data.json"},{"id":"ctry.it.45.283","address":"Monte San Marino, Lazio, Italy","path":"earth/countries/it/45/283/data.json"},{"id":"ctry.it.45.284","address":"Montebuono, Lazio, Italy","path":"earth/countries/it/45/284/data.json"},{"id":"ctry.it.45.285","address":"Montecelio, Lazio, Italy","path":"earth/countries/it/45/285/data.json"},{"id":"ctry.it.45.286","address":"Montecompatri, Lazio, Italy","path":"earth/countries/it/45/286/data.json"},{"id":"ctry.it.45.287","address":"Montefiascone, Lazio, Italy","path":"earth/countries/it/45/287/data.json"},{"id":"ctry.it.45.288","address":"Monteflavio, Lazio, Italy","path":"earth/countries/it/45/288/data.json"},{"id":"ctry.it.45.289","address":"Montelanico, Lazio, Italy","path":"earth/countries/it/45/289/data.json"},{"id":"ctry.it.45.290","address":"Montelarco, Lazio, Italy","path":"earth/countries/it/45/290/data.json"},{"id":"ctry.it.45.291","address":"Monteleone Sabino, Lazio, Italy","path":"earth/countries/it/45/291/data.json"},{"id":"ctry.it.45.292","address":"Montelibretti, Lazio, Italy","path":"earth/countries/it/45/292/data.json"},{"id":"ctry.it.45.293","address":"Montenero Sabino, Lazio, Italy","path":"earth/countries/it/45/293/data.json"},{"id":"ctry.it.45.294","address":"Monterosi, Lazio, Italy","path":"earth/countries/it/45/294/data.json"},{"id":"ctry.it.45.295","address":"Monterotondo, Lazio, Italy","path":"earth/countries/it/45/295/data.json"},{"id":"ctry.it.45.296","address":"Montopoli in Sabina, Lazio, Italy","path":"earth/countries/it/45/296/data.json"},{"id":"ctry.it.45.297","address":"Montorio Romano, Lazio, Italy","path":"earth/countries/it/45/297/data.json"},{"id":"ctry.it.45.298","address":"Moricone, Lazio, Italy","path":"earth/countries/it/45/298/data.json"},{"id":"ctry.it.45.299","address":"Morlupo, Lazio, Italy","path":"earth/countries/it/45/299/data.json"},{"id":"ctry.it.45.300","address":"Morolo, Lazio, Italy","path":"earth/countries/it/45/300/data.json"},{"id":"ctry.it.45.301","address":"Morro Reatino, Lazio, Italy","path":"earth/countries/it/45/301/data.json"},{"id":"ctry.it.45.302","address":"Nazzano, Lazio, Italy","path":"earth/countries/it/45/302/data.json"},{"id":"ctry.it.45.303","address":"Nemi, Lazio, Italy","path":"earth/countries/it/45/303/data.json"},{"id":"ctry.it.45.304","address":"Nepi, Lazio, Italy","path":"earth/countries/it/45/304/data.json"},{"id":"ctry.it.45.305","address":"Nerola, Lazio, Italy","path":"earth/countries/it/45/305/data.json"},{"id":"ctry.it.45.306","address":"Nespolo, Lazio, Italy","path":"earth/countries/it/45/306/data.json"},{"id":"ctry.it.45.307","address":"Nettuno, Lazio, Italy","path":"earth/countries/it/45/307/data.json"},{"id":"ctry.it.45.308","address":"Norma, Lazio, Italy","path":"earth/countries/it/45/308/data.json"},{"id":"ctry.it.45.309","address":"Olevano Romano, Lazio, Italy","path":"earth/countries/it/45/309/data.json"},{"id":"ctry.it.45.310","address":"Onano, Lazio, Italy","path":"earth/countries/it/45/310/data.json"},{"id":"ctry.it.45.311","address":"Oriolo Romano, Lazio, Italy","path":"earth/countries/it/45/311/data.json"},{"id":"ctry.it.45.312","address":"Orte, Lazio, Italy","path":"earth/countries/it/45/312/data.json"},{"id":"ctry.it.45.313","address":"Orte Scalo, Lazio, Italy","path":"earth/countries/it/45/313/data.json"},{"id":"ctry.it.45.314","address":"Orvinio, Lazio, Italy","path":"earth/countries/it/45/314/data.json"},{"id":"ctry.it.45.315","address":"Osteria Nuova, Lazio, Italy","path":"earth/countries/it/45/315/data.json"},{"id":"ctry.it.45.316","address":"Paganico Sabino, Lazio, Italy","path":"earth/countries/it/45/316/data.json"},{"id":"ctry.it.45.317","address":"Palestrina, Lazio, Italy","path":"earth/countries/it/45/317/data.json"},{"id":"ctry.it.45.318","address":"Paliano, Lazio, Italy","path":"earth/countries/it/45/318/data.json"},{"id":"ctry.it.45.319","address":"Palombara Sabina, Lazio, Italy","path":"earth/countries/it/45/319/data.json"},{"id":"ctry.it.45.320","address":"Parco Leonardo, Lazio, Italy","path":"earth/countries/it/45/320/data.json"},{"id":"ctry.it.45.321","address":"Passoscuro, Lazio, Italy","path":"earth/countries/it/45/321/data.json"},{"id":"ctry.it.45.322","address":"Pastena, Lazio, Italy","path":"earth/countries/it/45/322/data.json"},{"id":"ctry.it.45.323","address":"Patrica, Lazio, Italy","path":"earth/countries/it/45/323/data.json"},{"id":"ctry.it.45.324","address":"Pavona, Lazio, Italy","path":"earth/countries/it/45/324/data.json"},{"id":"ctry.it.45.325","address":"Penitro, Lazio, Italy","path":"earth/countries/it/45/325/data.json"},{"id":"ctry.it.45.326","address":"Percile, Lazio, Italy","path":"earth/countries/it/45/326/data.json"},{"id":"ctry.it.45.327","address":"Pescia Romana, Lazio, Italy","path":"earth/countries/it/45/327/data.json"},{"id":"ctry.it.45.328","address":"Pescorocchiano, Lazio, Italy","path":"earth/countries/it/45/328/data.json"},{"id":"ctry.it.45.329","address":"Pescosolido, Lazio, Italy","path":"earth/countries/it/45/329/data.json"},{"id":"ctry.it.45.330","address":"Petrella Salto, Lazio, Italy","path":"earth/countries/it/45/330/data.json"},{"id":"ctry.it.45.331","address":"Piansano, Lazio, Italy","path":"earth/countries/it/45/331/data.json"},{"id":"ctry.it.45.332","address":"Picinisco, Lazio, Italy","path":"earth/countries/it/45/332/data.json"},{"id":"ctry.it.45.333","address":"Pico, Lazio, Italy","path":"earth/countries/it/45/333/data.json"},{"id":"ctry.it.45.334","address":"Piedimonte San Germano, Lazio, Italy","path":"earth/countries/it/45/334/data.json"},{"id":"ctry.it.45.335","address":"Piedimonte San Germano Alta, Lazio, Italy","path":"earth/countries/it/45/335/data.json"},{"id":"ctry.it.45.336","address":"Piglio, Lazio, Italy","path":"earth/countries/it/45/336/data.json"},{"id":"ctry.it.45.337","address":"Pignataro Interamna, Lazio, Italy","path":"earth/countries/it/45/337/data.json"},{"id":"ctry.it.45.338","address":"Pisoniano, Lazio, Italy","path":"earth/countries/it/45/338/data.json"},{"id":"ctry.it.45.339","address":"Pofi, Lazio, Italy","path":"earth/countries/it/45/339/data.json"},{"id":"ctry.it.45.340","address":"Poggio Bustone, Lazio, Italy","path":"earth/countries/it/45/340/data.json"},{"id":"ctry.it.45.341","address":"Poggio Catino, Lazio, Italy","path":"earth/countries/it/45/341/data.json"},{"id":"ctry.it.45.342","address":"Poggio Ellera, Lazio, Italy","path":"earth/countries/it/45/342/data.json"},{"id":"ctry.it.45.343","address":"Poggio Mirteto, Lazio, Italy","path":"earth/countries/it/45/343/data.json"},{"id":"ctry.it.45.344","address":"Poggio Moiano, Lazio, Italy","path":"earth/countries/it/45/344/data.json"},{"id":"ctry.it.45.345","address":"Poggio Nativo, Lazio, Italy","path":"earth/countries/it/45/345/data.json"},{"id":"ctry.it.45.346","address":"Poggio San Lorenzo, Lazio, Italy","path":"earth/countries/it/45/346/data.json"},{"id":"ctry.it.45.347","address":"Poli, Lazio, Italy","path":"earth/countries/it/45/347/data.json"},{"id":"ctry.it.45.348","address":"Pomezia, Lazio, Italy","path":"earth/countries/it/45/348/data.json"},{"id":"ctry.it.45.349","address":"Ponte Galeria-La Pisana, Lazio, Italy","path":"earth/countries/it/45/349/data.json"},{"id":"ctry.it.45.350","address":"Pontecorvo, Lazio, Italy","path":"earth/countries/it/45/350/data.json"},{"id":"ctry.it.45.351","address":"Pontinia, Lazio, Italy","path":"earth/countries/it/45/351/data.json"},{"id":"ctry.it.45.352","address":"Ponton dell'Elce, Lazio, Italy","path":"earth/countries/it/45/352/data.json"},{"id":"ctry.it.45.353","address":"Ponza, Lazio, Italy","path":"earth/countries/it/45/353/data.json"},{"id":"ctry.it.45.354","address":"Ponzano Romano, Lazio, Italy","path":"earth/countries/it/45/354/data.json"},{"id":"ctry.it.45.355","address":"Posta, Lazio, Italy","path":"earth/countries/it/45/355/data.json"},{"id":"ctry.it.45.356","address":"Posta Fibreno, Lazio, Italy","path":"earth/countries/it/45/356/data.json"},{"id":"ctry.it.45.357","address":"Pozzaglia Sabino, Lazio, Italy","path":"earth/countries/it/45/357/data.json"},{"id":"ctry.it.45.358","address":"Prato di Coppola, Lazio, Italy","path":"earth/countries/it/45/358/data.json"},{"id":"ctry.it.45.359","address":"Priverno, Lazio, Italy","path":"earth/countries/it/45/359/data.json"},{"id":"ctry.it.45.360","address":"Proceno, Lazio, Italy","path":"earth/countries/it/45/360/data.json"},{"id":"ctry.it.45.361","address":"Prossedi, Lazio, Italy","path":"earth/countries/it/45/361/data.json"},{"id":"ctry.it.45.362","address":"Provincia di Frosinone, Lazio, Italy","path":"earth/countries/it/45/362/data.json"},{"id":"ctry.it.45.363","address":"Provincia di Latina, Lazio, Italy","path":"earth/countries/it/45/363/data.json"},{"id":"ctry.it.45.364","address":"Provincia di Rieti, Lazio, Italy","path":"earth/countries/it/45/364/data.json"},{"id":"ctry.it.45.365","address":"Provincia di Viterbo, Lazio, Italy","path":"earth/countries/it/45/365/data.json"},{"id":"ctry.it.45.366","address":"Regolelli, Lazio, Italy","path":"earth/countries/it/45/366/data.json"},{"id":"ctry.it.45.367","address":"Riano, Lazio, Italy","path":"earth/countries/it/45/367/data.json"},{"id":"ctry.it.45.368","address":"Rieti, Lazio, Italy","path":"earth/countries/it/45/368/data.json"},{"id":"ctry.it.45.369","address":"Rignano Flaminio, Lazio, Italy","path":"earth/countries/it/45/369/data.json"},{"id":"ctry.it.45.370","address":"Riofreddo, Lazio, Italy","path":"earth/countries/it/45/370/data.json"},{"id":"ctry.it.45.371","address":"Ripi, Lazio, Italy","path":"earth/countries/it/45/371/data.json"},{"id":"ctry.it.45.372","address":"Rivodutri, Lazio, Italy","path":"earth/countries/it/45/372/data.json"},{"id":"ctry.it.45.373","address":"Rocca Canterano, Lazio, Italy","path":"earth/countries/it/45/373/data.json"},{"id":"ctry.it.45.374","address":"Rocca d'Arce, Lazio, Italy","path":"earth/countries/it/45/374/data.json"},{"id":"ctry.it.45.375","address":"Rocca di Cave, Lazio, Italy","path":"earth/countries/it/45/375/data.json"},{"id":"ctry.it.45.376","address":"Rocca di Papa, Lazio, Italy","path":"earth/countries/it/45/376/data.json"},{"id":"ctry.it.45.377","address":"Rocca Massima, Lazio, Italy","path":"earth/countries/it/45/377/data.json"},{"id":"ctry.it.45.378","address":"Rocca Priora, Lazio, Italy","path":"earth/countries/it/45/378/data.json"},{"id":"ctry.it.45.379","address":"Rocca Santo Stefano, Lazio, Italy","path":"earth/countries/it/45/379/data.json"},{"id":"ctry.it.45.380","address":"Rocca Sinibalda, Lazio, Italy","path":"earth/countries/it/45/380/data.json"},{"id":"ctry.it.45.381","address":"Roccagiovine, Lazio, Italy","path":"earth/countries/it/45/381/data.json"},{"id":"ctry.it.45.382","address":"Roccagorga, Lazio, Italy","path":"earth/countries/it/45/382/data.json"},{"id":"ctry.it.45.383","address":"Roccantica, Lazio, Italy","path":"earth/countries/it/45/383/data.json"},{"id":"ctry.it.45.384","address":"Roccasecca, Lazio, Italy","path":"earth/countries/it/45/384/data.json"},{"id":"ctry.it.45.385","address":"Roccasecca dei Volsci, Lazio, Italy","path":"earth/countries/it/45/385/data.json"},{"id":"ctry.it.45.386","address":"Roccasecca Stazione, Lazio, Italy","path":"earth/countries/it/45/386/data.json"},{"id":"ctry.it.45.387","address":"Roiate, Lazio, Italy","path":"earth/countries/it/45/387/data.json"},{"id":"ctry.it.45.388","address":"Rome, Lazio, Italy","path":"earth/countries/it/45/388/data.json"},{"id":"ctry.it.45.389","address":"Ronciglione, Lazio, Italy","path":"earth/countries/it/45/389/data.json"},{"id":"ctry.it.45.390","address":"Roviano, Lazio, Italy","path":"earth/countries/it/45/390/data.json"},{"id":"ctry.it.45.391","address":"Sabaudia, Lazio, Italy","path":"earth/countries/it/45/391/data.json"},{"id":"ctry.it.45.392","address":"Sacrofano, Lazio, Italy","path":"earth/countries/it/45/392/data.json"},{"id":"ctry.it.45.393","address":"Salisano, Lazio, Italy","path":"earth/countries/it/45/393/data.json"},{"id":"ctry.it.45.394","address":"Sambuci, Lazio, Italy","path":"earth/countries/it/45/394/data.json"},{"id":"ctry.it.45.395","address":"San Bartolomeo, Lazio, Italy","path":"earth/countries/it/45/395/data.json"},{"id":"ctry.it.45.396","address":"San Biagio Saracinisco, Lazio, Italy","path":"earth/countries/it/45/396/data.json"},{"id":"ctry.it.45.397","address":"San Cesareo, Lazio, Italy","path":"earth/countries/it/45/397/data.json"},{"id":"ctry.it.45.398","address":"San Donato Val di Comino, Lazio, Italy","path":"earth/countries/it/45/398/data.json"},{"id":"ctry.it.45.399","address":"San Felice Circeo, Lazio, Italy","path":"earth/countries/it/45/399/data.json"},{"id":"ctry.it.45.400","address":"San Giorgio a Liri, Lazio, Italy","path":"earth/countries/it/45/400/data.json"},{"id":"ctry.it.45.401","address":"San Giovanni Incarico, Lazio, Italy","path":"earth/countries/it/45/401/data.json"},{"id":"ctry.it.45.402","address":"San Giovanni-Patoni, Lazio, Italy","path":"earth/countries/it/45/402/data.json"},{"id":"ctry.it.45.403","address":"San Giuseppe le Prata-Cotropagno, Lazio, Italy","path":"earth/countries/it/45/403/data.json"},{"id":"ctry.it.45.404","address":"San Gregorio da Sassola, Lazio, Italy","path":"earth/countries/it/45/404/data.json"},{"id":"ctry.it.45.405","address":"San Lorenzo Nuovo, Lazio, Italy","path":"earth/countries/it/45/405/data.json"},{"id":"ctry.it.45.406","address":"San Martino al Cimino, Lazio, Italy","path":"earth/countries/it/45/406/data.json"},{"id":"ctry.it.45.407","address":"San Polo dei Cavalieri, Lazio, Italy","path":"earth/countries/it/45/407/data.json"},{"id":"ctry.it.45.408","address":"San Vito Romano, Lazio, Italy","path":"earth/countries/it/45/408/data.json"},{"id":"ctry.it.45.409","address":"San Vittore del Lazio, Lazio, Italy","path":"earth/countries/it/45/409/data.json"},{"id":"ctry.it.45.410","address":"Sant'Ambrogio sul Garigliano, Lazio, Italy","path":"earth/countries/it/45/410/data.json"},{"id":"ctry.it.45.411","address":"Sant'Andrea del Garigliano, Lazio, Italy","path":"earth/countries/it/45/411/data.json"},{"id":"ctry.it.45.412","address":"Sant'Angelo in Villa-Giglio, Lazio, Italy","path":"earth/countries/it/45/412/data.json"},{"id":"ctry.it.45.413","address":"Sant'Angelo Romano, Lazio, Italy","path":"earth/countries/it/45/413/data.json"},{"id":"ctry.it.45.414","address":"Sant'Apollinare, Lazio, Italy","path":"earth/countries/it/45/414/data.json"},{"id":"ctry.it.45.415","address":"Sant'Elia Fiumerapido, Lazio, Italy","path":"earth/countries/it/45/415/data.json"},{"id":"ctry.it.45.416","address":"Sant'Oreste, Lazio, Italy","path":"earth/countries/it/45/416/data.json"},{"id":"ctry.it.45.417","address":"Santa Lucia, Lazio, Italy","path":"earth/countries/it/45/417/data.json"},{"id":"ctry.it.45.418","address":"Santa Marinella, Lazio, Italy","path":"earth/countries/it/45/418/data.json"},{"id":"ctry.it.45.419","address":"Santa Rufina, Lazio, Italy","path":"earth/countries/it/45/419/data.json"},{"id":"ctry.it.45.420","address":"Santi Cosma e Damiano, Lazio, Italy","path":"earth/countries/it/45/420/data.json"},{"id":"ctry.it.45.421","address":"Santopadre, Lazio, Italy","path":"earth/countries/it/45/421/data.json"},{"id":"ctry.it.45.422","address":"Saracinesco, Lazio, Italy","path":"earth/countries/it/45/422/data.json"},{"id":"ctry.it.45.423","address":"Sassacci, Lazio, Italy","path":"earth/countries/it/45/423/data.json"},{"id":"ctry.it.45.424","address":"Scandriglia, Lazio, Italy","path":"earth/countries/it/45/424/data.json"},{"id":"ctry.it.45.425","address":"Segni, Lazio, Italy","path":"earth/countries/it/45/425/data.json"},{"id":"ctry.it.45.426","address":"Selcetta, Lazio, Italy","path":"earth/countries/it/45/426/data.json"},{"id":"ctry.it.45.427","address":"Selci, Lazio, Italy","path":"earth/countries/it/45/427/data.json"},{"id":"ctry.it.45.428","address":"Sermoneta, Lazio, Italy","path":"earth/countries/it/45/428/data.json"},{"id":"ctry.it.45.429","address":"Serrone, Lazio, Italy","path":"earth/countries/it/45/429/data.json"},{"id":"ctry.it.45.430","address":"Settefrati, Lazio, Italy","path":"earth/countries/it/45/430/data.json"},{"id":"ctry.it.45.431","address":"Setteville, Lazio, Italy","path":"earth/countries/it/45/431/data.json"},{"id":"ctry.it.45.432","address":"Sezze, Lazio, Italy","path":"earth/countries/it/45/432/data.json"},{"id":"ctry.it.45.433","address":"Sezze Scalo, Lazio, Italy","path":"earth/countries/it/45/433/data.json"},{"id":"ctry.it.45.434","address":"Sgurgola, Lazio, Italy","path":"earth/countries/it/45/434/data.json"},{"id":"ctry.it.45.435","address":"Sonnino, Lazio, Italy","path":"earth/countries/it/45/435/data.json"},{"id":"ctry.it.45.436","address":"Sora, Lazio, Italy","path":"earth/countries/it/45/436/data.json"},{"id":"ctry.it.45.437","address":"Soriano nel Cimino, Lazio, Italy","path":"earth/countries/it/45/437/data.json"},{"id":"ctry.it.45.438","address":"Sperlonga, Lazio, Italy","path":"earth/countries/it/45/438/data.json"},{"id":"ctry.it.45.439","address":"Spigno Saturnia Inferiore, Lazio, Italy","path":"earth/countries/it/45/439/data.json"},{"id":"ctry.it.45.440","address":"Spigno Saturnia Superiore, Lazio, Italy","path":"earth/countries/it/45/440/data.json"},{"id":"ctry.it.45.441","address":"Stimigliano, Lazio, Italy","path":"earth/countries/it/45/441/data.json"},{"id":"ctry.it.45.442","address":"Strangolagalli, Lazio, Italy","path":"earth/countries/it/45/442/data.json"},{"id":"ctry.it.45.443","address":"Subiaco, Lazio, Italy","path":"earth/countries/it/45/443/data.json"},{"id":"ctry.it.45.444","address":"Supino, Lazio, Italy","path":"earth/countries/it/45/444/data.json"},{"id":"ctry.it.45.445","address":"Sutri, Lazio, Italy","path":"earth/countries/it/45/445/data.json"},{"id":"ctry.it.45.446","address":"Tarano, Lazio, Italy","path":"earth/countries/it/45/446/data.json"},{"id":"ctry.it.45.447","address":"Tarquinia, Lazio, Italy","path":"earth/countries/it/45/447/data.json"},{"id":"ctry.it.45.448","address":"Tecchiena, Lazio, Italy","path":"earth/countries/it/45/448/data.json"},{"id":"ctry.it.45.449","address":"Terelle, Lazio, Italy","path":"earth/countries/it/45/449/data.json"},{"id":"ctry.it.45.450","address":"Terracina, Lazio, Italy","path":"earth/countries/it/45/450/data.json"},{"id":"ctry.it.45.451","address":"Tessennano, Lazio, Italy","path":"earth/countries/it/45/451/data.json"},{"id":"ctry.it.45.452","address":"Tivoli, Lazio, Italy","path":"earth/countries/it/45/452/data.json"},{"id":"ctry.it.45.453","address":"Toffia, Lazio, Italy","path":"earth/countries/it/45/453/data.json"},{"id":"ctry.it.45.454","address":"Tolfa, Lazio, Italy","path":"earth/countries/it/45/454/data.json"},{"id":"ctry.it.45.455","address":"Tor Lupara, Lazio, Italy","path":"earth/countries/it/45/455/data.json"},{"id":"ctry.it.45.456","address":"Torre Caietani, Lazio, Italy","path":"earth/countries/it/45/456/data.json"},{"id":"ctry.it.45.457","address":"Torri in Sabina, Lazio, Italy","path":"earth/countries/it/45/457/data.json"},{"id":"ctry.it.45.458","address":"Torrice, Lazio, Italy","path":"earth/countries/it/45/458/data.json"},{"id":"ctry.it.45.459","address":"Torricella in Sabina, Lazio, Italy","path":"earth/countries/it/45/459/data.json"},{"id":"ctry.it.45.460","address":"Torrita Tiberina, Lazio, Italy","path":"earth/countries/it/45/460/data.json"},{"id":"ctry.it.45.461","address":"Torvaianica, Lazio, Italy","path":"earth/countries/it/45/461/data.json"},{"id":"ctry.it.45.462","address":"Torvaianica Alta, Lazio, Italy","path":"earth/countries/it/45/462/data.json"},{"id":"ctry.it.45.463","address":"Tragliatella Campitello, Lazio, Italy","path":"earth/countries/it/45/463/data.json"},{"id":"ctry.it.45.464","address":"Trevi nel Lazio, Lazio, Italy","path":"earth/countries/it/45/464/data.json"},{"id":"ctry.it.45.465","address":"Trevignano Romano, Lazio, Italy","path":"earth/countries/it/45/465/data.json"},{"id":"ctry.it.45.466","address":"Trivigliano, Lazio, Italy","path":"earth/countries/it/45/466/data.json"},{"id":"ctry.it.45.467","address":"Turania, Lazio, Italy","path":"earth/countries/it/45/467/data.json"},{"id":"ctry.it.45.468","address":"Tuscania, Lazio, Italy","path":"earth/countries/it/45/468/data.json"},{"id":"ctry.it.45.469","address":"Vacone, Lazio, Italy","path":"earth/countries/it/45/469/data.json"},{"id":"ctry.it.45.470","address":"Valcanneto, Lazio, Italy","path":"earth/countries/it/45/470/data.json"},{"id":"ctry.it.45.471","address":"Valentano, Lazio, Italy","path":"earth/countries/it/45/471/data.json"},{"id":"ctry.it.45.472","address":"Valle Martella, Lazio, Italy","path":"earth/countries/it/45/472/data.json"},{"id":"ctry.it.45.473","address":"Valle Santa, Lazio, Italy","path":"earth/countries/it/45/473/data.json"},{"id":"ctry.it.45.474","address":"Vallecorsa, Lazio, Italy","path":"earth/countries/it/45/474/data.json"},{"id":"ctry.it.45.475","address":"Vallemaio, Lazio, Italy","path":"earth/countries/it/45/475/data.json"},{"id":"ctry.it.45.476","address":"Vallepietra, Lazio, Italy","path":"earth/countries/it/45/476/data.json"},{"id":"ctry.it.45.477","address":"Vallerano, Lazio, Italy","path":"earth/countries/it/45/477/data.json"},{"id":"ctry.it.45.478","address":"Vallerotonda, Lazio, Italy","path":"earth/countries/it/45/478/data.json"},{"id":"ctry.it.45.479","address":"Vallinfreda, Lazio, Italy","path":"earth/countries/it/45/479/data.json"},{"id":"ctry.it.45.480","address":"Valmontone, Lazio, Italy","path":"earth/countries/it/45/480/data.json"},{"id":"ctry.it.45.481","address":"Varco Sabino, Lazio, Italy","path":"earth/countries/it/45/481/data.json"},{"id":"ctry.it.45.482","address":"Vasanello, Lazio, Italy","path":"earth/countries/it/45/482/data.json"},{"id":"ctry.it.45.483","address":"Vejano, Lazio, Italy","path":"earth/countries/it/45/483/data.json"},{"id":"ctry.it.45.484","address":"Velletri, Lazio, Italy","path":"earth/countries/it/45/484/data.json"},{"id":"ctry.it.45.485","address":"Ventotene, Lazio, Italy","path":"earth/countries/it/45/485/data.json"},{"id":"ctry.it.45.486","address":"Veroli, Lazio, Italy","path":"earth/countries/it/45/486/data.json"},{"id":"ctry.it.45.487","address":"Vetralla, Lazio, Italy","path":"earth/countries/it/45/487/data.json"},{"id":"ctry.it.45.488","address":"Vicalvi, Lazio, Italy","path":"earth/countries/it/45/488/data.json"},{"id":"ctry.it.45.489","address":"Vico nel Lazio, Lazio, Italy","path":"earth/countries/it/45/489/data.json"},{"id":"ctry.it.45.490","address":"Vicovaro, Lazio, Italy","path":"earth/countries/it/45/490/data.json"},{"id":"ctry.it.45.491","address":"Vignanello, Lazio, Italy","path":"earth/countries/it/45/491/data.json"},{"id":"ctry.it.45.492","address":"Villa Adriana, Lazio, Italy","path":"earth/countries/it/45/492/data.json"},{"id":"ctry.it.45.493","address":"Villa Latina, Lazio, Italy","path":"earth/countries/it/45/493/data.json"},{"id":"ctry.it.45.494","address":"Villa San Giovanni in Tuscia, Lazio, Italy","path":"earth/countries/it/45/494/data.json"},{"id":"ctry.it.45.495","address":"Villa Santa Lucia, Lazio, Italy","path":"earth/countries/it/45/495/data.json"},{"id":"ctry.it.45.496","address":"Villa Santo Stefano, Lazio, Italy","path":"earth/countries/it/45/496/data.json"},{"id":"ctry.it.45.497","address":"Villalba, Lazio, Italy","path":"earth/countries/it/45/497/data.json"},{"id":"ctry.it.45.498","address":"Villanova, Lazio, Italy","path":"earth/countries/it/45/498/data.json"},{"id":"ctry.it.45.499","address":"Viterbo, Lazio, Italy","path":"earth/countries/it/45/499/data.json"},{"id":"ctry.it.45.500","address":"Viticuso, Lazio, Italy","path":"earth/countries/it/45/500/data.json"},{"id":"ctry.it.45.501","address":"Vitinia, Lazio, Italy","path":"earth/countries/it/45/501/data.json"},{"id":"ctry.it.45.502","address":"Vitorchiano, Lazio, Italy","path":"earth/countries/it/45/502/data.json"},{"id":"ctry.it.45.503","address":"Vivaro Romano, Lazio, Italy","path":"earth/countries/it/45/503/data.json"},{"id":"ctry.it.45.504","address":"Zagarolo, Lazio, Italy","path":"earth/countries/it/45/504/data.json"},{"id":"ctry.it.45.505","address":"Zepponami, Lazio, Italy","path":"earth/countries/it/45/505/data.json"}]}