{"data":[{"id":"ctry.it.45.1","type":"district","name":"Accumoli","path":"earth/countries/it/45/1/data.json"},{"id":"ctry.it.45.2","type":"district","name":"Acilia-Castel Fusano-Ostia Antica","path":"earth/countries/it/45/2/data.json"},{"id":"ctry.it.45.3","type":"district","name":"Acquafondata","path":"earth/countries/it/45/3/data.json"},{"id":"ctry.it.45.4","type":"district","name":"Acquapendente","path":"earth/countries/it/45/4/data.json"},{"id":"ctry.it.45.5","type":"district","name":"Acuto","path":"earth/countries/it/45/5/data.json"},{"id":"ctry.it.45.6","type":"district","name":"Affile","path":"earth/countries/it/45/6/data.json"},{"id":"ctry.it.45.7","type":"district","name":"Agosta","path":"earth/countries/it/45/7/data.json"},{"id":"ctry.it.45.8","type":"district","name":"Alatri","path":"earth/countries/it/45/8/data.json"},{"id":"ctry.it.45.9","type":"district","name":"Albano Laziale","path":"earth/countries/it/45/9/data.json"},{"id":"ctry.it.45.10","type":"district","name":"Albuccione","path":"earth/countries/it/45/10/data.json"},{"id":"ctry.it.45.11","type":"district","name":"Allumiere","path":"earth/countries/it/45/11/data.json"},{"id":"ctry.it.45.12","type":"district","name":"Alvito","path":"earth/countries/it/45/12/data.json"},{"id":"ctry.it.45.13","type":"district","name":"Amaseno","path":"earth/countries/it/45/13/data.json"},{"id":"ctry.it.45.14","type":"district","name":"Amatrice","path":"earth/countries/it/45/14/data.json"},{"id":"ctry.it.45.15","type":"district","name":"Anagni","path":"earth/countries/it/45/15/data.json"},{"id":"ctry.it.45.16","type":"district","name":"Anguillara Sabazia","path":"earth/countries/it/45/16/data.json"},{"id":"ctry.it.45.17","type":"district","name":"Anitrella-Chiaiamari","path":"earth/countries/it/45/17/data.json"},{"id":"ctry.it.45.18","type":"district","name":"Anticoli Corrado","path":"earth/countries/it/45/18/data.json"},{"id":"ctry.it.45.19","type":"district","name":"Antrodoco","path":"earth/countries/it/45/19/data.json"},{"id":"ctry.it.45.20","type":"district","name":"Anzio","path":"earth/countries/it/45/20/data.json"},{"id":"ctry.it.45.21","type":"district","name":"Aprilia","path":"earth/countries/it/45/21/data.json"},{"id":"ctry.it.45.22","type":"district","name":"Aquino","path":"earth/countries/it/45/22/data.json"},{"id":"ctry.it.45.23","type":"district","name":"Ara Nova","path":"earth/countries/it/45/23/data.json"},{"id":"ctry.it.45.24","type":"district","name":"Arce","path":"earth/countries/it/45/24/data.json"},{"id":"ctry.it.45.25","type":"district","name":"Arci-Empolitana","path":"earth/countries/it/45/25/data.json"},{"id":"ctry.it.45.26","type":"district","name":"Arcinazzo Romano","path":"earth/countries/it/45/26/data.json"},{"id":"ctry.it.45.27","type":"district","name":"Ardea","path":"earth/countries/it/45/27/data.json"},{"id":"ctry.it.45.28","type":"district","name":"Area Produttiva","path":"earth/countries/it/45/28/data.json"},{"id":"ctry.it.45.29","type":"district","name":"Ariccia","path":"earth/countries/it/45/29/data.json"},{"id":"ctry.it.45.30","type":"district","name":"Arlena di Castro","path":"earth/countries/it/45/30/data.json"},{"id":"ctry.it.45.31","type":"district","name":"Armetta","path":"earth/countries/it/45/31/data.json"},{"id":"ctry.it.45.32","type":"district","name":"Arnara","path":"earth/countries/it/45/32/data.json"},{"id":"ctry.it.45.33","type":"district","name":"Arpino","path":"earth/countries/it/45/33/data.json"},{"id":"ctry.it.45.34","type":"district","name":"Arsoli","path":"earth/countries/it/45/34/data.json"},{"id":"ctry.it.45.35","type":"district","name":"Artena","path":"earth/countries/it/45/35/data.json"},{"id":"ctry.it.45.36","type":"district","name":"Ascrea","path":"earth/countries/it/45/36/data.json"},{"id":"ctry.it.45.37","type":"district","name":"Atina","path":"earth/countries/it/45/37/data.json"},{"id":"ctry.it.45.38","type":"district","name":"Atina Inferiore","path":"earth/countries/it/45/38/data.json"},{"id":"ctry.it.45.39","type":"district","name":"Aurelia","path":"earth/countries/it/45/39/data.json"},{"id":"ctry.it.45.40","type":"district","name":"Ausonia","path":"earth/countries/it/45/40/data.json"},{"id":"ctry.it.45.41","type":"district","name":"Bagni di Tivoli","path":"earth/countries/it/45/41/data.json"},{"id":"ctry.it.45.42","type":"district","name":"Bagnoregio","path":"earth/countries/it/45/42/data.json"},{"id":"ctry.it.45.43","type":"district","name":"Barbarano Romano","path":"earth/countries/it/45/43/data.json"},{"id":"ctry.it.45.44","type":"district","name":"Bassano in Teverina","path":"earth/countries/it/45/44/data.json"},{"id":"ctry.it.45.45","type":"district","name":"Bassano Romano","path":"earth/countries/it/45/45/data.json"},{"id":"ctry.it.45.46","type":"district","name":"Bassiano","path":"earth/countries/it/45/46/data.json"},{"id":"ctry.it.45.47","type":"district","name":"Bella Farnia","path":"earth/countries/it/45/47/data.json"},{"id":"ctry.it.45.48","type":"district","name":"Bellegra","path":"earth/countries/it/45/48/data.json"},{"id":"ctry.it.45.49","type":"district","name":"Belmonte Castello","path":"earth/countries/it/45/49/data.json"},{"id":"ctry.it.45.50","type":"district","name":"Belmonte in Sabina","path":"earth/countries/it/45/50/data.json"},{"id":"ctry.it.45.51","type":"district","name":"Bivio di Capanelle","path":"earth/countries/it/45/51/data.json"},{"id":"ctry.it.45.52","type":"district","name":"Bivio San Polo","path":"earth/countries/it/45/52/data.json"},{"id":"ctry.it.45.53","type":"district","name":"Blera","path":"earth/countries/it/45/53/data.json"},{"id":"ctry.it.45.54","type":"district","name":"Bolsena","path":"earth/countries/it/45/54/data.json"},{"id":"ctry.it.45.55","type":"district","name":"Bomarzo","path":"earth/countries/it/45/55/data.json"},{"id":"ctry.it.45.56","type":"district","name":"Borbona","path":"earth/countries/it/45/56/data.json"},{"id":"ctry.it.45.57","type":"district","name":"Borgo Grappa","path":"earth/countries/it/45/57/data.json"},{"id":"ctry.it.45.58","type":"district","name":"Borgo Hermada","path":"earth/countries/it/45/58/data.json"},{"id":"ctry.it.45.59","type":"district","name":"Borgo Lotti","path":"earth/countries/it/45/59/data.json"},{"id":"ctry.it.45.60","type":"district","name":"Borgo Podgora","path":"earth/countries/it/45/60/data.json"},{"id":"ctry.it.45.61","type":"district","name":"Borgo Sabotino-Foce Verde","path":"earth/countries/it/45/61/data.json"},{"id":"ctry.it.45.62","type":"district","name":"Borgo San Michele","path":"earth/countries/it/45/62/data.json"},{"id":"ctry.it.45.63","type":"district","name":"Borgo Velino","path":"earth/countries/it/45/63/data.json"},{"id":"ctry.it.45.64","type":"district","name":"Borgorose","path":"earth/countries/it/45/64/data.json"},{"id":"ctry.it.45.65","type":"district","name":"Boville Ernica","path":"earth/countries/it/45/65/data.json"},{"id":"ctry.it.45.66","type":"district","name":"Bracciano","path":"earth/countries/it/45/66/data.json"},{"id":"ctry.it.45.67","type":"district","name":"Broccostella","path":"earth/countries/it/45/67/data.json"},{"id":"ctry.it.45.68","type":"district","name":"Caira","path":"earth/countries/it/45/68/data.json"},{"id":"ctry.it.45.69","type":"district","name":"Calcata Nuova","path":"earth/countries/it/45/69/data.json"},{"id":"ctry.it.45.70","type":"district","name":"Camerata Nuova","path":"earth/countries/it/45/70/data.json"},{"id":"ctry.it.45.71","type":"district","name":"Camilleri-Vallelata","path":"earth/countries/it/45/71/data.json"},{"id":"ctry.it.45.72","type":"district","name":"Campagnano di Roma","path":"earth/countries/it/45/72/data.json"},{"id":"ctry.it.45.73","type":"district","name":"Campo di Carne","path":"earth/countries/it/45/73/data.json"},{"id":"ctry.it.45.74","type":"district","name":"Campo Jemini","path":"earth/countries/it/45/74/data.json"},{"id":"ctry.it.45.75","type":"district","name":"Campo Limpido-Favale","path":"earth/countries/it/45/75/data.json"},{"id":"ctry.it.45.76","type":"district","name":"Campodimele","path":"earth/countries/it/45/76/data.json"},{"id":"ctry.it.45.77","type":"district","name":"Campoleone","path":"earth/countries/it/45/77/data.json"},{"id":"ctry.it.45.78","type":"district","name":"Campoli Appennino","path":"earth/countries/it/45/78/data.json"},{"id":"ctry.it.45.79","type":"district","name":"Canale Monterano","path":"earth/countries/it/45/79/data.json"},{"id":"ctry.it.45.80","type":"district","name":"Canepina","path":"earth/countries/it/45/80/data.json"},{"id":"ctry.it.45.81","type":"district","name":"Canino","path":"earth/countries/it/45/81/data.json"},{"id":"ctry.it.45.82","type":"district","name":"Cantalice","path":"earth/countries/it/45/82/data.json"},{"id":"ctry.it.45.83","type":"district","name":"Cantalupo in Sabina","path":"earth/countries/it/45/83/data.json"},{"id":"ctry.it.45.84","type":"district","name":"Canterano","path":"earth/countries/it/45/84/data.json"},{"id":"ctry.it.45.85","type":"district","name":"Capena","path":"earth/countries/it/45/85/data.json"},{"id":"ctry.it.45.86","type":"district","name":"Capodimonte","path":"earth/countries/it/45/86/data.json"},{"id":"ctry.it.45.87","type":"district","name":"Capranica","path":"earth/countries/it/45/87/data.json"},{"id":"ctry.it.45.88","type":"district","name":"Capranica Prenestina","path":"earth/countries/it/45/88/data.json"},{"id":"ctry.it.45.89","type":"district","name":"Caprarola","path":"earth/countries/it/45/89/data.json"},{"id":"ctry.it.45.90","type":"district","name":"Carbognano","path":"earth/countries/it/45/90/data.json"},{"id":"ctry.it.45.91","type":"district","name":"Carchitti","path":"earth/countries/it/45/91/data.json"},{"id":"ctry.it.45.92","type":"district","name":"Carpineto Romano","path":"earth/countries/it/45/92/data.json"},{"id":"ctry.it.45.93","type":"district","name":"Carrara-Pontenuovo","path":"earth/countries/it/45/93/data.json"},{"id":"ctry.it.45.94","type":"district","name":"Cartiera-Stazione","path":"earth/countries/it/45/94/data.json"},{"id":"ctry.it.45.95","type":"district","name":"Casal Palocco","path":"earth/countries/it/45/95/data.json"},{"id":"ctry.it.45.96","type":"district","name":"Casalattico","path":"earth/countries/it/45/96/data.json"},{"id":"ctry.it.45.97","type":"district","name":"Casalazzara","path":"earth/countries/it/45/97/data.json"},{"id":"ctry.it.45.98","type":"district","name":"Casali","path":"earth/countries/it/45/98/data.json"},{"id":"ctry.it.45.99","type":"district","name":"Casalvieri","path":"earth/countries/it/45/99/data.json"},{"id":"ctry.it.45.100","type":"district","name":"Casape","path":"earth/countries/it/45/100/data.json"},{"id":"ctry.it.45.101","type":"district","name":"Casaprota","path":"earth/countries/it/45/101/data.json"},{"id":"ctry.it.45.102","type":"district","name":"Case Campoli-Panetta","path":"earth/countries/it/45/102/data.json"},{"id":"ctry.it.45.103","type":"district","name":"Casperia","path":"earth/countries/it/45/103/data.json"},{"id":"ctry.it.45.104","type":"district","name":"Cassino","path":"earth/countries/it/45/104/data.json"},{"id":"ctry.it.45.105","type":"district","name":"Castel Chiodato","path":"earth/countries/it/45/105/data.json"},{"id":"ctry.it.45.106","type":"district","name":"Castel di Tora","path":"earth/countries/it/45/106/data.json"},{"id":"ctry.it.45.107","type":"district","name":"Castel Fusano","path":"earth/countries/it/45/107/data.json"},{"id":"ctry.it.45.108","type":"district","name":"Castel Gandolfo","path":"earth/countries/it/45/108/data.json"},{"id":"ctry.it.45.109","type":"district","name":"Castel Madama","path":"earth/countries/it/45/109/data.json"},{"id":"ctry.it.45.110","type":"district","name":"Castel San Pietro Romano","path":"earth/countries/it/45/110/data.json"},{"id":"ctry.it.45.111","type":"district","name":"Castel Sant'Angelo","path":"earth/countries/it/45/111/data.json"},{"id":"ctry.it.45.112","type":"district","name":"Castel Sant'Elia","path":"earth/countries/it/45/112/data.json"},{"id":"ctry.it.45.113","type":"district","name":"Castelforte","path":"earth/countries/it/45/113/data.json"},{"id":"ctry.it.45.114","type":"district","name":"Castelliri","path":"earth/countries/it/45/114/data.json"},{"id":"ctry.it.45.115","type":"district","name":"Castelmassimo","path":"earth/countries/it/45/115/data.json"},{"id":"ctry.it.45.116","type":"district","name":"Castelnuovo di Farfa","path":"earth/countries/it/45/116/data.json"},{"id":"ctry.it.45.117","type":"district","name":"Castelnuovo di Porto","path":"earth/countries/it/45/117/data.json"},{"id":"ctry.it.45.118","type":"district","name":"Castelnuovo Parano","path":"earth/countries/it/45/118/data.json"},{"id":"ctry.it.45.119","type":"district","name":"Castiglione in Teverina","path":"earth/countries/it/45/119/data.json"},{"id":"ctry.it.45.120","type":"district","name":"Castro dei Volsci","path":"earth/countries/it/45/120/data.json"},{"id":"ctry.it.45.121","type":"district","name":"Castrocielo","path":"earth/countries/it/45/121/data.json"},{"id":"ctry.it.45.122","type":"district","name":"Cave","path":"earth/countries/it/45/122/data.json"},{"id":"ctry.it.45.123","type":"district","name":"Ceccano","path":"earth/countries/it/45/123/data.json"},{"id":"ctry.it.45.124","type":"district","name":"Cecchina","path":"earth/countries/it/45/124/data.json"},{"id":"ctry.it.45.125","type":"district","name":"Celleno","path":"earth/countries/it/45/125/data.json"},{"id":"ctry.it.45.126","type":"district","name":"Cellere","path":"earth/countries/it/45/126/data.json"},{"id":"ctry.it.45.127","type":"district","name":"Ceprano","path":"earth/countries/it/45/127/data.json"},{"id":"ctry.it.45.128","type":"district","name":"Cerquotti-Madonna del Piano","path":"earth/countries/it/45/128/data.json"},{"id":"ctry.it.45.129","type":"district","name":"Cerreto Laziale","path":"earth/countries/it/45/129/data.json"},{"id":"ctry.it.45.130","type":"district","name":"Cervara di Roma","path":"earth/countries/it/45/130/data.json"},{"id":"ctry.it.45.131","type":"district","name":"Cervaro","path":"earth/countries/it/45/131/data.json"},{"id":"ctry.it.45.132","type":"district","name":"Cerveteri","path":"earth/countries/it/45/132/data.json"},{"id":"ctry.it.45.133","type":"district","name":"Cesano","path":"earth/countries/it/45/133/data.json"},{"id":"ctry.it.45.134","type":"district","name":"Ciampino","path":"earth/countries/it/45/134/data.json"},{"id":"ctry.it.45.135","type":"district","name":"Ciciliano","path":"earth/countries/it/45/135/data.json"},{"id":"ctry.it.45.136","type":"district","name":"Cineto Romano","path":"earth/countries/it/45/136/data.json"},{"id":"ctry.it.45.137","type":"district","name":"Cisterna di Latina","path":"earth/countries/it/45/137/data.json"},{"id":"ctry.it.45.138","type":"district","name":"Città metropolitana di Roma Capitale","path":"earth/countries/it/45/138/data.json"},{"id":"ctry.it.45.139","type":"district","name":"Cittaducale","path":"earth/countries/it/45/139/data.json"},{"id":"ctry.it.45.140","type":"district","name":"Cittareale","path":"earth/countries/it/45/140/data.json"},{"id":"ctry.it.45.141","type":"district","name":"Civita Castellana","path":"earth/countries/it/45/141/data.json"},{"id":"ctry.it.45.142","type":"district","name":"Civitavecchia","path":"earth/countries/it/45/142/data.json"},{"id":"ctry.it.45.143","type":"district","name":"Civitella d'Agliano","path":"earth/countries/it/45/143/data.json"},{"id":"ctry.it.45.144","type":"district","name":"Civitella San Paolo","path":"earth/countries/it/45/144/data.json"},{"id":"ctry.it.45.145","type":"district","name":"Coldragone","path":"earth/countries/it/45/145/data.json"},{"id":"ctry.it.45.146","type":"district","name":"Collalto Sabino","path":"earth/countries/it/45/146/data.json"},{"id":"ctry.it.45.147","type":"district","name":"Colle Campano-Scrima","path":"earth/countries/it/45/147/data.json"},{"id":"ctry.it.45.148","type":"district","name":"Colle del Pino","path":"earth/countries/it/45/148/data.json"},{"id":"ctry.it.45.149","type":"district","name":"Colle di Fuori","path":"earth/countries/it/45/149/data.json"},{"id":"ctry.it.45.150","type":"district","name":"Colle di Tora","path":"earth/countries/it/45/150/data.json"},{"id":"ctry.it.45.151","type":"district","name":"Colle Mainello","path":"earth/countries/it/45/151/data.json"},{"id":"ctry.it.45.152","type":"district","name":"Colle San Magno","path":"earth/countries/it/45/152/data.json"},{"id":"ctry.it.45.153","type":"district","name":"Colle Spina","path":"earth/countries/it/45/153/data.json"},{"id":"ctry.it.45.154","type":"district","name":"Colle Verde","path":"earth/countries/it/45/154/data.json"},{"id":"ctry.it.45.155","type":"district","name":"Colleferro","path":"earth/countries/it/45/155/data.json"},{"id":"ctry.it.45.156","type":"district","name":"Collefontana-Fontana Liri Inferiore","path":"earth/countries/it/45/156/data.json"},{"id":"ctry.it.45.157","type":"district","name":"Collegiove","path":"earth/countries/it/45/157/data.json"},{"id":"ctry.it.45.158","type":"district","name":"Collepardo","path":"earth/countries/it/45/158/data.json"},{"id":"ctry.it.45.159","type":"district","name":"Collevecchio","path":"earth/countries/it/45/159/data.json"},{"id":"ctry.it.45.160","type":"district","name":"Colleverde II","path":"earth/countries/it/45/160/data.json"},{"id":"ctry.it.45.161","type":"district","name":"Colli di Enea","path":"earth/countries/it/45/161/data.json"},{"id":"ctry.it.45.162","type":"district","name":"Colli sul Velino","path":"earth/countries/it/45/162/data.json"},{"id":"ctry.it.45.163","type":"district","name":"Colonna","path":"earth/countries/it/45/163/data.json"},{"id":"ctry.it.45.164","type":"district","name":"Colubro","path":"earth/countries/it/45/164/data.json"},{"id":"ctry.it.45.165","type":"district","name":"Concerviano","path":"earth/countries/it/45/165/data.json"},{"id":"ctry.it.45.166","type":"district","name":"Configni","path":"earth/countries/it/45/166/data.json"},{"id":"ctry.it.45.167","type":"district","name":"Contigliano","path":"earth/countries/it/45/167/data.json"},{"id":"ctry.it.45.168","type":"district","name":"Corchiano","path":"earth/countries/it/45/168/data.json"},{"id":"ctry.it.45.169","type":"district","name":"Corcolle","path":"earth/countries/it/45/169/data.json"},{"id":"ctry.it.45.170","type":"district","name":"Coreno Ausonio","path":"earth/countries/it/45/170/data.json"},{"id":"ctry.it.45.171","type":"district","name":"Cori","path":"earth/countries/it/45/171/data.json"},{"id":"ctry.it.45.172","type":"district","name":"Corvaro","path":"earth/countries/it/45/172/data.json"},{"id":"ctry.it.45.173","type":"district","name":"Costaroni","path":"earth/countries/it/45/173/data.json"},{"id":"ctry.it.45.174","type":"district","name":"Cottanello","path":"earth/countries/it/45/174/data.json"},{"id":"ctry.it.45.175","type":"district","name":"Cretone","path":"earth/countries/it/45/175/data.json"},{"id":"ctry.it.45.176","type":"district","name":"Esperia","path":"earth/countries/it/45/176/data.json"},{"id":"ctry.it.45.177","type":"district","name":"Fabrica di Roma","path":"earth/countries/it/45/177/data.json"},{"id":"ctry.it.45.178","type":"district","name":"Faleria","path":"earth/countries/it/45/178/data.json"},{"id":"ctry.it.45.179","type":"district","name":"Falvaterra","path":"earth/countries/it/45/179/data.json"},{"id":"ctry.it.45.180","type":"district","name":"Fara in Sabina","path":"earth/countries/it/45/180/data.json"},{"id":"ctry.it.45.181","type":"district","name":"Farnese","path":"earth/countries/it/45/181/data.json"},{"id":"ctry.it.45.182","type":"district","name":"Ferentino","path":"earth/countries/it/45/182/data.json"},{"id":"ctry.it.45.183","type":"district","name":"Fiamignano","path":"earth/countries/it/45/183/data.json"},{"id":"ctry.it.45.184","type":"district","name":"Fiano Romano","path":"earth/countries/it/45/184/data.json"},{"id":"ctry.it.45.185","type":"district","name":"Filacciano","path":"earth/countries/it/45/185/data.json"},{"id":"ctry.it.45.186","type":"district","name":"Filettino","path":"earth/countries/it/45/186/data.json"},{"id":"ctry.it.45.187","type":"district","name":"Fiuggi","path":"earth/countries/it/45/187/data.json"},{"id":"ctry.it.45.188","type":"district","name":"Fiumicino-Isola Sacra","path":"earth/countries/it/45/188/data.json"},{"id":"ctry.it.45.189","type":"district","name":"Focene","path":"earth/countries/it/45/189/data.json"},{"id":"ctry.it.45.190","type":"district","name":"Fondi","path":"earth/countries/it/45/190/data.json"},{"id":"ctry.it.45.191","type":"district","name":"Fontechiari","path":"earth/countries/it/45/191/data.json"},{"id":"ctry.it.45.192","type":"district","name":"Forano","path":"earth/countries/it/45/192/data.json"},{"id":"ctry.it.45.193","type":"district","name":"Formello","path":"earth/countries/it/45/193/data.json"},{"id":"ctry.it.45.194","type":"district","name":"Formia","path":"earth/countries/it/45/194/data.json"},{"id":"ctry.it.45.195","type":"district","name":"Fossignano","path":"earth/countries/it/45/195/data.json"},{"id":"ctry.it.45.196","type":"district","name":"Frascati","path":"earth/countries/it/45/196/data.json"},{"id":"ctry.it.45.197","type":"district","name":"Frasso Sabino","path":"earth/countries/it/45/197/data.json"},{"id":"ctry.it.45.198","type":"district","name":"Fregene","path":"earth/countries/it/45/198/data.json"},{"id":"ctry.it.45.199","type":"district","name":"Frosinone","path":"earth/countries/it/45/199/data.json"},{"id":"ctry.it.45.200","type":"district","name":"Fumone","path":"earth/countries/it/45/200/data.json"},{"id":"ctry.it.45.201","type":"district","name":"Gaeta","path":"earth/countries/it/45/201/data.json"},{"id":"ctry.it.45.202","type":"district","name":"Gallese","path":"earth/countries/it/45/202/data.json"},{"id":"ctry.it.45.203","type":"district","name":"Gallicano nel Lazio","path":"earth/countries/it/45/203/data.json"},{"id":"ctry.it.45.204","type":"district","name":"Gallinaro","path":"earth/countries/it/45/204/data.json"},{"id":"ctry.it.45.205","type":"district","name":"Gavignano","path":"earth/countries/it/45/205/data.json"},{"id":"ctry.it.45.206","type":"district","name":"Genazzano","path":"earth/countries/it/45/206/data.json"},{"id":"ctry.it.45.207","type":"district","name":"Genio Civile","path":"earth/countries/it/45/207/data.json"},{"id":"ctry.it.45.208","type":"district","name":"Genzano di Roma","path":"earth/countries/it/45/208/data.json"},{"id":"ctry.it.45.209","type":"district","name":"Gerano","path":"earth/countries/it/45/209/data.json"},{"id":"ctry.it.45.210","type":"district","name":"Girardi-Bellavista-Terrazze","path":"earth/countries/it/45/210/data.json"},{"id":"ctry.it.45.211","type":"district","name":"Giulianello","path":"earth/countries/it/45/211/data.json"},{"id":"ctry.it.45.212","type":"district","name":"Giuliano di Roma","path":"earth/countries/it/45/212/data.json"},{"id":"ctry.it.45.213","type":"district","name":"Gorga","path":"earth/countries/it/45/213/data.json"},{"id":"ctry.it.45.214","type":"district","name":"Gradoli","path":"earth/countries/it/45/214/data.json"},{"id":"ctry.it.45.215","type":"district","name":"Graffignano","path":"earth/countries/it/45/215/data.json"},{"id":"ctry.it.45.216","type":"district","name":"Grottaferrata","path":"earth/countries/it/45/216/data.json"},{"id":"ctry.it.45.217","type":"district","name":"Grotte di Castro","path":"earth/countries/it/45/217/data.json"},{"id":"ctry.it.45.218","type":"district","name":"Grotte Santo Stefano","path":"earth/countries/it/45/218/data.json"},{"id":"ctry.it.45.219","type":"district","name":"Grunuovo-Campomaggiore San Luca","path":"earth/countries/it/45/219/data.json"},{"id":"ctry.it.45.220","type":"district","name":"Guarcino","path":"earth/countries/it/45/220/data.json"},{"id":"ctry.it.45.221","type":"district","name":"Guidonia","path":"earth/countries/it/45/221/data.json"},{"id":"ctry.it.45.222","type":"district","name":"Guidonia Montecelio","path":"earth/countries/it/45/222/data.json"},{"id":"ctry.it.45.223","type":"district","name":"Ischia di Castro","path":"earth/countries/it/45/223/data.json"},{"id":"ctry.it.45.224","type":"district","name":"Isola del Liri","path":"earth/countries/it/45/224/data.json"},{"id":"ctry.it.45.225","type":"district","name":"Itri","path":"earth/countries/it/45/225/data.json"},{"id":"ctry.it.45.226","type":"district","name":"Jenne","path":"earth/countries/it/45/226/data.json"},{"id":"ctry.it.45.227","type":"district","name":"La Botte","path":"earth/countries/it/45/227/data.json"},{"id":"ctry.it.45.228","type":"district","name":"La Forma","path":"earth/countries/it/45/228/data.json"},{"id":"ctry.it.45.229","type":"district","name":"La Massimina-Casal Lumbroso","path":"earth/countries/it/45/229/data.json"},{"id":"ctry.it.45.230","type":"district","name":"Labico","path":"earth/countries/it/45/230/data.json"},{"id":"ctry.it.45.231","type":"district","name":"Labro","path":"earth/countries/it/45/231/data.json"},{"id":"ctry.it.45.232","type":"district","name":"Ladispoli","path":"earth/countries/it/45/232/data.json"},{"id":"ctry.it.45.233","type":"district","name":"Laghetto","path":"earth/countries/it/45/233/data.json"},{"id":"ctry.it.45.234","type":"district","name":"Lanuvio","path":"earth/countries/it/45/234/data.json"},{"id":"ctry.it.45.235","type":"district","name":"Lariano","path":"earth/countries/it/45/235/data.json"},{"id":"ctry.it.45.236","type":"district","name":"Latera","path":"earth/countries/it/45/236/data.json"},{"id":"ctry.it.45.237","type":"district","name":"Latina","path":"earth/countries/it/45/237/data.json"},{"id":"ctry.it.45.238","type":"district","name":"Latina Scalo","path":"earth/countries/it/45/238/data.json"},{"id":"ctry.it.45.239","type":"district","name":"Lavinio","path":"earth/countries/it/45/239/data.json"},{"id":"ctry.it.45.240","type":"district","name":"Le Forna","path":"earth/countries/it/45/240/data.json"},{"id":"ctry.it.45.241","type":"district","name":"Le Rughe","path":"earth/countries/it/45/241/data.json"},{"id":"ctry.it.45.242","type":"district","name":"Lenola","path":"earth/countries/it/45/242/data.json"},{"id":"ctry.it.45.243","type":"district","name":"Leonessa","path":"earth/countries/it/45/243/data.json"},{"id":"ctry.it.45.244","type":"district","name":"Licenza","path":"earth/countries/it/45/244/data.json"},{"id":"ctry.it.45.245","type":"district","name":"Lido dei Pini","path":"earth/countries/it/45/245/data.json"},{"id":"ctry.it.45.246","type":"district","name":"Lido di Ostia","path":"earth/countries/it/45/246/data.json"},{"id":"ctry.it.45.247","type":"district","name":"Limiti di Greccio","path":"earth/countries/it/45/247/data.json"},{"id":"ctry.it.45.248","type":"district","name":"Longone Sabino","path":"earth/countries/it/45/248/data.json"},{"id":"ctry.it.45.249","type":"district","name":"Lubriano","path":"earth/countries/it/45/249/data.json"},{"id":"ctry.it.45.250","type":"district","name":"Maccarese","path":"earth/countries/it/45/250/data.json"},{"id":"ctry.it.45.251","type":"district","name":"Macere","path":"earth/countries/it/45/251/data.json"},{"id":"ctry.it.45.252","type":"district","name":"Maenza","path":"earth/countries/it/45/252/data.json"},{"id":"ctry.it.45.253","type":"district","name":"Magliano Romano","path":"earth/countries/it/45/253/data.json"},{"id":"ctry.it.45.254","type":"district","name":"Magliano Sabina","path":"earth/countries/it/45/254/data.json"},{"id":"ctry.it.45.255","type":"district","name":"Mandela","path":"earth/countries/it/45/255/data.json"},{"id":"ctry.it.45.256","type":"district","name":"Mantiglia di Ardea","path":"earth/countries/it/45/256/data.json"},{"id":"ctry.it.45.257","type":"district","name":"Manziana","path":"earth/countries/it/45/257/data.json"},{"id":"ctry.it.45.258","type":"district","name":"Marano Equo","path":"earth/countries/it/45/258/data.json"},{"id":"ctry.it.45.259","type":"district","name":"Maranola-Trivio","path":"earth/countries/it/45/259/data.json"},{"id":"ctry.it.45.260","type":"district","name":"Marcellina","path":"earth/countries/it/45/260/data.json"},{"id":"ctry.it.45.261","type":"district","name":"Marcetelli","path":"earth/countries/it/45/261/data.json"},{"id":"ctry.it.45.262","type":"district","name":"Marco Simone","path":"earth/countries/it/45/262/data.json"},{"id":"ctry.it.45.263","type":"district","name":"Marina di Ardea-Tor San Lorenzo","path":"earth/countries/it/45/263/data.json"},{"id":"ctry.it.45.264","type":"district","name":"Marina di Cerveteri","path":"earth/countries/it/45/264/data.json"},{"id":"ctry.it.45.265","type":"district","name":"Marina San Nicola","path":"earth/countries/it/45/265/data.json"},{"id":"ctry.it.45.266","type":"district","name":"Marino","path":"earth/countries/it/45/266/data.json"},{"id":"ctry.it.45.267","type":"district","name":"Marta","path":"earth/countries/it/45/267/data.json"},{"id":"ctry.it.45.268","type":"district","name":"Mazzano Romano","path":"earth/countries/it/45/268/data.json"},{"id":"ctry.it.45.269","type":"district","name":"Mentana","path":"earth/countries/it/45/269/data.json"},{"id":"ctry.it.45.270","type":"district","name":"Micigliano","path":"earth/countries/it/45/270/data.json"},{"id":"ctry.it.45.271","type":"district","name":"Minturno","path":"earth/countries/it/45/271/data.json"},{"id":"ctry.it.45.272","type":"district","name":"Molella","path":"earth/countries/it/45/272/data.json"},{"id":"ctry.it.45.273","type":"district","name":"Mompeo","path":"earth/countries/it/45/273/data.json"},{"id":"ctry.it.45.274","type":"district","name":"Montalto di Castro","path":"earth/countries/it/45/274/data.json"},{"id":"ctry.it.45.275","type":"district","name":"Montasola","path":"earth/countries/it/45/275/data.json"},{"id":"ctry.it.45.276","type":"district","name":"Monte Caminetto","path":"earth/countries/it/45/276/data.json"},{"id":"ctry.it.45.277","type":"district","name":"Monte Migliore La Selvotta","path":"earth/countries/it/45/277/data.json"},{"id":"ctry.it.45.278","type":"district","name":"Monte Porzio Catone","path":"earth/countries/it/45/278/data.json"},{"id":"ctry.it.45.279","type":"district","name":"Monte Romano","path":"earth/countries/it/45/279/data.json"},{"id":"ctry.it.45.280","type":"district","name":"Monte San Biagio","path":"earth/countries/it/45/280/data.json"},{"id":"ctry.it.45.281","type":"district","name":"Monte San Giovanni Campano","path":"earth/countries/it/45/281/data.json"},{"id":"ctry.it.45.282","type":"district","name":"Monte San Giovanni in Sabina","path":"earth/countries/it/45/282/data.json"},{"id":"ctry.it.45.283","type":"district","name":"Monte San Marino","path":"earth/countries/it/45/283/data.json"},{"id":"ctry.it.45.284","type":"district","name":"Montebuono","path":"earth/countries/it/45/284/data.json"},{"id":"ctry.it.45.285","type":"district","name":"Montecelio","path":"earth/countries/it/45/285/data.json"},{"id":"ctry.it.45.286","type":"district","name":"Montecompatri","path":"earth/countries/it/45/286/data.json"},{"id":"ctry.it.45.287","type":"district","name":"Montefiascone","path":"earth/countries/it/45/287/data.json"},{"id":"ctry.it.45.288","type":"district","name":"Monteflavio","path":"earth/countries/it/45/288/data.json"},{"id":"ctry.it.45.289","type":"district","name":"Montelanico","path":"earth/countries/it/45/289/data.json"},{"id":"ctry.it.45.290","type":"district","name":"Montelarco","path":"earth/countries/it/45/290/data.json"},{"id":"ctry.it.45.291","type":"district","name":"Monteleone Sabino","path":"earth/countries/it/45/291/data.json"},{"id":"ctry.it.45.292","type":"district","name":"Montelibretti","path":"earth/countries/it/45/292/data.json"},{"id":"ctry.it.45.293","type":"district","name":"Montenero Sabino","path":"earth/countries/it/45/293/data.json"},{"id":"ctry.it.45.294","type":"district","name":"Monterosi","path":"earth/countries/it/45/294/data.json"},{"id":"ctry.it.45.295","type":"district","name":"Monterotondo","path":"earth/countries/it/45/295/data.json"},{"id":"ctry.it.45.296","type":"district","name":"Montopoli in Sabina","path":"earth/countries/it/45/296/data.json"},{"id":"ctry.it.45.297","type":"district","name":"Montorio Romano","path":"earth/countries/it/45/297/data.json"},{"id":"ctry.it.45.298","type":"district","name":"Moricone","path":"earth/countries/it/45/298/data.json"},{"id":"ctry.it.45.299","type":"district","name":"Morlupo","path":"earth/countries/it/45/299/data.json"},{"id":"ctry.it.45.300","type":"district","name":"Morolo","path":"earth/countries/it/45/300/data.json"},{"id":"ctry.it.45.301","type":"district","name":"Morro Reatino","path":"earth/countries/it/45/301/data.json"},{"id":"ctry.it.45.302","type":"district","name":"Nazzano","path":"earth/countries/it/45/302/data.json"},{"id":"ctry.it.45.303","type":"district","name":"Nemi","path":"earth/countries/it/45/303/data.json"},{"id":"ctry.it.45.304","type":"district","name":"Nepi","path":"earth/countries/it/45/304/data.json"},{"id":"ctry.it.45.305","type":"district","name":"Nerola","path":"earth/countries/it/45/305/data.json"},{"id":"ctry.it.45.306","type":"district","name":"Nespolo","path":"earth/countries/it/45/306/data.json"},{"id":"ctry.it.45.307","type":"district","name":"Nettuno","path":"earth/countries/it/45/307/data.json"},{"id":"ctry.it.45.308","type":"district","name":"Norma","path":"earth/countries/it/45/308/data.json"},{"id":"ctry.it.45.309","type":"district","name":"Olevano Romano","path":"earth/countries/it/45/309/data.json"},{"id":"ctry.it.45.310","type":"district","name":"Onano","path":"earth/countries/it/45/310/data.json"},{"id":"ctry.it.45.311","type":"district","name":"Oriolo Romano","path":"earth/countries/it/45/311/data.json"},{"id":"ctry.it.45.312","type":"district","name":"Orte","path":"earth/countries/it/45/312/data.json"},{"id":"ctry.it.45.313","type":"district","name":"Orte Scalo","path":"earth/countries/it/45/313/data.json"},{"id":"ctry.it.45.314","type":"district","name":"Orvinio","path":"earth/countries/it/45/314/data.json"},{"id":"ctry.it.45.315","type":"district","name":"Osteria Nuova","path":"earth/countries/it/45/315/data.json"},{"id":"ctry.it.45.316","type":"district","name":"Paganico Sabino","path":"earth/countries/it/45/316/data.json"},{"id":"ctry.it.45.317","type":"district","name":"Palestrina","path":"earth/countries/it/45/317/data.json"},{"id":"ctry.it.45.318","type":"district","name":"Paliano","path":"earth/countries/it/45/318/data.json"},{"id":"ctry.it.45.319","type":"district","name":"Palombara Sabina","path":"earth/countries/it/45/319/data.json"},{"id":"ctry.it.45.320","type":"district","name":"Parco Leonardo","path":"earth/countries/it/45/320/data.json"},{"id":"ctry.it.45.321","type":"district","name":"Passoscuro","path":"earth/countries/it/45/321/data.json"},{"id":"ctry.it.45.322","type":"district","name":"Pastena","path":"earth/countries/it/45/322/data.json"},{"id":"ctry.it.45.323","type":"district","name":"Patrica","path":"earth/countries/it/45/323/data.json"},{"id":"ctry.it.45.324","type":"district","name":"Pavona","path":"earth/countries/it/45/324/data.json"},{"id":"ctry.it.45.325","type":"district","name":"Penitro","path":"earth/countries/it/45/325/data.json"},{"id":"ctry.it.45.326","type":"district","name":"Percile","path":"earth/countries/it/45/326/data.json"},{"id":"ctry.it.45.327","type":"district","name":"Pescia Romana","path":"earth/countries/it/45/327/data.json"},{"id":"ctry.it.45.328","type":"district","name":"Pescorocchiano","path":"earth/countries/it/45/328/data.json"},{"id":"ctry.it.45.329","type":"district","name":"Pescosolido","path":"earth/countries/it/45/329/data.json"},{"id":"ctry.it.45.330","type":"district","name":"Petrella Salto","path":"earth/countries/it/45/330/data.json"},{"id":"ctry.it.45.331","type":"district","name":"Piansano","path":"earth/countries/it/45/331/data.json"},{"id":"ctry.it.45.332","type":"district","name":"Picinisco","path":"earth/countries/it/45/332/data.json"},{"id":"ctry.it.45.333","type":"district","name":"Pico","path":"earth/countries/it/45/333/data.json"},{"id":"ctry.it.45.334","type":"district","name":"Piedimonte San Germano","path":"earth/countries/it/45/334/data.json"},{"id":"ctry.it.45.335","type":"district","name":"Piedimonte San Germano Alta","path":"earth/countries/it/45/335/data.json"},{"id":"ctry.it.45.336","type":"district","name":"Piglio","path":"earth/countries/it/45/336/data.json"},{"id":"ctry.it.45.337","type":"district","name":"Pignataro Interamna","path":"earth/countries/it/45/337/data.json"},{"id":"ctry.it.45.338","type":"district","name":"Pisoniano","path":"earth/countries/it/45/338/data.json"},{"id":"ctry.it.45.339","type":"district","name":"Pofi","path":"earth/countries/it/45/339/data.json"},{"id":"ctry.it.45.340","type":"district","name":"Poggio Bustone","path":"earth/countries/it/45/340/data.json"},{"id":"ctry.it.45.341","type":"district","name":"Poggio Catino","path":"earth/countries/it/45/341/data.json"},{"id":"ctry.it.45.342","type":"district","name":"Poggio Ellera","path":"earth/countries/it/45/342/data.json"},{"id":"ctry.it.45.343","type":"district","name":"Poggio Mirteto","path":"earth/countries/it/45/343/data.json"},{"id":"ctry.it.45.344","type":"district","name":"Poggio Moiano","path":"earth/countries/it/45/344/data.json"},{"id":"ctry.it.45.345","type":"district","name":"Poggio Nativo","path":"earth/countries/it/45/345/data.json"},{"id":"ctry.it.45.346","type":"district","name":"Poggio San Lorenzo","path":"earth/countries/it/45/346/data.json"},{"id":"ctry.it.45.347","type":"district","name":"Poli","path":"earth/countries/it/45/347/data.json"},{"id":"ctry.it.45.348","type":"district","name":"Pomezia","path":"earth/countries/it/45/348/data.json"},{"id":"ctry.it.45.349","type":"district","name":"Ponte Galeria-La Pisana","path":"earth/countries/it/45/349/data.json"},{"id":"ctry.it.45.350","type":"district","name":"Pontecorvo","path":"earth/countries/it/45/350/data.json"},{"id":"ctry.it.45.351","type":"district","name":"Pontinia","path":"earth/countries/it/45/351/data.json"},{"id":"ctry.it.45.352","type":"district","name":"Ponton dell'Elce","path":"earth/countries/it/45/352/data.json"},{"id":"ctry.it.45.353","type":"district","name":"Ponza","path":"earth/countries/it/45/353/data.json"},{"id":"ctry.it.45.354","type":"district","name":"Ponzano Romano","path":"earth/countries/it/45/354/data.json"},{"id":"ctry.it.45.355","type":"district","name":"Posta","path":"earth/countries/it/45/355/data.json"},{"id":"ctry.it.45.356","type":"district","name":"Posta Fibreno","path":"earth/countries/it/45/356/data.json"},{"id":"ctry.it.45.357","type":"district","name":"Pozzaglia Sabino","path":"earth/countries/it/45/357/data.json"},{"id":"ctry.it.45.358","type":"district","name":"Prato di Coppola","path":"earth/countries/it/45/358/data.json"},{"id":"ctry.it.45.359","type":"district","name":"Priverno","path":"earth/countries/it/45/359/data.json"},{"id":"ctry.it.45.360","type":"district","name":"Proceno","path":"earth/countries/it/45/360/data.json"},{"id":"ctry.it.45.361","type":"district","name":"Prossedi","path":"earth/countries/it/45/361/data.json"},{"id":"ctry.it.45.362","type":"district","name":"Provincia di Frosinone","path":"earth/countries/it/45/362/data.json"},{"id":"ctry.it.45.363","type":"district","name":"Provincia di Latina","path":"earth/countries/it/45/363/data.json"},{"id":"ctry.it.45.364","type":"district","name":"Provincia di Rieti","path":"earth/countries/it/45/364/data.json"},{"id":"ctry.it.45.365","type":"district","name":"Provincia di Viterbo","path":"earth/countries/it/45/365/data.json"},{"id":"ctry.it.45.366","type":"district","name":"Regolelli","path":"earth/countries/it/45/366/data.json"},{"id":"ctry.it.45.367","type":"district","name":"Riano","path":"earth/countries/it/45/367/data.json"},{"id":"ctry.it.45.368","type":"district","name":"Rieti","path":"earth/countries/it/45/368/data.json"},{"id":"ctry.it.45.369","type":"district","name":"Rignano Flaminio","path":"earth/countries/it/45/369/data.json"},{"id":"ctry.it.45.370","type":"district","name":"Riofreddo","path":"earth/countries/it/45/370/data.json"},{"id":"ctry.it.45.371","type":"district","name":"Ripi","path":"earth/countries/it/45/371/data.json"},{"id":"ctry.it.45.372","type":"district","name":"Rivodutri","path":"earth/countries/it/45/372/data.json"},{"id":"ctry.it.45.373","type":"district","name":"Rocca Canterano","path":"earth/countries/it/45/373/data.json"},{"id":"ctry.it.45.374","type":"district","name":"Rocca d'Arce","path":"earth/countries/it/45/374/data.json"},{"id":"ctry.it.45.375","type":"district","name":"Rocca di Cave","path":"earth/countries/it/45/375/data.json"},{"id":"ctry.it.45.376","type":"district","name":"Rocca di Papa","path":"earth/countries/it/45/376/data.json"},{"id":"ctry.it.45.377","type":"district","name":"Rocca Massima","path":"earth/countries/it/45/377/data.json"},{"id":"ctry.it.45.378","type":"district","name":"Rocca Priora","path":"earth/countries/it/45/378/data.json"},{"id":"ctry.it.45.379","type":"district","name":"Rocca Santo Stefano","path":"earth/countries/it/45/379/data.json"},{"id":"ctry.it.45.380","type":"district","name":"Rocca Sinibalda","path":"earth/countries/it/45/380/data.json"},{"id":"ctry.it.45.381","type":"district","name":"Roccagiovine","path":"earth/countries/it/45/381/data.json"},{"id":"ctry.it.45.382","type":"district","name":"Roccagorga","path":"earth/countries/it/45/382/data.json"},{"id":"ctry.it.45.383","type":"district","name":"Roccantica","path":"earth/countries/it/45/383/data.json"},{"id":"ctry.it.45.384","type":"district","name":"Roccasecca","path":"earth/countries/it/45/384/data.json"},{"id":"ctry.it.45.385","type":"district","name":"Roccasecca dei Volsci","path":"earth/countries/it/45/385/data.json"},{"id":"ctry.it.45.386","type":"district","name":"Roccasecca Stazione","path":"earth/countries/it/45/386/data.json"},{"id":"ctry.it.45.387","type":"district","name":"Roiate","path":"earth/countries/it/45/387/data.json"},{"id":"ctry.it.45.388","type":"district","name":"Rome","path":"earth/countries/it/45/388/data.json"},{"id":"ctry.it.45.389","type":"district","name":"Ronciglione","path":"earth/countries/it/45/389/data.json"},{"id":"ctry.it.45.390","type":"district","name":"Roviano","path":"earth/countries/it/45/390/data.json"},{"id":"ctry.it.45.391","type":"district","name":"Sabaudia","path":"earth/countries/it/45/391/data.json"},{"id":"ctry.it.45.392","type":"district","name":"Sacrofano","path":"earth/countries/it/45/392/data.json"},{"id":"ctry.it.45.393","type":"district","name":"Salisano","path":"earth/countries/it/45/393/data.json"},{"id":"ctry.it.45.394","type":"district","name":"Sambuci","path":"earth/countries/it/45/394/data.json"},{"id":"ctry.it.45.395","type":"district","name":"San Bartolomeo","path":"earth/countries/it/45/395/data.json"},{"id":"ctry.it.45.396","type":"district","name":"San Biagio Saracinisco","path":"earth/countries/it/45/396/data.json"},{"id":"ctry.it.45.397","type":"district","name":"San Cesareo","path":"earth/countries/it/45/397/data.json"},{"id":"ctry.it.45.398","type":"district","name":"San Donato Val di Comino","path":"earth/countries/it/45/398/data.json"},{"id":"ctry.it.45.399","type":"district","name":"San Felice Circeo","path":"earth/countries/it/45/399/data.json"},{"id":"ctry.it.45.400","type":"district","name":"San Giorgio a Liri","path":"earth/countries/it/45/400/data.json"},{"id":"ctry.it.45.401","type":"district","name":"San Giovanni Incarico","path":"earth/countries/it/45/401/data.json"},{"id":"ctry.it.45.402","type":"district","name":"San Giovanni-Patoni","path":"earth/countries/it/45/402/data.json"},{"id":"ctry.it.45.403","type":"district","name":"San Giuseppe le Prata-Cotropagno","path":"earth/countries/it/45/403/data.json"},{"id":"ctry.it.45.404","type":"district","name":"San Gregorio da Sassola","path":"earth/countries/it/45/404/data.json"},{"id":"ctry.it.45.405","type":"district","name":"San Lorenzo Nuovo","path":"earth/countries/it/45/405/data.json"},{"id":"ctry.it.45.406","type":"district","name":"San Martino al Cimino","path":"earth/countries/it/45/406/data.json"},{"id":"ctry.it.45.407","type":"district","name":"San Polo dei Cavalieri","path":"earth/countries/it/45/407/data.json"},{"id":"ctry.it.45.408","type":"district","name":"San Vito Romano","path":"earth/countries/it/45/408/data.json"},{"id":"ctry.it.45.409","type":"district","name":"San Vittore del Lazio","path":"earth/countries/it/45/409/data.json"},{"id":"ctry.it.45.410","type":"district","name":"Sant'Ambrogio sul Garigliano","path":"earth/countries/it/45/410/data.json"},{"id":"ctry.it.45.411","type":"district","name":"Sant'Andrea del Garigliano","path":"earth/countries/it/45/411/data.json"},{"id":"ctry.it.45.412","type":"district","name":"Sant'Angelo in Villa-Giglio","path":"earth/countries/it/45/412/data.json"},{"id":"ctry.it.45.413","type":"district","name":"Sant'Angelo Romano","path":"earth/countries/it/45/413/data.json"},{"id":"ctry.it.45.414","type":"district","name":"Sant'Apollinare","path":"earth/countries/it/45/414/data.json"},{"id":"ctry.it.45.415","type":"district","name":"Sant'Elia Fiumerapido","path":"earth/countries/it/45/415/data.json"},{"id":"ctry.it.45.416","type":"district","name":"Sant'Oreste","path":"earth/countries/it/45/416/data.json"},{"id":"ctry.it.45.417","type":"district","name":"Santa Lucia","path":"earth/countries/it/45/417/data.json"},{"id":"ctry.it.45.418","type":"district","name":"Santa Marinella","path":"earth/countries/it/45/418/data.json"},{"id":"ctry.it.45.419","type":"district","name":"Santa Rufina","path":"earth/countries/it/45/419/data.json"},{"id":"ctry.it.45.420","type":"district","name":"Santi Cosma e Damiano","path":"earth/countries/it/45/420/data.json"},{"id":"ctry.it.45.421","type":"district","name":"Santopadre","path":"earth/countries/it/45/421/data.json"},{"id":"ctry.it.45.422","type":"district","name":"Saracinesco","path":"earth/countries/it/45/422/data.json"},{"id":"ctry.it.45.423","type":"district","name":"Sassacci","path":"earth/countries/it/45/423/data.json"},{"id":"ctry.it.45.424","type":"district","name":"Scandriglia","path":"earth/countries/it/45/424/data.json"},{"id":"ctry.it.45.425","type":"district","name":"Segni","path":"earth/countries/it/45/425/data.json"},{"id":"ctry.it.45.426","type":"district","name":"Selcetta","path":"earth/countries/it/45/426/data.json"},{"id":"ctry.it.45.427","type":"district","name":"Selci","path":"earth/countries/it/45/427/data.json"},{"id":"ctry.it.45.428","type":"district","name":"Sermoneta","path":"earth/countries/it/45/428/data.json"},{"id":"ctry.it.45.429","type":"district","name":"Serrone","path":"earth/countries/it/45/429/data.json"},{"id":"ctry.it.45.430","type":"district","name":"Settefrati","path":"earth/countries/it/45/430/data.json"},{"id":"ctry.it.45.431","type":"district","name":"Setteville","path":"earth/countries/it/45/431/data.json"},{"id":"ctry.it.45.432","type":"district","name":"Sezze","path":"earth/countries/it/45/432/data.json"},{"id":"ctry.it.45.433","type":"district","name":"Sezze Scalo","path":"earth/countries/it/45/433/data.json"},{"id":"ctry.it.45.434","type":"district","name":"Sgurgola","path":"earth/countries/it/45/434/data.json"},{"id":"ctry.it.45.435","type":"district","name":"Sonnino","path":"earth/countries/it/45/435/data.json"},{"id":"ctry.it.45.436","type":"district","name":"Sora","path":"earth/countries/it/45/436/data.json"},{"id":"ctry.it.45.437","type":"district","name":"Soriano nel Cimino","path":"earth/countries/it/45/437/data.json"},{"id":"ctry.it.45.438","type":"district","name":"Sperlonga","path":"earth/countries/it/45/438/data.json"},{"id":"ctry.it.45.439","type":"district","name":"Spigno Saturnia Inferiore","path":"earth/countries/it/45/439/data.json"},{"id":"ctry.it.45.440","type":"district","name":"Spigno Saturnia Superiore","path":"earth/countries/it/45/440/data.json"},{"id":"ctry.it.45.441","type":"district","name":"Stimigliano","path":"earth/countries/it/45/441/data.json"},{"id":"ctry.it.45.442","type":"district","name":"Strangolagalli","path":"earth/countries/it/45/442/data.json"},{"id":"ctry.it.45.443","type":"district","name":"Subiaco","path":"earth/countries/it/45/443/data.json"},{"id":"ctry.it.45.444","type":"district","name":"Supino","path":"earth/countries/it/45/444/data.json"},{"id":"ctry.it.45.445","type":"district","name":"Sutri","path":"earth/countries/it/45/445/data.json"},{"id":"ctry.it.45.446","type":"district","name":"Tarano","path":"earth/countries/it/45/446/data.json"},{"id":"ctry.it.45.447","type":"district","name":"Tarquinia","path":"earth/countries/it/45/447/data.json"},{"id":"ctry.it.45.448","type":"district","name":"Tecchiena","path":"earth/countries/it/45/448/data.json"},{"id":"ctry.it.45.449","type":"district","name":"Terelle","path":"earth/countries/it/45/449/data.json"},{"id":"ctry.it.45.450","type":"district","name":"Terracina","path":"earth/countries/it/45/450/data.json"},{"id":"ctry.it.45.451","type":"district","name":"Tessennano","path":"earth/countries/it/45/451/data.json"},{"id":"ctry.it.45.452","type":"district","name":"Tivoli","path":"earth/countries/it/45/452/data.json"},{"id":"ctry.it.45.453","type":"district","name":"Toffia","path":"earth/countries/it/45/453/data.json"},{"id":"ctry.it.45.454","type":"district","name":"Tolfa","path":"earth/countries/it/45/454/data.json"},{"id":"ctry.it.45.455","type":"district","name":"Tor Lupara","path":"earth/countries/it/45/455/data.json"},{"id":"ctry.it.45.456","type":"district","name":"Torre Caietani","path":"earth/countries/it/45/456/data.json"},{"id":"ctry.it.45.457","type":"district","name":"Torri in Sabina","path":"earth/countries/it/45/457/data.json"},{"id":"ctry.it.45.458","type":"district","name":"Torrice","path":"earth/countries/it/45/458/data.json"},{"id":"ctry.it.45.459","type":"district","name":"Torricella in Sabina","path":"earth/countries/it/45/459/data.json"},{"id":"ctry.it.45.460","type":"district","name":"Torrita Tiberina","path":"earth/countries/it/45/460/data.json"},{"id":"ctry.it.45.461","type":"district","name":"Torvaianica","path":"earth/countries/it/45/461/data.json"},{"id":"ctry.it.45.462","type":"district","name":"Torvaianica Alta","path":"earth/countries/it/45/462/data.json"},{"id":"ctry.it.45.463","type":"district","name":"Tragliatella Campitello","path":"earth/countries/it/45/463/data.json"},{"id":"ctry.it.45.464","type":"district","name":"Trevi nel Lazio","path":"earth/countries/it/45/464/data.json"},{"id":"ctry.it.45.465","type":"district","name":"Trevignano Romano","path":"earth/countries/it/45/465/data.json"},{"id":"ctry.it.45.466","type":"district","name":"Trivigliano","path":"earth/countries/it/45/466/data.json"},{"id":"ctry.it.45.467","type":"district","name":"Turania","path":"earth/countries/it/45/467/data.json"},{"id":"ctry.it.45.468","type":"district","name":"Tuscania","path":"earth/countries/it/45/468/data.json"},{"id":"ctry.it.45.469","type":"district","name":"Vacone","path":"earth/countries/it/45/469/data.json"},{"id":"ctry.it.45.470","type":"district","name":"Valcanneto","path":"earth/countries/it/45/470/data.json"},{"id":"ctry.it.45.471","type":"district","name":"Valentano","path":"earth/countries/it/45/471/data.json"},{"id":"ctry.it.45.472","type":"district","name":"Valle Martella","path":"earth/countries/it/45/472/data.json"},{"id":"ctry.it.45.473","type":"district","name":"Valle Santa","path":"earth/countries/it/45/473/data.json"},{"id":"ctry.it.45.474","type":"district","name":"Vallecorsa","path":"earth/countries/it/45/474/data.json"},{"id":"ctry.it.45.475","type":"district","name":"Vallemaio","path":"earth/countries/it/45/475/data.json"},{"id":"ctry.it.45.476","type":"district","name":"Vallepietra","path":"earth/countries/it/45/476/data.json"},{"id":"ctry.it.45.477","type":"district","name":"Vallerano","path":"earth/countries/it/45/477/data.json"},{"id":"ctry.it.45.478","type":"district","name":"Vallerotonda","path":"earth/countries/it/45/478/data.json"},{"id":"ctry.it.45.479","type":"district","name":"Vallinfreda","path":"earth/countries/it/45/479/data.json"},{"id":"ctry.it.45.480","type":"district","name":"Valmontone","path":"earth/countries/it/45/480/data.json"},{"id":"ctry.it.45.481","type":"district","name":"Varco Sabino","path":"earth/countries/it/45/481/data.json"},{"id":"ctry.it.45.482","type":"district","name":"Vasanello","path":"earth/countries/it/45/482/data.json"},{"id":"ctry.it.45.483","type":"district","name":"Vejano","path":"earth/countries/it/45/483/data.json"},{"id":"ctry.it.45.484","type":"district","name":"Velletri","path":"earth/countries/it/45/484/data.json"},{"id":"ctry.it.45.485","type":"district","name":"Ventotene","path":"earth/countries/it/45/485/data.json"},{"id":"ctry.it.45.486","type":"district","name":"Veroli","path":"earth/countries/it/45/486/data.json"},{"id":"ctry.it.45.487","type":"district","name":"Vetralla","path":"earth/countries/it/45/487/data.json"},{"id":"ctry.it.45.488","type":"district","name":"Vicalvi","path":"earth/countries/it/45/488/data.json"},{"id":"ctry.it.45.489","type":"district","name":"Vico nel Lazio","path":"earth/countries/it/45/489/data.json"},{"id":"ctry.it.45.490","type":"district","name":"Vicovaro","path":"earth/countries/it/45/490/data.json"},{"id":"ctry.it.45.491","type":"district","name":"Vignanello","path":"earth/countries/it/45/491/data.json"},{"id":"ctry.it.45.492","type":"district","name":"Villa Adriana","path":"earth/countries/it/45/492/data.json"},{"id":"ctry.it.45.493","type":"district","name":"Villa Latina","path":"earth/countries/it/45/493/data.json"},{"id":"ctry.it.45.494","type":"district","name":"Villa San Giovanni in Tuscia","path":"earth/countries/it/45/494/data.json"},{"id":"ctry.it.45.495","type":"district","name":"Villa Santa Lucia","path":"earth/countries/it/45/495/data.json"},{"id":"ctry.it.45.496","type":"district","name":"Villa Santo Stefano","path":"earth/countries/it/45/496/data.json"},{"id":"ctry.it.45.497","type":"district","name":"Villalba","path":"earth/countries/it/45/497/data.json"},{"id":"ctry.it.45.498","type":"district","name":"Villanova","path":"earth/countries/it/45/498/data.json"},{"id":"ctry.it.45.499","type":"district","name":"Viterbo","path":"earth/countries/it/45/499/data.json"},{"id":"ctry.it.45.500","type":"district","name":"Viticuso","path":"earth/countries/it/45/500/data.json"},{"id":"ctry.it.45.501","type":"district","name":"Vitinia","path":"earth/countries/it/45/501/data.json"},{"id":"ctry.it.45.502","type":"district","name":"Vitorchiano","path":"earth/countries/it/45/502/data.json"},{"id":"ctry.it.45.503","type":"district","name":"Vivaro Romano","path":"earth/countries/it/45/503/data.json"},{"id":"ctry.it.45.504","type":"district","name":"Zagarolo","path":"earth/countries/it/45/504/data.json"},{"id":"ctry.it.45.505","type":"district","name":"Zepponami","path":"earth/countries/it/45/505/data.json"}]}