{"data":[{"id":"ctry.za.1.1","address":"Adelaide, Eastern Cape, South Africa","path":"earth/countries/za/1/1/data.json"},{"id":"ctry.za.1.2","address":"Alfred Nzo District Municipality, Eastern Cape, South Africa","path":"earth/countries/za/1/2/data.json"},{"id":"ctry.za.1.3","address":"Alice, Eastern Cape, South Africa","path":"earth/countries/za/1/3/data.json"},{"id":"ctry.za.1.4","address":"Aliwal North, Eastern Cape, South Africa","path":"earth/countries/za/1/4/data.json"},{"id":"ctry.za.1.5","address":"Amathole District Municipality, Eastern Cape, South Africa","path":"earth/countries/za/1/5/data.json"},{"id":"ctry.za.1.6","address":"Bhisho, Eastern Cape, South Africa","path":"earth/countries/za/1/6/data.json"},{"id":"ctry.za.1.7","address":"Buffalo City Metropolitan Municipality, Eastern Cape, South Africa","path":"earth/countries/za/1/7/data.json"},{"id":"ctry.za.1.8","address":"Burgersdorp, Eastern Cape, South Africa","path":"earth/countries/za/1/8/data.json"},{"id":"ctry.za.1.9","address":"Butterworth, Eastern Cape, South Africa","path":"earth/countries/za/1/9/data.json"},{"id":"ctry.za.1.10","address":"Cacadu District Municipality, Eastern Cape, South Africa","path":"earth/countries/za/1/10/data.json"},{"id":"ctry.za.1.11","address":"Chris Hani District Municipality, Eastern Cape, South Africa","path":"earth/countries/za/1/11/data.json"},{"id":"ctry.za.1.12","address":"Cradock, Eastern Cape, South Africa","path":"earth/countries/za/1/12/data.json"},{"id":"ctry.za.1.13","address":"Dordrecht, Eastern Cape, South Africa","path":"earth/countries/za/1/13/data.json"},{"id":"ctry.za.1.14","address":"East London, Eastern Cape, South Africa","path":"earth/countries/za/1/14/data.json"},{"id":"ctry.za.1.15","address":"Elliot, Eastern Cape, South Africa","path":"earth/countries/za/1/15/data.json"},{"id":"ctry.za.1.16","address":"Fort Beaufort, Eastern Cape, South Africa","path":"earth/countries/za/1/16/data.json"},{"id":"ctry.za.1.17","address":"Graaff-Reinet, Eastern Cape, South Africa","path":"earth/countries/za/1/17/data.json"},{"id":"ctry.za.1.18","address":"Grahamstown, Eastern Cape, South Africa","path":"earth/countries/za/1/18/data.json"},{"id":"ctry.za.1.19","address":"Ilinge, Eastern Cape, South Africa","path":"earth/countries/za/1/19/data.json"},{"id":"ctry.za.1.20","address":"Joe Gqabi District Municipality, Eastern Cape, South Africa","path":"earth/countries/za/1/20/data.json"},{"id":"ctry.za.1.21","address":"Kirkwood, Eastern Cape, South Africa","path":"earth/countries/za/1/21/data.json"},{"id":"ctry.za.1.22","address":"Kruisfontein, Eastern Cape, South Africa","path":"earth/countries/za/1/22/data.json"},{"id":"ctry.za.1.23","address":"Lady Frere, Eastern Cape, South Africa","path":"earth/countries/za/1/23/data.json"},{"id":"ctry.za.1.24","address":"Middelburg, Eastern Cape, South Africa","path":"earth/countries/za/1/24/data.json"},{"id":"ctry.za.1.25","address":"Molteno, Eastern Cape, South Africa","path":"earth/countries/za/1/25/data.json"},{"id":"ctry.za.1.26","address":"Mthatha, Eastern Cape, South Africa","path":"earth/countries/za/1/26/data.json"},{"id":"ctry.za.1.27","address":"Nelson Mandela Bay Metropolitan Municipality, Eastern Cape, South Africa","path":"earth/countries/za/1/27/data.json"},{"id":"ctry.za.1.28","address":"OR Tambo District Municipality, Eastern Cape, South Africa","path":"earth/countries/za/1/28/data.json"},{"id":"ctry.za.1.29","address":"Port Alfred, Eastern Cape, South Africa","path":"earth/countries/za/1/29/data.json"},{"id":"ctry.za.1.30","address":"Port Elizabeth, Eastern Cape, South Africa","path":"earth/countries/za/1/30/data.json"},{"id":"ctry.za.1.31","address":"Port Saint John’s, Eastern Cape, South Africa","path":"earth/countries/za/1/31/data.json"},{"id":"ctry.za.1.32","address":"Queensdale, Eastern Cape, South Africa","path":"earth/countries/za/1/32/data.json"},{"id":"ctry.za.1.33","address":"Queenstown, Eastern Cape, South Africa","path":"earth/countries/za/1/33/data.json"},{"id":"ctry.za.1.34","address":"Somerset East, Eastern Cape, South Africa","path":"earth/countries/za/1/34/data.json"},{"id":"ctry.za.1.35","address":"Stutterheim, Eastern Cape, South Africa","path":"earth/countries/za/1/35/data.json"},{"id":"ctry.za.1.36","address":"Uitenhage, Eastern Cape, South Africa","path":"earth/countries/za/1/36/data.json"},{"id":"ctry.za.1.37","address":"Whittlesea, Eastern Cape, South Africa","path":"earth/countries/za/1/37/data.json"},{"id":"ctry.za.1.38","address":"Willowmore, Eastern Cape, South Africa","path":"earth/countries/za/1/38/data.json"},{"id":"ctry.za.2.1","address":"Allanridge, Free State, South Africa","path":"earth/countries/za/2/1/data.json"},{"id":"ctry.za.2.2","address":"Bethlehem, Free State, South Africa","path":"earth/countries/za/2/2/data.json"},{"id":"ctry.za.2.3","address":"Bloemfontein, Free State, South Africa","path":"earth/countries/za/2/3/data.json"},{"id":"ctry.za.2.4","address":"Bothaville, Free State, South Africa","path":"earth/countries/za/2/4/data.json"},{"id":"ctry.za.2.5","address":"Botshabelo, Free State, South Africa","path":"earth/countries/za/2/5/data.json"},{"id":"ctry.za.2.6","address":"Brandfort, Free State, South Africa","path":"earth/countries/za/2/6/data.json"},{"id":"ctry.za.2.7","address":"Clocolan, Free State, South Africa","path":"earth/countries/za/2/7/data.json"},{"id":"ctry.za.2.8","address":"Deneysville, Free State, South Africa","path":"earth/countries/za/2/8/data.json"},{"id":"ctry.za.2.9","address":"Fezile Dabi District Municipality, Free State, South Africa","path":"earth/countries/za/2/9/data.json"},{"id":"ctry.za.2.10","address":"Frankfort, Free State, South Africa","path":"earth/countries/za/2/10/data.json"},{"id":"ctry.za.2.11","address":"Harrismith, Free State, South Africa","path":"earth/countries/za/2/11/data.json"},{"id":"ctry.za.2.12","address":"Heilbron, Free State, South Africa","path":"earth/countries/za/2/12/data.json"},{"id":"ctry.za.2.13","address":"Hennenman, Free State, South Africa","path":"earth/countries/za/2/13/data.json"},{"id":"ctry.za.2.14","address":"Hoopstad, Free State, South Africa","path":"earth/countries/za/2/14/data.json"},{"id":"ctry.za.2.15","address":"Koppies, Free State, South Africa","path":"earth/countries/za/2/15/data.json"},{"id":"ctry.za.2.16","address":"Kroonstad, Free State, South Africa","path":"earth/countries/za/2/16/data.json"},{"id":"ctry.za.2.17","address":"Kutloanong, Free State, South Africa","path":"earth/countries/za/2/17/data.json"},{"id":"ctry.za.2.18","address":"Ladybrand, Free State, South Africa","path":"earth/countries/za/2/18/data.json"},{"id":"ctry.za.2.19","address":"Lejweleputswa District Municipality, Free State, South Africa","path":"earth/countries/za/2/19/data.json"},{"id":"ctry.za.2.20","address":"Lindley, Free State, South Africa","path":"earth/countries/za/2/20/data.json"},{"id":"ctry.za.2.21","address":"Mangaung Metropolitan Municipality, Free State, South Africa","path":"earth/countries/za/2/21/data.json"},{"id":"ctry.za.2.22","address":"Marquard, Free State, South Africa","path":"earth/countries/za/2/22/data.json"},{"id":"ctry.za.2.23","address":"Parys, Free State, South Africa","path":"earth/countries/za/2/23/data.json"},{"id":"ctry.za.2.24","address":"Phuthaditjhaba, Free State, South Africa","path":"earth/countries/za/2/24/data.json"},{"id":"ctry.za.2.25","address":"Reitz, Free State, South Africa","path":"earth/countries/za/2/25/data.json"},{"id":"ctry.za.2.26","address":"Sasolburg, Free State, South Africa","path":"earth/countries/za/2/26/data.json"},{"id":"ctry.za.2.27","address":"Senekal, Free State, South Africa","path":"earth/countries/za/2/27/data.json"},{"id":"ctry.za.2.28","address":"Thaba Nchu, Free State, South Africa","path":"earth/countries/za/2/28/data.json"},{"id":"ctry.za.2.29","address":"Thabo Mofutsanyana District Municipality, Free State, South Africa","path":"earth/countries/za/2/29/data.json"},{"id":"ctry.za.2.30","address":"Theunissen, Free State, South Africa","path":"earth/countries/za/2/30/data.json"},{"id":"ctry.za.2.31","address":"Ventersburg, Free State, South Africa","path":"earth/countries/za/2/31/data.json"},{"id":"ctry.za.2.32","address":"Viljoenskroon, Free State, South Africa","path":"earth/countries/za/2/32/data.json"},{"id":"ctry.za.2.33","address":"Villiers, Free State, South Africa","path":"earth/countries/za/2/33/data.json"},{"id":"ctry.za.2.34","address":"Virginia, Free State, South Africa","path":"earth/countries/za/2/34/data.json"},{"id":"ctry.za.2.35","address":"Vrede, Free State, South Africa","path":"earth/countries/za/2/35/data.json"},{"id":"ctry.za.2.36","address":"Vredefort, Free State, South Africa","path":"earth/countries/za/2/36/data.json"},{"id":"ctry.za.2.37","address":"Welkom, Free State, South Africa","path":"earth/countries/za/2/37/data.json"},{"id":"ctry.za.2.38","address":"Wesselsbron, Free State, South Africa","path":"earth/countries/za/2/38/data.json"},{"id":"ctry.za.2.39","address":"Winburg, Free State, South Africa","path":"earth/countries/za/2/39/data.json"},{"id":"ctry.za.2.40","address":"Xhariep District Municipality, Free State, South Africa","path":"earth/countries/za/2/40/data.json"},{"id":"ctry.za.2.41","address":"Zastron, Free State, South Africa","path":"earth/countries/za/2/41/data.json"},{"id":"ctry.za.3.1","address":"Alberton, Gauteng, South Africa","path":"earth/countries/za/3/1/data.json"},{"id":"ctry.za.3.2","address":"Benoni, Gauteng, South Africa","path":"earth/countries/za/3/2/data.json"},{"id":"ctry.za.3.3","address":"Boksburg, Gauteng, South Africa","path":"earth/countries/za/3/3/data.json"},{"id":"ctry.za.3.4","address":"Brakpan, Gauteng, South Africa","path":"earth/countries/za/3/4/data.json"},{"id":"ctry.za.3.5","address":"Bronkhorstspruit, Gauteng, South Africa","path":"earth/countries/za/3/5/data.json"},{"id":"ctry.za.3.6","address":"Carletonville, Gauteng, South Africa","path":"earth/countries/za/3/6/data.json"},{"id":"ctry.za.3.7","address":"Centurion, Gauteng, South Africa","path":"earth/countries/za/3/7/data.json"},{"id":"ctry.za.3.8","address":"City of Johannesburg Metropolitan Municipality, Gauteng, South Africa","path":"earth/countries/za/3/8/data.json"},{"id":"ctry.za.3.9","address":"City of Tshwane Metropolitan Municipality, Gauteng, South Africa","path":"earth/countries/za/3/9/data.json"},{"id":"ctry.za.3.10","address":"Cullinan, Gauteng, South Africa","path":"earth/countries/za/3/10/data.json"},{"id":"ctry.za.3.11","address":"Diepsloot, Gauteng, South Africa","path":"earth/countries/za/3/11/data.json"},{"id":"ctry.za.3.12","address":"Eastleigh, Gauteng, South Africa","path":"earth/countries/za/3/12/data.json"},{"id":"ctry.za.3.13","address":"Eden Glen, Gauteng, South Africa","path":"earth/countries/za/3/13/data.json"},{"id":"ctry.za.3.14","address":"Eden Glen Ext 60, Gauteng, South Africa","path":"earth/countries/za/3/14/data.json"},{"id":"ctry.za.3.15","address":"Edenvale, Gauteng, South Africa","path":"earth/countries/za/3/15/data.json"},{"id":"ctry.za.3.16","address":"Ekangala, Gauteng, South Africa","path":"earth/countries/za/3/16/data.json"},{"id":"ctry.za.3.17","address":"Ekurhuleni Metropolitan Municipality, Gauteng, South Africa","path":"earth/countries/za/3/17/data.json"},{"id":"ctry.za.3.18","address":"Heidelberg, Gauteng, South Africa","path":"earth/countries/za/3/18/data.json"},{"id":"ctry.za.3.19","address":"Johannesburg, Gauteng, South Africa","path":"earth/countries/za/3/19/data.json"},{"id":"ctry.za.3.20","address":"Krugersdorp, Gauteng, South Africa","path":"earth/countries/za/3/20/data.json"},{"id":"ctry.za.3.21","address":"Mabopane, Gauteng, South Africa","path":"earth/countries/za/3/21/data.json"},{"id":"ctry.za.3.22","address":"Midrand, Gauteng, South Africa","path":"earth/countries/za/3/22/data.json"},{"id":"ctry.za.3.23","address":"Midstream, Gauteng, South Africa","path":"earth/countries/za/3/23/data.json"},{"id":"ctry.za.3.24","address":"Modderfontein, Gauteng, South Africa","path":"earth/countries/za/3/24/data.json"},{"id":"ctry.za.3.25","address":"Muldersdriseloop, Gauteng, South Africa","path":"earth/countries/za/3/25/data.json"},{"id":"ctry.za.3.26","address":"Nigel, Gauteng, South Africa","path":"earth/countries/za/3/26/data.json"},{"id":"ctry.za.3.27","address":"Orange Farm, Gauteng, South Africa","path":"earth/countries/za/3/27/data.json"},{"id":"ctry.za.3.28","address":"Pretoria, Gauteng, South Africa","path":"earth/countries/za/3/28/data.json"},{"id":"ctry.za.3.29","address":"Randburg, Gauteng, South Africa","path":"earth/countries/za/3/29/data.json"},{"id":"ctry.za.3.30","address":"Randfontein, Gauteng, South Africa","path":"earth/countries/za/3/30/data.json"},{"id":"ctry.za.3.31","address":"Roodepoort, Gauteng, South Africa","path":"earth/countries/za/3/31/data.json"},{"id":"ctry.za.3.32","address":"Sedibeng District Municipality, Gauteng, South Africa","path":"earth/countries/za/3/32/data.json"},{"id":"ctry.za.3.33","address":"Soweto, Gauteng, South Africa","path":"earth/countries/za/3/33/data.json"},{"id":"ctry.za.3.34","address":"Springs, Gauteng, South Africa","path":"earth/countries/za/3/34/data.json"},{"id":"ctry.za.3.35","address":"Tembisa, Gauteng, South Africa","path":"earth/countries/za/3/35/data.json"},{"id":"ctry.za.3.36","address":"Vanderbijlpark, Gauteng, South Africa","path":"earth/countries/za/3/36/data.json"},{"id":"ctry.za.3.37","address":"Vereeniging, Gauteng, South Africa","path":"earth/countries/za/3/37/data.json"},{"id":"ctry.za.3.38","address":"West Rand District Municipality, Gauteng, South Africa","path":"earth/countries/za/3/38/data.json"},{"id":"ctry.za.3.39","address":"Westonaria, Gauteng, South Africa","path":"earth/countries/za/3/39/data.json"},{"id":"ctry.za.4.1","address":"Amajuba District Municipality, KwaZulu-Natal, South Africa","path":"earth/countries/za/4/1/data.json"},{"id":"ctry.za.4.2","address":"Ballito, KwaZulu-Natal, South Africa","path":"earth/countries/za/4/2/data.json"},{"id":"ctry.za.4.3","address":"Berea, KwaZulu-Natal, South Africa","path":"earth/countries/za/4/3/data.json"},{"id":"ctry.za.4.4","address":"Dundee, KwaZulu-Natal, South Africa","path":"earth/countries/za/4/4/data.json"},{"id":"ctry.za.4.5","address":"Durban, KwaZulu-Natal, South Africa","path":"earth/countries/za/4/5/data.json"},{"id":"ctry.za.4.6","address":"Ekuvukeni, KwaZulu-Natal, South Africa","path":"earth/countries/za/4/6/data.json"},{"id":"ctry.za.4.7","address":"eMkhomazi, KwaZulu-Natal, South Africa","path":"earth/countries/za/4/7/data.json"},{"id":"ctry.za.4.8","address":"Empangeni, KwaZulu-Natal, South Africa","path":"earth/countries/za/4/8/data.json"},{"id":"ctry.za.4.9","address":"Eshowe, KwaZulu-Natal, South Africa","path":"earth/countries/za/4/9/data.json"},{"id":"ctry.za.4.10","address":"eSikhaleni, KwaZulu-Natal, South Africa","path":"earth/countries/za/4/10/data.json"},{"id":"ctry.za.4.11","address":"eThekwini Metropolitan Municipality, KwaZulu-Natal, South Africa","path":"earth/countries/za/4/11/data.json"},{"id":"ctry.za.4.12","address":"Glencoe, KwaZulu-Natal, South Africa","path":"earth/countries/za/4/12/data.json"},{"id":"ctry.za.4.13","address":"Greytown, KwaZulu-Natal, South Africa","path":"earth/countries/za/4/13/data.json"},{"id":"ctry.za.4.14","address":"Hluhluwe, KwaZulu-Natal, South Africa","path":"earth/countries/za/4/14/data.json"},{"id":"ctry.za.4.15","address":"Howick, KwaZulu-Natal, South Africa","path":"earth/countries/za/4/15/data.json"},{"id":"ctry.za.4.16","address":"iLembe District Municipality, KwaZulu-Natal, South Africa","path":"earth/countries/za/4/16/data.json"},{"id":"ctry.za.4.17","address":"Kokstad, KwaZulu-Natal, South Africa","path":"earth/countries/za/4/17/data.json"},{"id":"ctry.za.4.18","address":"KwaDukuza, KwaZulu-Natal, South Africa","path":"earth/countries/za/4/18/data.json"},{"id":"ctry.za.4.19","address":"Margate, KwaZulu-Natal, South Africa","path":"earth/countries/za/4/19/data.json"},{"id":"ctry.za.4.20","address":"Mondlo, KwaZulu-Natal, South Africa","path":"earth/countries/za/4/20/data.json"},{"id":"ctry.za.4.21","address":"Mooirivier, KwaZulu-Natal, South Africa","path":"earth/countries/za/4/21/data.json"},{"id":"ctry.za.4.22","address":"Mpophomeni, KwaZulu-Natal, South Africa","path":"earth/countries/za/4/22/data.json"},{"id":"ctry.za.4.23","address":"Mpumalanga, KwaZulu-Natal, South Africa","path":"earth/countries/za/4/23/data.json"},{"id":"ctry.za.4.24","address":"Mtubatuba, KwaZulu-Natal, South Africa","path":"earth/countries/za/4/24/data.json"},{"id":"ctry.za.4.25","address":"Ndwedwe, KwaZulu-Natal, South Africa","path":"earth/countries/za/4/25/data.json"},{"id":"ctry.za.4.26","address":"Newcastle, KwaZulu-Natal, South Africa","path":"earth/countries/za/4/26/data.json"},{"id":"ctry.za.4.27","address":"Pietermaritzburg, KwaZulu-Natal, South Africa","path":"earth/countries/za/4/27/data.json"},{"id":"ctry.za.4.28","address":"Port Shepstone, KwaZulu-Natal, South Africa","path":"earth/countries/za/4/28/data.json"},{"id":"ctry.za.4.29","address":"Richards Bay, KwaZulu-Natal, South Africa","path":"earth/countries/za/4/29/data.json"},{"id":"ctry.za.4.30","address":"Richmond, KwaZulu-Natal, South Africa","path":"earth/countries/za/4/30/data.json"},{"id":"ctry.za.4.31","address":"Scottburgh, KwaZulu-Natal, South Africa","path":"earth/countries/za/4/31/data.json"},{"id":"ctry.za.4.32","address":"Sisonke District Municipality, KwaZulu-Natal, South Africa","path":"earth/countries/za/4/32/data.json"},{"id":"ctry.za.4.33","address":"Sundumbili, KwaZulu-Natal, South Africa","path":"earth/countries/za/4/33/data.json"},{"id":"ctry.za.4.34","address":"Ugu District Municipality, KwaZulu-Natal, South Africa","path":"earth/countries/za/4/34/data.json"},{"id":"ctry.za.4.35","address":"Ulundi, KwaZulu-Natal, South Africa","path":"earth/countries/za/4/35/data.json"},{"id":"ctry.za.4.36","address":"uMgungundlovu, KwaZulu-Natal, South Africa","path":"earth/countries/za/4/36/data.json"},{"id":"ctry.za.4.37","address":"uMkhanyakude District Municipality, KwaZulu-Natal, South Africa","path":"earth/countries/za/4/37/data.json"},{"id":"ctry.za.4.38","address":"uMzinyathi District Municipality, KwaZulu-Natal, South Africa","path":"earth/countries/za/4/38/data.json"},{"id":"ctry.za.4.39","address":"uThukela District Municipality, KwaZulu-Natal, South Africa","path":"earth/countries/za/4/39/data.json"},{"id":"ctry.za.4.40","address":"uThungulu District Municipality, KwaZulu-Natal, South Africa","path":"earth/countries/za/4/40/data.json"},{"id":"ctry.za.4.41","address":"Utrecht, KwaZulu-Natal, South Africa","path":"earth/countries/za/4/41/data.json"},{"id":"ctry.za.4.42","address":"Vryheid, KwaZulu-Natal, South Africa","path":"earth/countries/za/4/42/data.json"},{"id":"ctry.za.4.43","address":"Zululand District Municipality, KwaZulu-Natal, South Africa","path":"earth/countries/za/4/43/data.json"},{"id":"ctry.za.5.1","address":"Bochum, Limpopo, South Africa","path":"earth/countries/za/5/1/data.json"},{"id":"ctry.za.5.2","address":"Capricorn District Municipality, Limpopo, South Africa","path":"earth/countries/za/5/2/data.json"},{"id":"ctry.za.5.3","address":"Duiwelskloof, Limpopo, South Africa","path":"earth/countries/za/5/3/data.json"},{"id":"ctry.za.5.4","address":"Ga-Kgapane, Limpopo, South Africa","path":"earth/countries/za/5/4/data.json"},{"id":"ctry.za.5.5","address":"Giyani, Limpopo, South Africa","path":"earth/countries/za/5/5/data.json"},{"id":"ctry.za.5.6","address":"Lebowakgomo, Limpopo, South Africa","path":"earth/countries/za/5/6/data.json"},{"id":"ctry.za.5.7","address":"Louis Trichardt, Limpopo, South Africa","path":"earth/countries/za/5/7/data.json"},{"id":"ctry.za.5.8","address":"Mankoeng, Limpopo, South Africa","path":"earth/countries/za/5/8/data.json"},{"id":"ctry.za.5.9","address":"Modimolle, Limpopo, South Africa","path":"earth/countries/za/5/9/data.json"},{"id":"ctry.za.5.10","address":"Mokopane, Limpopo, South Africa","path":"earth/countries/za/5/10/data.json"},{"id":"ctry.za.5.11","address":"Mopani District Municipality, Limpopo, South Africa","path":"earth/countries/za/5/11/data.json"},{"id":"ctry.za.5.12","address":"Musina, Limpopo, South Africa","path":"earth/countries/za/5/12/data.json"},{"id":"ctry.za.5.13","address":"Nkowakowa, Limpopo, South Africa","path":"earth/countries/za/5/13/data.json"},{"id":"ctry.za.5.14","address":"Phalaborwa, Limpopo, South Africa","path":"earth/countries/za/5/14/data.json"},{"id":"ctry.za.5.15","address":"Polokwane, Limpopo, South Africa","path":"earth/countries/za/5/15/data.json"},{"id":"ctry.za.5.16","address":"Sekhukhune District Municipality, Limpopo, South Africa","path":"earth/countries/za/5/16/data.json"},{"id":"ctry.za.5.17","address":"Thabazimbi, Limpopo, South Africa","path":"earth/countries/za/5/17/data.json"},{"id":"ctry.za.5.18","address":"Thohoyandou, Limpopo, South Africa","path":"earth/countries/za/5/18/data.json"},{"id":"ctry.za.5.19","address":"Thulamahashi, Limpopo, South Africa","path":"earth/countries/za/5/19/data.json"},{"id":"ctry.za.5.20","address":"Tzaneen, Limpopo, South Africa","path":"earth/countries/za/5/20/data.json"},{"id":"ctry.za.5.21","address":"Vhembe District Municipality, Limpopo, South Africa","path":"earth/countries/za/5/21/data.json"},{"id":"ctry.za.5.22","address":"Warmbaths, Limpopo, South Africa","path":"earth/countries/za/5/22/data.json"},{"id":"ctry.za.5.23","address":"Waterberg District Municipality, Limpopo, South Africa","path":"earth/countries/za/5/23/data.json"},{"id":"ctry.za.6.1","address":"Balfour, Mpumalanga, South Africa","path":"earth/countries/za/6/1/data.json"},{"id":"ctry.za.6.2","address":"Barberton, Mpumalanga, South Africa","path":"earth/countries/za/6/2/data.json"},{"id":"ctry.za.6.3","address":"Belfast, Mpumalanga, South Africa","path":"earth/countries/za/6/3/data.json"},{"id":"ctry.za.6.4","address":"Bethal, Mpumalanga, South Africa","path":"earth/countries/za/6/4/data.json"},{"id":"ctry.za.6.5","address":"Breyten, Mpumalanga, South Africa","path":"earth/countries/za/6/5/data.json"},{"id":"ctry.za.6.6","address":"Carolina, Mpumalanga, South Africa","path":"earth/countries/za/6/6/data.json"},{"id":"ctry.za.6.7","address":"Delmas, Mpumalanga, South Africa","path":"earth/countries/za/6/7/data.json"},{"id":"ctry.za.6.8","address":"Driefontein, Mpumalanga, South Africa","path":"earth/countries/za/6/8/data.json"},{"id":"ctry.za.6.9","address":"Ehlanzeni District, Mpumalanga, South Africa","path":"earth/countries/za/6/9/data.json"},{"id":"ctry.za.6.10","address":"eMbalenhle, Mpumalanga, South Africa","path":"earth/countries/za/6/10/data.json"},{"id":"ctry.za.6.11","address":"Ermelo, Mpumalanga, South Africa","path":"earth/countries/za/6/11/data.json"},{"id":"ctry.za.6.12","address":"Gert Sibande District Municipality, Mpumalanga, South Africa","path":"earth/countries/za/6/12/data.json"},{"id":"ctry.za.6.13","address":"Hendrina, Mpumalanga, South Africa","path":"earth/countries/za/6/13/data.json"},{"id":"ctry.za.6.14","address":"Komatipoort, Mpumalanga, South Africa","path":"earth/countries/za/6/14/data.json"},{"id":"ctry.za.6.15","address":"Kriel, Mpumalanga, South Africa","path":"earth/countries/za/6/15/data.json"},{"id":"ctry.za.6.16","address":"Lydenburg, Mpumalanga, South Africa","path":"earth/countries/za/6/16/data.json"},{"id":"ctry.za.6.17","address":"Middelburg, Mpumalanga, South Africa","path":"earth/countries/za/6/17/data.json"},{"id":"ctry.za.6.18","address":"Nelspruit, Mpumalanga, South Africa","path":"earth/countries/za/6/18/data.json"},{"id":"ctry.za.6.19","address":"Nkangala District Municipality, Mpumalanga, South Africa","path":"earth/countries/za/6/19/data.json"},{"id":"ctry.za.6.20","address":"Piet Retief, Mpumalanga, South Africa","path":"earth/countries/za/6/20/data.json"},{"id":"ctry.za.6.21","address":"Secunda, Mpumalanga, South Africa","path":"earth/countries/za/6/21/data.json"},{"id":"ctry.za.6.22","address":"Siyabuswa, Mpumalanga, South Africa","path":"earth/countries/za/6/22/data.json"},{"id":"ctry.za.6.23","address":"Standerton, Mpumalanga, South Africa","path":"earth/countries/za/6/23/data.json"},{"id":"ctry.za.6.24","address":"Volksrust, Mpumalanga, South Africa","path":"earth/countries/za/6/24/data.json"},{"id":"ctry.za.6.25","address":"White River, Mpumalanga, South Africa","path":"earth/countries/za/6/25/data.json"},{"id":"ctry.za.6.26","address":"Witbank, Mpumalanga, South Africa","path":"earth/countries/za/6/26/data.json"},{"id":"ctry.za.7.1","address":"Bloemhof, North West, South Africa","path":"earth/countries/za/7/1/data.json"},{"id":"ctry.za.7.2","address":"Bojanala Platinum District Municipality, North West, South Africa","path":"earth/countries/za/7/2/data.json"},{"id":"ctry.za.7.3","address":"Brits, North West, South Africa","path":"earth/countries/za/7/3/data.json"},{"id":"ctry.za.7.4","address":"Christiana, North West, South Africa","path":"earth/countries/za/7/4/data.json"},{"id":"ctry.za.7.5","address":"Dr Kenneth Kaunda District Municipality, North West, South Africa","path":"earth/countries/za/7/5/data.json"},{"id":"ctry.za.7.6","address":"Dr Ruth Segomotsi Mompati District Municipality, North West, South Africa","path":"earth/countries/za/7/6/data.json"},{"id":"ctry.za.7.7","address":"Fochville, North West, South Africa","path":"earth/countries/za/7/7/data.json"},{"id":"ctry.za.7.8","address":"Ga-Rankuwa, North West, South Africa","path":"earth/countries/za/7/8/data.json"},{"id":"ctry.za.7.9","address":"Jan Kempdorp, North West, South Africa","path":"earth/countries/za/7/9/data.json"},{"id":"ctry.za.7.10","address":"Klerksdorp, North West, South Africa","path":"earth/countries/za/7/10/data.json"},{"id":"ctry.za.7.11","address":"Koster, North West, South Africa","path":"earth/countries/za/7/11/data.json"},{"id":"ctry.za.7.12","address":"Lichtenburg, North West, South Africa","path":"earth/countries/za/7/12/data.json"},{"id":"ctry.za.7.13","address":"Mahikeng, North West, South Africa","path":"earth/countries/za/7/13/data.json"},{"id":"ctry.za.7.14","address":"Maile, North West, South Africa","path":"earth/countries/za/7/14/data.json"},{"id":"ctry.za.7.15","address":"Mmabatho, North West, South Africa","path":"earth/countries/za/7/15/data.json"},{"id":"ctry.za.7.16","address":"Ngaka Modiri Molema District Municipality, North West, South Africa","path":"earth/countries/za/7/16/data.json"},{"id":"ctry.za.7.17","address":"Orkney, North West, South Africa","path":"earth/countries/za/7/17/data.json"},{"id":"ctry.za.7.18","address":"Potchefstroom, North West, South Africa","path":"earth/countries/za/7/18/data.json"},{"id":"ctry.za.7.19","address":"Rustenburg, North West, South Africa","path":"earth/countries/za/7/19/data.json"},{"id":"ctry.za.7.20","address":"Schweizer-Reneke, North West, South Africa","path":"earth/countries/za/7/20/data.json"},{"id":"ctry.za.7.21","address":"Stilfontein, North West, South Africa","path":"earth/countries/za/7/21/data.json"},{"id":"ctry.za.7.22","address":"Vryburg, North West, South Africa","path":"earth/countries/za/7/22/data.json"},{"id":"ctry.za.7.23","address":"Wolmaransstad, North West, South Africa","path":"earth/countries/za/7/23/data.json"},{"id":"ctry.za.7.24","address":"Zeerust, North West, South Africa","path":"earth/countries/za/7/24/data.json"},{"id":"ctry.za.8.1","address":"Barkly West, Northern Cape, South Africa","path":"earth/countries/za/8/1/data.json"},{"id":"ctry.za.8.2","address":"Brandvlei, Northern Cape, South Africa","path":"earth/countries/za/8/2/data.json"},{"id":"ctry.za.8.3","address":"Calvinia, Northern Cape, South Africa","path":"earth/countries/za/8/3/data.json"},{"id":"ctry.za.8.4","address":"Carnarvon, Northern Cape, South Africa","path":"earth/countries/za/8/4/data.json"},{"id":"ctry.za.8.5","address":"Colesberg, Northern Cape, South Africa","path":"earth/countries/za/8/5/data.json"},{"id":"ctry.za.8.6","address":"Daniëlskuil, Northern Cape, South Africa","path":"earth/countries/za/8/6/data.json"},{"id":"ctry.za.8.7","address":"De Aar, Northern Cape, South Africa","path":"earth/countries/za/8/7/data.json"},{"id":"ctry.za.8.8","address":"Frances Baard District Municipality, Northern Cape, South Africa","path":"earth/countries/za/8/8/data.json"},{"id":"ctry.za.8.9","address":"Fraserburg, Northern Cape, South Africa","path":"earth/countries/za/8/9/data.json"},{"id":"ctry.za.8.10","address":"John Taolo Gaetsewe District Municipality, Northern Cape, South Africa","path":"earth/countries/za/8/10/data.json"},{"id":"ctry.za.8.11","address":"Kathu, Northern Cape, South Africa","path":"earth/countries/za/8/11/data.json"},{"id":"ctry.za.8.12","address":"Kenhardt, Northern Cape, South Africa","path":"earth/countries/za/8/12/data.json"},{"id":"ctry.za.8.13","address":"Kimberley, Northern Cape, South Africa","path":"earth/countries/za/8/13/data.json"},{"id":"ctry.za.8.14","address":"Kuruman, Northern Cape, South Africa","path":"earth/countries/za/8/14/data.json"},{"id":"ctry.za.8.15","address":"Namakwa District Municipality, Northern Cape, South Africa","path":"earth/countries/za/8/15/data.json"},{"id":"ctry.za.8.16","address":"Noupoort, Northern Cape, South Africa","path":"earth/countries/za/8/16/data.json"},{"id":"ctry.za.8.17","address":"Orania, Northern Cape, South Africa","path":"earth/countries/za/8/17/data.json"},{"id":"ctry.za.8.18","address":"Pampierstad, Northern Cape, South Africa","path":"earth/countries/za/8/18/data.json"},{"id":"ctry.za.8.19","address":"Pixley ka Seme District Municipality, Northern Cape, South Africa","path":"earth/countries/za/8/19/data.json"},{"id":"ctry.za.8.20","address":"Pofadder, Northern Cape, South Africa","path":"earth/countries/za/8/20/data.json"},{"id":"ctry.za.8.21","address":"Postmasburg, Northern Cape, South Africa","path":"earth/countries/za/8/21/data.json"},{"id":"ctry.za.8.22","address":"Prieska, Northern Cape, South Africa","path":"earth/countries/za/8/22/data.json"},{"id":"ctry.za.8.23","address":"Ritchie, Northern Cape, South Africa","path":"earth/countries/za/8/23/data.json"},{"id":"ctry.za.8.24","address":"Siyanda District Municipality, Northern Cape, South Africa","path":"earth/countries/za/8/24/data.json"},{"id":"ctry.za.8.25","address":"Springbok, Northern Cape, South Africa","path":"earth/countries/za/8/25/data.json"},{"id":"ctry.za.8.26","address":"Upington, Northern Cape, South Africa","path":"earth/countries/za/8/26/data.json"},{"id":"ctry.za.8.27","address":"Van Wyksvlei, Northern Cape, South Africa","path":"earth/countries/za/8/27/data.json"},{"id":"ctry.za.8.28","address":"Warrenton, Northern Cape, South Africa","path":"earth/countries/za/8/28/data.json"},{"id":"ctry.za.9.1","address":"Albertina, Western Cape, South Africa","path":"earth/countries/za/9/1/data.json"},{"id":"ctry.za.9.2","address":"Arniston, Western Cape, South Africa","path":"earth/countries/za/9/2/data.json"},{"id":"ctry.za.9.3","address":"Atlantis, Western Cape, South Africa","path":"earth/countries/za/9/3/data.json"},{"id":"ctry.za.9.4","address":"Beaufort West, Western Cape, South Africa","path":"earth/countries/za/9/4/data.json"},{"id":"ctry.za.9.5","address":"Bergvliet, Western Cape, South Africa","path":"earth/countries/za/9/5/data.json"},{"id":"ctry.za.9.6","address":"Bredasdorp, Western Cape, South Africa","path":"earth/countries/za/9/6/data.json"},{"id":"ctry.za.9.7","address":"Caledon, Western Cape, South Africa","path":"earth/countries/za/9/7/data.json"},{"id":"ctry.za.9.8","address":"Calitzdorp, Western Cape, South Africa","path":"earth/countries/za/9/8/data.json"},{"id":"ctry.za.9.9","address":"Cape Town, Western Cape, South Africa","path":"earth/countries/za/9/9/data.json"},{"id":"ctry.za.9.10","address":"Cape Winelands District Municipality, Western Cape, South Africa","path":"earth/countries/za/9/10/data.json"},{"id":"ctry.za.9.11","address":"Central Karoo District Municipality, Western Cape, South Africa","path":"earth/countries/za/9/11/data.json"},{"id":"ctry.za.9.12","address":"Ceres, Western Cape, South Africa","path":"earth/countries/za/9/12/data.json"},{"id":"ctry.za.9.13","address":"City of Cape Town, Western Cape, South Africa","path":"earth/countries/za/9/13/data.json"},{"id":"ctry.za.9.14","address":"Clanwilliam, Western Cape, South Africa","path":"earth/countries/za/9/14/data.json"},{"id":"ctry.za.9.15","address":"Claremont, Western Cape, South Africa","path":"earth/countries/za/9/15/data.json"},{"id":"ctry.za.9.16","address":"Constantia, Western Cape, South Africa","path":"earth/countries/za/9/16/data.json"},{"id":"ctry.za.9.17","address":"De Rust, Western Cape, South Africa","path":"earth/countries/za/9/17/data.json"},{"id":"ctry.za.9.18","address":"Eden District Municipality, Western Cape, South Africa","path":"earth/countries/za/9/18/data.json"},{"id":"ctry.za.9.19","address":"George, Western Cape, South Africa","path":"earth/countries/za/9/19/data.json"},{"id":"ctry.za.9.20","address":"Grabouw, Western Cape, South Africa","path":"earth/countries/za/9/20/data.json"},{"id":"ctry.za.9.21","address":"Hardys Memories of Africa, Western Cape, South Africa","path":"earth/countries/za/9/21/data.json"},{"id":"ctry.za.9.22","address":"Hermanus, Western Cape, South Africa","path":"earth/countries/za/9/22/data.json"},{"id":"ctry.za.9.23","address":"Knysna, Western Cape, South Africa","path":"earth/countries/za/9/23/data.json"},{"id":"ctry.za.9.24","address":"Kraaifontein, Western Cape, South Africa","path":"earth/countries/za/9/24/data.json"},{"id":"ctry.za.9.25","address":"Ladismith, Western Cape, South Africa","path":"earth/countries/za/9/25/data.json"},{"id":"ctry.za.9.26","address":"Lansdowne, Western Cape, South Africa","path":"earth/countries/za/9/26/data.json"},{"id":"ctry.za.9.27","address":"Malmesbury, Western Cape, South Africa","path":"earth/countries/za/9/27/data.json"},{"id":"ctry.za.9.28","address":"Montagu, Western Cape, South Africa","path":"earth/countries/za/9/28/data.json"},{"id":"ctry.za.9.29","address":"Moorreesburg, Western Cape, South Africa","path":"earth/countries/za/9/29/data.json"},{"id":"ctry.za.9.30","address":"Mossel Bay, Western Cape, South Africa","path":"earth/countries/za/9/30/data.json"},{"id":"ctry.za.9.31","address":"Newlands, Western Cape, South Africa","path":"earth/countries/za/9/31/data.json"},{"id":"ctry.za.9.32","address":"Oudtshoorn, Western Cape, South Africa","path":"earth/countries/za/9/32/data.json"},{"id":"ctry.za.9.33","address":"Overberg District Municipality, Western Cape, South Africa","path":"earth/countries/za/9/33/data.json"},{"id":"ctry.za.9.34","address":"Paarl, Western Cape, South Africa","path":"earth/countries/za/9/34/data.json"},{"id":"ctry.za.9.35","address":"Piketberg, Western Cape, South Africa","path":"earth/countries/za/9/35/data.json"},{"id":"ctry.za.9.36","address":"Plettenberg Bay, Western Cape, South Africa","path":"earth/countries/za/9/36/data.json"},{"id":"ctry.za.9.37","address":"Prince Albert, Western Cape, South Africa","path":"earth/countries/za/9/37/data.json"},{"id":"ctry.za.9.38","address":"Retreat, Western Cape, South Africa","path":"earth/countries/za/9/38/data.json"},{"id":"ctry.za.9.39","address":"Riversdale, Western Cape, South Africa","path":"earth/countries/za/9/39/data.json"},{"id":"ctry.za.9.40","address":"Robertson, Western Cape, South Africa","path":"earth/countries/za/9/40/data.json"},{"id":"ctry.za.9.41","address":"Rondebosch, Western Cape, South Africa","path":"earth/countries/za/9/41/data.json"},{"id":"ctry.za.9.42","address":"Rosebank, Western Cape, South Africa","path":"earth/countries/za/9/42/data.json"},{"id":"ctry.za.9.43","address":"Saldanha, Western Cape, South Africa","path":"earth/countries/za/9/43/data.json"},{"id":"ctry.za.9.44","address":"Stellenbosch, Western Cape, South Africa","path":"earth/countries/za/9/44/data.json"},{"id":"ctry.za.9.45","address":"Sunset Beach, Western Cape, South Africa","path":"earth/countries/za/9/45/data.json"},{"id":"ctry.za.9.46","address":"Swellendam, Western Cape, South Africa","path":"earth/countries/za/9/46/data.json"},{"id":"ctry.za.9.47","address":"Vredenburg, Western Cape, South Africa","path":"earth/countries/za/9/47/data.json"},{"id":"ctry.za.9.48","address":"Vredendal, Western Cape, South Africa","path":"earth/countries/za/9/48/data.json"},{"id":"ctry.za.9.49","address":"Wellington, Western Cape, South Africa","path":"earth/countries/za/9/49/data.json"},{"id":"ctry.za.9.50","address":"West Coast District Municipality, Western Cape, South Africa","path":"earth/countries/za/9/50/data.json"},{"id":"ctry.za.9.51","address":"Worcester, Western Cape, South Africa","path":"earth/countries/za/9/51/data.json"},{"id":"ctry.za.9.52","address":"Zoar, Western Cape, South Africa","path":"earth/countries/za/9/52/data.json"}]}