{"data":[{"id":"ctry.it.103.1","address":"Acquasparta, Umbria, Italy","path":"earth/countries/it/103/1/data.json"},{"id":"ctry.it.103.2","address":"Allerona, Umbria, Italy","path":"earth/countries/it/103/2/data.json"},{"id":"ctry.it.103.3","address":"Alviano, Umbria, Italy","path":"earth/countries/it/103/3/data.json"},{"id":"ctry.it.103.4","address":"Amelia, Umbria, Italy","path":"earth/countries/it/103/4/data.json"},{"id":"ctry.it.103.5","address":"Arrone, Umbria, Italy","path":"earth/countries/it/103/5/data.json"},{"id":"ctry.it.103.6","address":"Assisi, Umbria, Italy","path":"earth/countries/it/103/6/data.json"},{"id":"ctry.it.103.7","address":"Attigliano, Umbria, Italy","path":"earth/countries/it/103/7/data.json"},{"id":"ctry.it.103.8","address":"Avigliano Umbro, Umbria, Italy","path":"earth/countries/it/103/8/data.json"},{"id":"ctry.it.103.9","address":"Baschi, Umbria, Italy","path":"earth/countries/it/103/9/data.json"},{"id":"ctry.it.103.10","address":"Bastardo, Umbria, Italy","path":"earth/countries/it/103/10/data.json"},{"id":"ctry.it.103.11","address":"Bastia umbra, Umbria, Italy","path":"earth/countries/it/103/11/data.json"},{"id":"ctry.it.103.12","address":"Bettona, Umbria, Italy","path":"earth/countries/it/103/12/data.json"},{"id":"ctry.it.103.13","address":"Bevagna, Umbria, Italy","path":"earth/countries/it/103/13/data.json"},{"id":"ctry.it.103.14","address":"Bruna, Umbria, Italy","path":"earth/countries/it/103/14/data.json"},{"id":"ctry.it.103.15","address":"Calvi dell'Umbria, Umbria, Italy","path":"earth/countries/it/103/15/data.json"},{"id":"ctry.it.103.16","address":"Campello sul Clitunno, Umbria, Italy","path":"earth/countries/it/103/16/data.json"},{"id":"ctry.it.103.17","address":"Cannara, Umbria, Italy","path":"earth/countries/it/103/17/data.json"},{"id":"ctry.it.103.18","address":"Capitan Loreto, Umbria, Italy","path":"earth/countries/it/103/18/data.json"},{"id":"ctry.it.103.19","address":"Casa del Diavolo, Umbria, Italy","path":"earth/countries/it/103/19/data.json"},{"id":"ctry.it.103.20","address":"Cascia, Umbria, Italy","path":"earth/countries/it/103/20/data.json"},{"id":"ctry.it.103.21","address":"Castel Giorgio, Umbria, Italy","path":"earth/countries/it/103/21/data.json"},{"id":"ctry.it.103.22","address":"Castel Ritaldi, Umbria, Italy","path":"earth/countries/it/103/22/data.json"},{"id":"ctry.it.103.23","address":"Castel Viscardo, Umbria, Italy","path":"earth/countries/it/103/23/data.json"},{"id":"ctry.it.103.24","address":"Casteltodino, Umbria, Italy","path":"earth/countries/it/103/24/data.json"},{"id":"ctry.it.103.25","address":"Castiglione del Lago, Umbria, Italy","path":"earth/countries/it/103/25/data.json"},{"id":"ctry.it.103.26","address":"Cerbara, Umbria, Italy","path":"earth/countries/it/103/26/data.json"},{"id":"ctry.it.103.27","address":"Cerreto di Spoleto, Umbria, Italy","path":"earth/countries/it/103/27/data.json"},{"id":"ctry.it.103.28","address":"Chiugiana-La Commenda, Umbria, Italy","path":"earth/countries/it/103/28/data.json"},{"id":"ctry.it.103.29","address":"Ciconia, Umbria, Italy","path":"earth/countries/it/103/29/data.json"},{"id":"ctry.it.103.30","address":"Cipolleto, Umbria, Italy","path":"earth/countries/it/103/30/data.json"},{"id":"ctry.it.103.31","address":"Citerna, Umbria, Italy","path":"earth/countries/it/103/31/data.json"},{"id":"ctry.it.103.32","address":"Città della Pieve, Umbria, Italy","path":"earth/countries/it/103/32/data.json"},{"id":"ctry.it.103.33","address":"Città di Castello, Umbria, Italy","path":"earth/countries/it/103/33/data.json"},{"id":"ctry.it.103.34","address":"Collazzone, Umbria, Italy","path":"earth/countries/it/103/34/data.json"},{"id":"ctry.it.103.35","address":"Collepepe, Umbria, Italy","path":"earth/countries/it/103/35/data.json"},{"id":"ctry.it.103.36","address":"Colombella, Umbria, Italy","path":"earth/countries/it/103/36/data.json"},{"id":"ctry.it.103.37","address":"Corciano, Umbria, Italy","path":"earth/countries/it/103/37/data.json"},{"id":"ctry.it.103.38","address":"Costacciaro, Umbria, Italy","path":"earth/countries/it/103/38/data.json"},{"id":"ctry.it.103.39","address":"Costano, Umbria, Italy","path":"earth/countries/it/103/39/data.json"},{"id":"ctry.it.103.40","address":"Deruta, Umbria, Italy","path":"earth/countries/it/103/40/data.json"},{"id":"ctry.it.103.41","address":"Fabro, Umbria, Italy","path":"earth/countries/it/103/41/data.json"},{"id":"ctry.it.103.42","address":"Fabro Scalo, Umbria, Italy","path":"earth/countries/it/103/42/data.json"},{"id":"ctry.it.103.43","address":"Ferentillo, Umbria, Italy","path":"earth/countries/it/103/43/data.json"},{"id":"ctry.it.103.44","address":"Ficulle, Umbria, Italy","path":"earth/countries/it/103/44/data.json"},{"id":"ctry.it.103.45","address":"Foligno, Umbria, Italy","path":"earth/countries/it/103/45/data.json"},{"id":"ctry.it.103.46","address":"Fontignano, Umbria, Italy","path":"earth/countries/it/103/46/data.json"},{"id":"ctry.it.103.47","address":"Fornole, Umbria, Italy","path":"earth/countries/it/103/47/data.json"},{"id":"ctry.it.103.48","address":"Fossato di Vico, Umbria, Italy","path":"earth/countries/it/103/48/data.json"},{"id":"ctry.it.103.49","address":"Fratta Todina, Umbria, Italy","path":"earth/countries/it/103/49/data.json"},{"id":"ctry.it.103.50","address":"Giano dell'Umbria, Umbria, Italy","path":"earth/countries/it/103/50/data.json"},{"id":"ctry.it.103.51","address":"Giove, Umbria, Italy","path":"earth/countries/it/103/51/data.json"},{"id":"ctry.it.103.52","address":"Gualdo Cattaneo, Umbria, Italy","path":"earth/countries/it/103/52/data.json"},{"id":"ctry.it.103.53","address":"Gualdo Tadino, Umbria, Italy","path":"earth/countries/it/103/53/data.json"},{"id":"ctry.it.103.54","address":"Guardea, Umbria, Italy","path":"earth/countries/it/103/54/data.json"},{"id":"ctry.it.103.55","address":"Gubbio, Umbria, Italy","path":"earth/countries/it/103/55/data.json"},{"id":"ctry.it.103.56","address":"Lacugnano, Umbria, Italy","path":"earth/countries/it/103/56/data.json"},{"id":"ctry.it.103.57","address":"Lisciano Niccone, Umbria, Italy","path":"earth/countries/it/103/57/data.json"},{"id":"ctry.it.103.58","address":"Lugnano in Teverina, Umbria, Italy","path":"earth/countries/it/103/58/data.json"},{"id":"ctry.it.103.59","address":"Magione, Umbria, Italy","path":"earth/countries/it/103/59/data.json"},{"id":"ctry.it.103.60","address":"Mantignana, Umbria, Italy","path":"earth/countries/it/103/60/data.json"},{"id":"ctry.it.103.61","address":"Marsciano, Umbria, Italy","path":"earth/countries/it/103/61/data.json"},{"id":"ctry.it.103.62","address":"Massa Martana, Umbria, Italy","path":"earth/countries/it/103/62/data.json"},{"id":"ctry.it.103.63","address":"Meggiano, Umbria, Italy","path":"earth/countries/it/103/63/data.json"},{"id":"ctry.it.103.64","address":"Monte Castello di Vibio, Umbria, Italy","path":"earth/countries/it/103/64/data.json"},{"id":"ctry.it.103.65","address":"Monte Grimano, Umbria, Italy","path":"earth/countries/it/103/65/data.json"},{"id":"ctry.it.103.66","address":"Monte Santa Maria Tiberina, Umbria, Italy","path":"earth/countries/it/103/66/data.json"},{"id":"ctry.it.103.67","address":"Montecastrilli, Umbria, Italy","path":"earth/countries/it/103/67/data.json"},{"id":"ctry.it.103.68","address":"Montecchio, Umbria, Italy","path":"earth/countries/it/103/68/data.json"},{"id":"ctry.it.103.69","address":"Montefalco, Umbria, Italy","path":"earth/countries/it/103/69/data.json"},{"id":"ctry.it.103.70","address":"Montefranco, Umbria, Italy","path":"earth/countries/it/103/70/data.json"},{"id":"ctry.it.103.71","address":"Montegabbione, Umbria, Italy","path":"earth/countries/it/103/71/data.json"},{"id":"ctry.it.103.72","address":"Monteleone d'Orvieto, Umbria, Italy","path":"earth/countries/it/103/72/data.json"},{"id":"ctry.it.103.73","address":"Monteleone di Spoleto, Umbria, Italy","path":"earth/countries/it/103/73/data.json"},{"id":"ctry.it.103.74","address":"Montone, Umbria, Italy","path":"earth/countries/it/103/74/data.json"},{"id":"ctry.it.103.75","address":"Narni, Umbria, Italy","path":"earth/countries/it/103/75/data.json"},{"id":"ctry.it.103.76","address":"Narni Scalo, Umbria, Italy","path":"earth/countries/it/103/76/data.json"},{"id":"ctry.it.103.77","address":"Nocera Umbra, Umbria, Italy","path":"earth/countries/it/103/77/data.json"},{"id":"ctry.it.103.78","address":"Norcia, Umbria, Italy","path":"earth/countries/it/103/78/data.json"},{"id":"ctry.it.103.79","address":"Orvieto, Umbria, Italy","path":"earth/countries/it/103/79/data.json"},{"id":"ctry.it.103.80","address":"Orvieto Scalo, Umbria, Italy","path":"earth/countries/it/103/80/data.json"},{"id":"ctry.it.103.81","address":"Oscano, Umbria, Italy","path":"earth/countries/it/103/81/data.json"},{"id":"ctry.it.103.82","address":"Ospedalicchio, Umbria, Italy","path":"earth/countries/it/103/82/data.json"},{"id":"ctry.it.103.83","address":"Osteria del Gatto, Umbria, Italy","path":"earth/countries/it/103/83/data.json"},{"id":"ctry.it.103.84","address":"Otricoli, Umbria, Italy","path":"earth/countries/it/103/84/data.json"},{"id":"ctry.it.103.85","address":"Paciano, Umbria, Italy","path":"earth/countries/it/103/85/data.json"},{"id":"ctry.it.103.86","address":"Padule-San Marco, Umbria, Italy","path":"earth/countries/it/103/86/data.json"},{"id":"ctry.it.103.87","address":"Palazzo, Umbria, Italy","path":"earth/countries/it/103/87/data.json"},{"id":"ctry.it.103.88","address":"Panicale, Umbria, Italy","path":"earth/countries/it/103/88/data.json"},{"id":"ctry.it.103.89","address":"Pantalla, Umbria, Italy","path":"earth/countries/it/103/89/data.json"},{"id":"ctry.it.103.90","address":"Parrano, Umbria, Italy","path":"earth/countries/it/103/90/data.json"},{"id":"ctry.it.103.91","address":"Passaggio, Umbria, Italy","path":"earth/countries/it/103/91/data.json"},{"id":"ctry.it.103.92","address":"Passignano sul Trasimeno, Umbria, Italy","path":"earth/countries/it/103/92/data.json"},{"id":"ctry.it.103.93","address":"Penna in Teverina, Umbria, Italy","path":"earth/countries/it/103/93/data.json"},{"id":"ctry.it.103.94","address":"Perugia, Umbria, Italy","path":"earth/countries/it/103/94/data.json"},{"id":"ctry.it.103.95","address":"Petrignano, Umbria, Italy","path":"earth/countries/it/103/95/data.json"},{"id":"ctry.it.103.96","address":"Piegaro, Umbria, Italy","path":"earth/countries/it/103/96/data.json"},{"id":"ctry.it.103.97","address":"Pietralunga, Umbria, Italy","path":"earth/countries/it/103/97/data.json"},{"id":"ctry.it.103.98","address":"Pila, Umbria, Italy","path":"earth/countries/it/103/98/data.json"},{"id":"ctry.it.103.99","address":"Pistrino, Umbria, Italy","path":"earth/countries/it/103/99/data.json"},{"id":"ctry.it.103.100","address":"Poggiodomo, Umbria, Italy","path":"earth/countries/it/103/100/data.json"},{"id":"ctry.it.103.101","address":"Polino, Umbria, Italy","path":"earth/countries/it/103/101/data.json"},{"id":"ctry.it.103.102","address":"Ponte Felcino, Umbria, Italy","path":"earth/countries/it/103/102/data.json"},{"id":"ctry.it.103.103","address":"Ponte Pattoli, Umbria, Italy","path":"earth/countries/it/103/103/data.json"},{"id":"ctry.it.103.104","address":"Ponterio-Pian di Porto, Umbria, Italy","path":"earth/countries/it/103/104/data.json"},{"id":"ctry.it.103.105","address":"Porano, Umbria, Italy","path":"earth/countries/it/103/105/data.json"},{"id":"ctry.it.103.106","address":"Pozzuolo, Umbria, Italy","path":"earth/countries/it/103/106/data.json"},{"id":"ctry.it.103.107","address":"Preci, Umbria, Italy","path":"earth/countries/it/103/107/data.json"},{"id":"ctry.it.103.108","address":"Provincia di Perugia, Umbria, Italy","path":"earth/countries/it/103/108/data.json"},{"id":"ctry.it.103.109","address":"Provincia di Terni, Umbria, Italy","path":"earth/countries/it/103/109/data.json"},{"id":"ctry.it.103.110","address":"Rivotorto, Umbria, Italy","path":"earth/countries/it/103/110/data.json"},{"id":"ctry.it.103.111","address":"San Gemini, Umbria, Italy","path":"earth/countries/it/103/111/data.json"},{"id":"ctry.it.103.112","address":"San Giacomo, Umbria, Italy","path":"earth/countries/it/103/112/data.json"},{"id":"ctry.it.103.113","address":"San Giustino, Umbria, Italy","path":"earth/countries/it/103/113/data.json"},{"id":"ctry.it.103.114","address":"San Martino in Campo, Umbria, Italy","path":"earth/countries/it/103/114/data.json"},{"id":"ctry.it.103.115","address":"San Martino in Trignano, Umbria, Italy","path":"earth/countries/it/103/115/data.json"},{"id":"ctry.it.103.116","address":"San Niccolò di Celle, Umbria, Italy","path":"earth/countries/it/103/116/data.json"},{"id":"ctry.it.103.117","address":"San Secondo, Umbria, Italy","path":"earth/countries/it/103/117/data.json"},{"id":"ctry.it.103.118","address":"San Terenziano, Umbria, Italy","path":"earth/countries/it/103/118/data.json"},{"id":"ctry.it.103.119","address":"San Venanzo, Umbria, Italy","path":"earth/countries/it/103/119/data.json"},{"id":"ctry.it.103.120","address":"Sant'Anatolia di Narco, Umbria, Italy","path":"earth/countries/it/103/120/data.json"},{"id":"ctry.it.103.121","address":"Santa Maria degli Angeli, Umbria, Italy","path":"earth/countries/it/103/121/data.json"},{"id":"ctry.it.103.122","address":"Scheggia, Umbria, Italy","path":"earth/countries/it/103/122/data.json"},{"id":"ctry.it.103.123","address":"Scheggino, Umbria, Italy","path":"earth/countries/it/103/123/data.json"},{"id":"ctry.it.103.124","address":"Selci-Lama, Umbria, Italy","path":"earth/countries/it/103/124/data.json"},{"id":"ctry.it.103.125","address":"Sellano, Umbria, Italy","path":"earth/countries/it/103/125/data.json"},{"id":"ctry.it.103.126","address":"Semonte-Casamorcia, Umbria, Italy","path":"earth/countries/it/103/126/data.json"},{"id":"ctry.it.103.127","address":"Sferracavallo, Umbria, Italy","path":"earth/countries/it/103/127/data.json"},{"id":"ctry.it.103.128","address":"Sigillo, Umbria, Italy","path":"earth/countries/it/103/128/data.json"},{"id":"ctry.it.103.129","address":"Spello, Umbria, Italy","path":"earth/countries/it/103/129/data.json"},{"id":"ctry.it.103.130","address":"Spoleto, Umbria, Italy","path":"earth/countries/it/103/130/data.json"},{"id":"ctry.it.103.131","address":"Stazione di Allerona, Umbria, Italy","path":"earth/countries/it/103/131/data.json"},{"id":"ctry.it.103.132","address":"Stazione di Padule, Umbria, Italy","path":"earth/countries/it/103/132/data.json"},{"id":"ctry.it.103.133","address":"Stroncone, Umbria, Italy","path":"earth/countries/it/103/133/data.json"},{"id":"ctry.it.103.134","address":"Tavernelle, Umbria, Italy","path":"earth/countries/it/103/134/data.json"},{"id":"ctry.it.103.135","address":"Terni, Umbria, Italy","path":"earth/countries/it/103/135/data.json"},{"id":"ctry.it.103.136","address":"Todi, Umbria, Italy","path":"earth/countries/it/103/136/data.json"},{"id":"ctry.it.103.137","address":"Torgiano, Umbria, Italy","path":"earth/countries/it/103/137/data.json"},{"id":"ctry.it.103.138","address":"Trestina, Umbria, Italy","path":"earth/countries/it/103/138/data.json"},{"id":"ctry.it.103.139","address":"Trevi, Umbria, Italy","path":"earth/countries/it/103/139/data.json"},{"id":"ctry.it.103.140","address":"Tuoro sul Trasimeno, Umbria, Italy","path":"earth/countries/it/103/140/data.json"},{"id":"ctry.it.103.141","address":"Umbertide, Umbria, Italy","path":"earth/countries/it/103/141/data.json"},{"id":"ctry.it.103.142","address":"Valfabbrica, Umbria, Italy","path":"earth/countries/it/103/142/data.json"},{"id":"ctry.it.103.143","address":"Valtopina, Umbria, Italy","path":"earth/countries/it/103/143/data.json"},{"id":"ctry.it.103.144","address":"Via Lippia, Umbria, Italy","path":"earth/countries/it/103/144/data.json"}]}