{"data":[{"id":"ctry.ph.2.1","address":"Abut, Agusan del Norte, Philippines","path":"earth/countries/ph/2/1/data.json"},{"id":"ctry.ph.2.2","address":"Accusilian, Agusan del Norte, Philippines","path":"earth/countries/ph/2/2/data.json"},{"id":"ctry.ph.2.3","address":"Afusing Centro, Agusan del Norte, Philippines","path":"earth/countries/ph/2/3/data.json"},{"id":"ctry.ph.2.4","address":"Aglipay, Agusan del Norte, Philippines","path":"earth/countries/ph/2/4/data.json"},{"id":"ctry.ph.2.5","address":"Alabug, Agusan del Norte, Philippines","path":"earth/countries/ph/2/5/data.json"},{"id":"ctry.ph.2.6","address":"Alannay, Agusan del Norte, Philippines","path":"earth/countries/ph/2/6/data.json"},{"id":"ctry.ph.2.7","address":"Alcala, Agusan del Norte, Philippines","path":"earth/countries/ph/2/7/data.json"},{"id":"ctry.ph.2.8","address":"Alfonso Casta単eda, Agusan del Norte, Philippines","path":"earth/countries/ph/2/8/data.json"},{"id":"ctry.ph.2.9","address":"Alicia, Agusan del Norte, Philippines","path":"earth/countries/ph/2/9/data.json"},{"id":"ctry.ph.2.10","address":"Allacapan, Agusan del Norte, Philippines","path":"earth/countries/ph/2/10/data.json"},{"id":"ctry.ph.2.11","address":"Almaguer North, Agusan del Norte, Philippines","path":"earth/countries/ph/2/11/data.json"},{"id":"ctry.ph.2.12","address":"Ambaguio, Agusan del Norte, Philippines","path":"earth/countries/ph/2/12/data.json"},{"id":"ctry.ph.2.13","address":"Amulung, Agusan del Norte, Philippines","path":"earth/countries/ph/2/13/data.json"},{"id":"ctry.ph.2.14","address":"Angadanan, Agusan del Norte, Philippines","path":"earth/countries/ph/2/14/data.json"},{"id":"ctry.ph.2.15","address":"Antagan Segunda, Agusan del Norte, Philippines","path":"earth/countries/ph/2/15/data.json"},{"id":"ctry.ph.2.16","address":"Aparri, Agusan del Norte, Philippines","path":"earth/countries/ph/2/16/data.json"},{"id":"ctry.ph.2.17","address":"Aritao, Agusan del Norte, Philippines","path":"earth/countries/ph/2/17/data.json"},{"id":"ctry.ph.2.18","address":"Atulayan, Agusan del Norte, Philippines","path":"earth/countries/ph/2/18/data.json"},{"id":"ctry.ph.2.19","address":"Aurora, Agusan del Norte, Philippines","path":"earth/countries/ph/2/19/data.json"},{"id":"ctry.ph.2.20","address":"Awallan, Agusan del Norte, Philippines","path":"earth/countries/ph/2/20/data.json"},{"id":"ctry.ph.2.21","address":"Bacnor East, Agusan del Norte, Philippines","path":"earth/countries/ph/2/21/data.json"},{"id":"ctry.ph.2.22","address":"Bagabag, Agusan del Norte, Philippines","path":"earth/countries/ph/2/22/data.json"},{"id":"ctry.ph.2.23","address":"Baggabag B, Agusan del Norte, Philippines","path":"earth/countries/ph/2/23/data.json"},{"id":"ctry.ph.2.24","address":"Baggao, Agusan del Norte, Philippines","path":"earth/countries/ph/2/24/data.json"},{"id":"ctry.ph.2.25","address":"Bagong Tanza, Agusan del Norte, Philippines","path":"earth/countries/ph/2/25/data.json"},{"id":"ctry.ph.2.26","address":"Bagu, Agusan del Norte, Philippines","path":"earth/countries/ph/2/26/data.json"},{"id":"ctry.ph.2.27","address":"Bagumbayan, Agusan del Norte, Philippines","path":"earth/countries/ph/2/27/data.json"},{"id":"ctry.ph.2.28","address":"Ballesteros, Agusan del Norte, Philippines","path":"earth/countries/ph/2/28/data.json"},{"id":"ctry.ph.2.29","address":"Bambang, Agusan del Norte, Philippines","path":"earth/countries/ph/2/29/data.json"},{"id":"ctry.ph.2.30","address":"Bangad, Agusan del Norte, Philippines","path":"earth/countries/ph/2/30/data.json"},{"id":"ctry.ph.2.31","address":"Banganan, Agusan del Norte, Philippines","path":"earth/countries/ph/2/31/data.json"},{"id":"ctry.ph.2.32","address":"Banquero, Agusan del Norte, Philippines","path":"earth/countries/ph/2/32/data.json"},{"id":"ctry.ph.2.33","address":"Barucboc Norte, Agusan del Norte, Philippines","path":"earth/countries/ph/2/33/data.json"},{"id":"ctry.ph.2.34","address":"Basco, Agusan del Norte, Philippines","path":"earth/countries/ph/2/34/data.json"},{"id":"ctry.ph.2.35","address":"Batal, Agusan del Norte, Philippines","path":"earth/countries/ph/2/35/data.json"},{"id":"ctry.ph.2.36","address":"Battung, Agusan del Norte, Philippines","path":"earth/countries/ph/2/36/data.json"},{"id":"ctry.ph.2.37","address":"Bauan, Agusan del Norte, Philippines","path":"earth/countries/ph/2/37/data.json"},{"id":"ctry.ph.2.38","address":"Bayombong, Agusan del Norte, Philippines","path":"earth/countries/ph/2/38/data.json"},{"id":"ctry.ph.2.39","address":"Belance, Agusan del Norte, Philippines","path":"earth/countries/ph/2/39/data.json"},{"id":"ctry.ph.2.40","address":"Benito Soliven, Agusan del Norte, Philippines","path":"earth/countries/ph/2/40/data.json"},{"id":"ctry.ph.2.41","address":"Binalan, Agusan del Norte, Philippines","path":"earth/countries/ph/2/41/data.json"},{"id":"ctry.ph.2.42","address":"Binguang, Agusan del Norte, Philippines","path":"earth/countries/ph/2/42/data.json"},{"id":"ctry.ph.2.43","address":"Bintawan, Agusan del Norte, Philippines","path":"earth/countries/ph/2/43/data.json"},{"id":"ctry.ph.2.44","address":"Bitag Grande, Agusan del Norte, Philippines","path":"earth/countries/ph/2/44/data.json"},{"id":"ctry.ph.2.45","address":"Bone South, Agusan del Norte, Philippines","path":"earth/countries/ph/2/45/data.json"},{"id":"ctry.ph.2.46","address":"Buguey, Agusan del Norte, Philippines","path":"earth/countries/ph/2/46/data.json"},{"id":"ctry.ph.2.47","address":"Buliwao, Agusan del Norte, Philippines","path":"earth/countries/ph/2/47/data.json"},{"id":"ctry.ph.2.48","address":"Bulu, Agusan del Norte, Philippines","path":"earth/countries/ph/2/48/data.json"},{"id":"ctry.ph.2.49","address":"Burgos, Agusan del Norte, Philippines","path":"earth/countries/ph/2/49/data.json"},{"id":"ctry.ph.2.50","address":"Busilak, Agusan del Norte, Philippines","path":"earth/countries/ph/2/50/data.json"},{"id":"ctry.ph.2.51","address":"Cabagan, Agusan del Norte, Philippines","path":"earth/countries/ph/2/51/data.json"},{"id":"ctry.ph.2.52","address":"Cabannungan Second, Agusan del Norte, Philippines","path":"earth/countries/ph/2/52/data.json"},{"id":"ctry.ph.2.53","address":"Cabaritan East, Agusan del Norte, Philippines","path":"earth/countries/ph/2/53/data.json"},{"id":"ctry.ph.2.54","address":"Cabarroguis, Agusan del Norte, Philippines","path":"earth/countries/ph/2/54/data.json"},{"id":"ctry.ph.2.55","address":"Cabatuan, Agusan del Norte, Philippines","path":"earth/countries/ph/2/55/data.json"},{"id":"ctry.ph.2.56","address":"Cabiraoan, Agusan del Norte, Philippines","path":"earth/countries/ph/2/56/data.json"},{"id":"ctry.ph.2.57","address":"Calamagui East, Agusan del Norte, Philippines","path":"earth/countries/ph/2/57/data.json"},{"id":"ctry.ph.2.58","address":"Calantac, Agusan del Norte, Philippines","path":"earth/countries/ph/2/58/data.json"},{"id":"ctry.ph.2.59","address":"Calaoagan, Agusan del Norte, Philippines","path":"earth/countries/ph/2/59/data.json"},{"id":"ctry.ph.2.60","address":"Calayan, Agusan del Norte, Philippines","path":"earth/countries/ph/2/60/data.json"},{"id":"ctry.ph.2.61","address":"Calinaoan Malasin, Agusan del Norte, Philippines","path":"earth/countries/ph/2/61/data.json"},{"id":"ctry.ph.2.62","address":"Calog Norte, Agusan del Norte, Philippines","path":"earth/countries/ph/2/62/data.json"},{"id":"ctry.ph.2.63","address":"Camalaniugan, Agusan del Norte, Philippines","path":"earth/countries/ph/2/63/data.json"},{"id":"ctry.ph.2.64","address":"Capissayan Sur, Agusan del Norte, Philippines","path":"earth/countries/ph/2/64/data.json"},{"id":"ctry.ph.2.65","address":"Carig, Agusan del Norte, Philippines","path":"earth/countries/ph/2/65/data.json"},{"id":"ctry.ph.2.66","address":"Casambalangan, Agusan del Norte, Philippines","path":"earth/countries/ph/2/66/data.json"},{"id":"ctry.ph.2.67","address":"Catayauan, Agusan del Norte, Philippines","path":"earth/countries/ph/2/67/data.json"},{"id":"ctry.ph.2.68","address":"Cauayan, Agusan del Norte, Philippines","path":"earth/countries/ph/2/68/data.json"},{"id":"ctry.ph.2.69","address":"Claveria, Agusan del Norte, Philippines","path":"earth/countries/ph/2/69/data.json"},{"id":"ctry.ph.2.70","address":"Cordon, Agusan del Norte, Philippines","path":"earth/countries/ph/2/70/data.json"},{"id":"ctry.ph.2.71","address":"Cullalabo del Sur, Agusan del Norte, Philippines","path":"earth/countries/ph/2/71/data.json"},{"id":"ctry.ph.2.72","address":"Dagupan, Agusan del Norte, Philippines","path":"earth/countries/ph/2/72/data.json"},{"id":"ctry.ph.2.73","address":"Dalaoig, Agusan del Norte, Philippines","path":"earth/countries/ph/2/73/data.json"},{"id":"ctry.ph.2.74","address":"Daragutan, Agusan del Norte, Philippines","path":"earth/countries/ph/2/74/data.json"},{"id":"ctry.ph.2.75","address":"Dassun, Agusan del Norte, Philippines","path":"earth/countries/ph/2/75/data.json"},{"id":"ctry.ph.2.76","address":"Delfin Albano, Agusan del Norte, Philippines","path":"earth/countries/ph/2/76/data.json"},{"id":"ctry.ph.2.77","address":"Diadi, Agusan del Norte, Philippines","path":"earth/countries/ph/2/77/data.json"},{"id":"ctry.ph.2.78","address":"Diamantina, Agusan del Norte, Philippines","path":"earth/countries/ph/2/78/data.json"},{"id":"ctry.ph.2.79","address":"Dibuluan, Agusan del Norte, Philippines","path":"earth/countries/ph/2/79/data.json"},{"id":"ctry.ph.2.80","address":"Dicabisagan, Agusan del Norte, Philippines","path":"earth/countries/ph/2/80/data.json"},{"id":"ctry.ph.2.81","address":"Dicamay, Agusan del Norte, Philippines","path":"earth/countries/ph/2/81/data.json"},{"id":"ctry.ph.2.82","address":"Diffun, Agusan del Norte, Philippines","path":"earth/countries/ph/2/82/data.json"},{"id":"ctry.ph.2.83","address":"Dinapigui, Agusan del Norte, Philippines","path":"earth/countries/ph/2/83/data.json"},{"id":"ctry.ph.2.84","address":"Divilican, Agusan del Norte, Philippines","path":"earth/countries/ph/2/84/data.json"},{"id":"ctry.ph.2.85","address":"Divisoria, Agusan del Norte, Philippines","path":"earth/countries/ph/2/85/data.json"},{"id":"ctry.ph.2.86","address":"Dodan, Agusan del Norte, Philippines","path":"earth/countries/ph/2/86/data.json"},{"id":"ctry.ph.2.87","address":"Dumabato, Agusan del Norte, Philippines","path":"earth/countries/ph/2/87/data.json"},{"id":"ctry.ph.2.88","address":"Dupax del Norte, Agusan del Norte, Philippines","path":"earth/countries/ph/2/88/data.json"},{"id":"ctry.ph.2.89","address":"Dupax del Sur, Agusan del Norte, Philippines","path":"earth/countries/ph/2/89/data.json"},{"id":"ctry.ph.2.90","address":"Echague (town), Agusan del Norte, Philippines","path":"earth/countries/ph/2/90/data.json"},{"id":"ctry.ph.2.91","address":"Eden, Agusan del Norte, Philippines","path":"earth/countries/ph/2/91/data.json"},{"id":"ctry.ph.2.92","address":"Enrile, Agusan del Norte, Philippines","path":"earth/countries/ph/2/92/data.json"},{"id":"ctry.ph.2.93","address":"Esperanza East, Agusan del Norte, Philippines","path":"earth/countries/ph/2/93/data.json"},{"id":"ctry.ph.2.94","address":"Estefania, Agusan del Norte, Philippines","path":"earth/countries/ph/2/94/data.json"},{"id":"ctry.ph.2.95","address":"Furao, Agusan del Norte, Philippines","path":"earth/countries/ph/2/95/data.json"},{"id":"ctry.ph.2.96","address":"Gadu, Agusan del Norte, Philippines","path":"earth/countries/ph/2/96/data.json"},{"id":"ctry.ph.2.97","address":"Gammad, Agusan del Norte, Philippines","path":"earth/countries/ph/2/97/data.json"},{"id":"ctry.ph.2.98","address":"Gamu, Agusan del Norte, Philippines","path":"earth/countries/ph/2/98/data.json"},{"id":"ctry.ph.2.99","address":"Ganapi, Agusan del Norte, Philippines","path":"earth/countries/ph/2/99/data.json"},{"id":"ctry.ph.2.100","address":"Gappal, Agusan del Norte, Philippines","path":"earth/countries/ph/2/100/data.json"},{"id":"ctry.ph.2.101","address":"Gattaran, Agusan del Norte, Philippines","path":"earth/countries/ph/2/101/data.json"},{"id":"ctry.ph.2.102","address":"Gonzaga, Agusan del Norte, Philippines","path":"earth/countries/ph/2/102/data.json"},{"id":"ctry.ph.2.103","address":"Guiddam, Agusan del Norte, Philippines","path":"earth/countries/ph/2/103/data.json"},{"id":"ctry.ph.2.104","address":"Ibung, Agusan del Norte, Philippines","path":"earth/countries/ph/2/104/data.json"},{"id":"ctry.ph.2.105","address":"Iguig, Agusan del Norte, Philippines","path":"earth/countries/ph/2/105/data.json"},{"id":"ctry.ph.2.106","address":"Ilagan, Agusan del Norte, Philippines","path":"earth/countries/ph/2/106/data.json"},{"id":"ctry.ph.2.107","address":"Ineangan, Agusan del Norte, Philippines","path":"earth/countries/ph/2/107/data.json"},{"id":"ctry.ph.2.108","address":"Itbayat, Agusan del Norte, Philippines","path":"earth/countries/ph/2/108/data.json"},{"id":"ctry.ph.2.109","address":"Ivana, Agusan del Norte, Philippines","path":"earth/countries/ph/2/109/data.json"},{"id":"ctry.ph.2.110","address":"Jones, Agusan del Norte, Philippines","path":"earth/countries/ph/2/110/data.json"},{"id":"ctry.ph.2.111","address":"Kasibu, Agusan del Norte, Philippines","path":"earth/countries/ph/2/111/data.json"},{"id":"ctry.ph.2.112","address":"Kayapa, Agusan del Norte, Philippines","path":"earth/countries/ph/2/112/data.json"},{"id":"ctry.ph.2.113","address":"La Paz, Agusan del Norte, Philippines","path":"earth/countries/ph/2/113/data.json"},{"id":"ctry.ph.2.114","address":"Lal-lo, Agusan del Norte, Philippines","path":"earth/countries/ph/2/114/data.json"},{"id":"ctry.ph.2.115","address":"Lallayug, Agusan del Norte, Philippines","path":"earth/countries/ph/2/115/data.json"},{"id":"ctry.ph.2.116","address":"Lanna, Agusan del Norte, Philippines","path":"earth/countries/ph/2/116/data.json"},{"id":"ctry.ph.2.117","address":"Lapi, Agusan del Norte, Philippines","path":"earth/countries/ph/2/117/data.json"},{"id":"ctry.ph.2.118","address":"Larion Alto, Agusan del Norte, Philippines","path":"earth/countries/ph/2/118/data.json"},{"id":"ctry.ph.2.119","address":"Lasam, Agusan del Norte, Philippines","path":"earth/countries/ph/2/119/data.json"},{"id":"ctry.ph.2.120","address":"Lucban, Agusan del Norte, Philippines","path":"earth/countries/ph/2/120/data.json"},{"id":"ctry.ph.2.121","address":"Luna, Agusan del Norte, Philippines","path":"earth/countries/ph/2/121/data.json"},{"id":"ctry.ph.2.122","address":"Mabasa, Agusan del Norte, Philippines","path":"earth/countries/ph/2/122/data.json"},{"id":"ctry.ph.2.123","address":"Mabini, Agusan del Norte, Philippines","path":"earth/countries/ph/2/123/data.json"},{"id":"ctry.ph.2.124","address":"Mabuttal East, Agusan del Norte, Philippines","path":"earth/countries/ph/2/124/data.json"},{"id":"ctry.ph.2.125","address":"Maconacon, Agusan del Norte, Philippines","path":"earth/countries/ph/2/125/data.json"},{"id":"ctry.ph.2.126","address":"Maddarulug Norte, Agusan del Norte, Philippines","path":"earth/countries/ph/2/126/data.json"},{"id":"ctry.ph.2.127","address":"Maddela, Agusan del Norte, Philippines","path":"earth/countries/ph/2/127/data.json"},{"id":"ctry.ph.2.128","address":"Magalalag, Agusan del Norte, Philippines","path":"earth/countries/ph/2/128/data.json"},{"id":"ctry.ph.2.129","address":"Magdalena, Agusan del Norte, Philippines","path":"earth/countries/ph/2/129/data.json"},{"id":"ctry.ph.2.130","address":"Maguilling, Agusan del Norte, Philippines","path":"earth/countries/ph/2/130/data.json"},{"id":"ctry.ph.2.131","address":"Mahatao, Agusan del Norte, Philippines","path":"earth/countries/ph/2/131/data.json"},{"id":"ctry.ph.2.132","address":"Malasin, Agusan del Norte, Philippines","path":"earth/countries/ph/2/132/data.json"},{"id":"ctry.ph.2.133","address":"Mallig, Agusan del Norte, Philippines","path":"earth/countries/ph/2/133/data.json"},{"id":"ctry.ph.2.134","address":"Maluno Sur, Agusan del Norte, Philippines","path":"earth/countries/ph/2/134/data.json"},{"id":"ctry.ph.2.135","address":"Manaring, Agusan del Norte, Philippines","path":"earth/countries/ph/2/135/data.json"},{"id":"ctry.ph.2.136","address":"Manga, Agusan del Norte, Philippines","path":"earth/countries/ph/2/136/data.json"},{"id":"ctry.ph.2.137","address":"Masaya Sur, Agusan del Norte, Philippines","path":"earth/countries/ph/2/137/data.json"},{"id":"ctry.ph.2.138","address":"Masipi West, Agusan del Norte, Philippines","path":"earth/countries/ph/2/138/data.json"},{"id":"ctry.ph.2.139","address":"Maxingal, Agusan del Norte, Philippines","path":"earth/countries/ph/2/139/data.json"},{"id":"ctry.ph.2.140","address":"Minallo, Agusan del Norte, Philippines","path":"earth/countries/ph/2/140/data.json"},{"id":"ctry.ph.2.141","address":"Minanga Norte, Agusan del Norte, Philippines","path":"earth/countries/ph/2/141/data.json"},{"id":"ctry.ph.2.142","address":"Minante Segundo, Agusan del Norte, Philippines","path":"earth/countries/ph/2/142/data.json"},{"id":"ctry.ph.2.143","address":"Minuri, Agusan del Norte, Philippines","path":"earth/countries/ph/2/143/data.json"},{"id":"ctry.ph.2.144","address":"Mozzozzin Sur, Agusan del Norte, Philippines","path":"earth/countries/ph/2/144/data.json"},{"id":"ctry.ph.2.145","address":"Mungo, Agusan del Norte, Philippines","path":"earth/countries/ph/2/145/data.json"},{"id":"ctry.ph.2.146","address":"Municipality of Delfin Albano, Agusan del Norte, Philippines","path":"earth/countries/ph/2/146/data.json"},{"id":"ctry.ph.2.147","address":"Mu単oz East, Agusan del Norte, Philippines","path":"earth/countries/ph/2/147/data.json"},{"id":"ctry.ph.2.148","address":"Nabannagan West, Agusan del Norte, Philippines","path":"earth/countries/ph/2/148/data.json"},{"id":"ctry.ph.2.149","address":"Nagrumbuan, Agusan del Norte, Philippines","path":"earth/countries/ph/2/149/data.json"},{"id":"ctry.ph.2.150","address":"Nagtipunan, Agusan del Norte, Philippines","path":"earth/countries/ph/2/150/data.json"},{"id":"ctry.ph.2.151","address":"Naguilian, Agusan del Norte, Philippines","path":"earth/countries/ph/2/151/data.json"},{"id":"ctry.ph.2.152","address":"Namuac, Agusan del Norte, Philippines","path":"earth/countries/ph/2/152/data.json"},{"id":"ctry.ph.2.153","address":"Nattapian, Agusan del Norte, Philippines","path":"earth/countries/ph/2/153/data.json"},{"id":"ctry.ph.2.154","address":"Paddaya, Agusan del Norte, Philippines","path":"earth/countries/ph/2/154/data.json"},{"id":"ctry.ph.2.155","address":"Palagao Norte, Agusan del Norte, Philippines","path":"earth/countries/ph/2/155/data.json"},{"id":"ctry.ph.2.156","address":"Palanan, Agusan del Norte, Philippines","path":"earth/countries/ph/2/156/data.json"},{"id":"ctry.ph.2.157","address":"Pamplona, Agusan del Norte, Philippines","path":"earth/countries/ph/2/157/data.json"},{"id":"ctry.ph.2.158","address":"Pangal Sur, Agusan del Norte, Philippines","path":"earth/countries/ph/2/158/data.json"},{"id":"ctry.ph.2.159","address":"Pata, Agusan del Norte, Philippines","path":"earth/countries/ph/2/159/data.json"},{"id":"ctry.ph.2.160","address":"Pattao, Agusan del Norte, Philippines","path":"earth/countries/ph/2/160/data.json"},{"id":"ctry.ph.2.161","address":"Pe単ablanca, Agusan del Norte, Philippines","path":"earth/countries/ph/2/161/data.json"},{"id":"ctry.ph.2.162","address":"Piat, Agusan del Norte, Philippines","path":"earth/countries/ph/2/162/data.json"},{"id":"ctry.ph.2.163","address":"Pinoma, Agusan del Norte, Philippines","path":"earth/countries/ph/2/163/data.json"},{"id":"ctry.ph.2.164","address":"Quezon, Agusan del Norte, Philippines","path":"earth/countries/ph/2/164/data.json"},{"id":"ctry.ph.2.165","address":"Quibal, Agusan del Norte, Philippines","path":"earth/countries/ph/2/165/data.json"},{"id":"ctry.ph.2.166","address":"Quirino, Agusan del Norte, Philippines","path":"earth/countries/ph/2/166/data.json"},{"id":"ctry.ph.2.167","address":"Ragan Norte, Agusan del Norte, Philippines","path":"earth/countries/ph/2/167/data.json"},{"id":"ctry.ph.2.168","address":"Ramon (municipal capital), Agusan del Norte, Philippines","path":"earth/countries/ph/2/168/data.json"},{"id":"ctry.ph.2.169","address":"Ramos West, Agusan del Norte, Philippines","path":"earth/countries/ph/2/169/data.json"},{"id":"ctry.ph.2.170","address":"Reina Mercedes, Agusan del Norte, Philippines","path":"earth/countries/ph/2/170/data.json"},{"id":"ctry.ph.2.171","address":"Rizal, Agusan del Norte, Philippines","path":"earth/countries/ph/2/171/data.json"},{"id":"ctry.ph.2.172","address":"Roxas, Agusan del Norte, Philippines","path":"earth/countries/ph/2/172/data.json"},{"id":"ctry.ph.2.173","address":"Sabtang, Agusan del Norte, Philippines","path":"earth/countries/ph/2/173/data.json"},{"id":"ctry.ph.2.174","address":"Saguday, Agusan del Norte, Philippines","path":"earth/countries/ph/2/174/data.json"},{"id":"ctry.ph.2.175","address":"Salinas, Agusan del Norte, Philippines","path":"earth/countries/ph/2/175/data.json"},{"id":"ctry.ph.2.176","address":"Salinungan Proper, Agusan del Norte, Philippines","path":"earth/countries/ph/2/176/data.json"},{"id":"ctry.ph.2.177","address":"San Agustin, Agusan del Norte, Philippines","path":"earth/countries/ph/2/177/data.json"},{"id":"ctry.ph.2.178","address":"San Antonio, Agusan del Norte, Philippines","path":"earth/countries/ph/2/178/data.json"},{"id":"ctry.ph.2.179","address":"San Bernardo, Agusan del Norte, Philippines","path":"earth/countries/ph/2/179/data.json"},{"id":"ctry.ph.2.180","address":"San Fernando, Agusan del Norte, Philippines","path":"earth/countries/ph/2/180/data.json"},{"id":"ctry.ph.2.181","address":"San Guillermo, Agusan del Norte, Philippines","path":"earth/countries/ph/2/181/data.json"},{"id":"ctry.ph.2.182","address":"San Isidro, Agusan del Norte, Philippines","path":"earth/countries/ph/2/182/data.json"},{"id":"ctry.ph.2.183","address":"San Jose, Agusan del Norte, Philippines","path":"earth/countries/ph/2/183/data.json"},{"id":"ctry.ph.2.184","address":"San Luis, Agusan del Norte, Philippines","path":"earth/countries/ph/2/184/data.json"},{"id":"ctry.ph.2.185","address":"San Manuel, Agusan del Norte, Philippines","path":"earth/countries/ph/2/185/data.json"},{"id":"ctry.ph.2.186","address":"San Mariano, Agusan del Norte, Philippines","path":"earth/countries/ph/2/186/data.json"},{"id":"ctry.ph.2.187","address":"San Mateo, Agusan del Norte, Philippines","path":"earth/countries/ph/2/187/data.json"},{"id":"ctry.ph.2.188","address":"San Pablo, Agusan del Norte, Philippines","path":"earth/countries/ph/2/188/data.json"},{"id":"ctry.ph.2.189","address":"San Pedro, Agusan del Norte, Philippines","path":"earth/countries/ph/2/189/data.json"},{"id":"ctry.ph.2.190","address":"San Vicente, Agusan del Norte, Philippines","path":"earth/countries/ph/2/190/data.json"},{"id":"ctry.ph.2.191","address":"Sanchez Mira, Agusan del Norte, Philippines","path":"earth/countries/ph/2/191/data.json"},{"id":"ctry.ph.2.192","address":"Sandiat Centro, Agusan del Norte, Philippines","path":"earth/countries/ph/2/192/data.json"},{"id":"ctry.ph.2.193","address":"Santa Ana, Agusan del Norte, Philippines","path":"earth/countries/ph/2/193/data.json"},{"id":"ctry.ph.2.194","address":"Santa Cruz, Agusan del Norte, Philippines","path":"earth/countries/ph/2/194/data.json"},{"id":"ctry.ph.2.195","address":"Santa Fe, Agusan del Norte, Philippines","path":"earth/countries/ph/2/195/data.json"},{"id":"ctry.ph.2.196","address":"Santa Maria, Agusan del Norte, Philippines","path":"earth/countries/ph/2/196/data.json"},{"id":"ctry.ph.2.197","address":"Santa Praxedes, Agusan del Norte, Philippines","path":"earth/countries/ph/2/197/data.json"},{"id":"ctry.ph.2.198","address":"Santa Teresita, Agusan del Norte, Philippines","path":"earth/countries/ph/2/198/data.json"},{"id":"ctry.ph.2.199","address":"Santiago, Agusan del Norte, Philippines","path":"earth/countries/ph/2/199/data.json"},{"id":"ctry.ph.2.200","address":"Santo Domingo, Agusan del Norte, Philippines","path":"earth/countries/ph/2/200/data.json"},{"id":"ctry.ph.2.201","address":"Santo Ni単o, Agusan del Norte, Philippines","path":"earth/countries/ph/2/201/data.json"},{"id":"ctry.ph.2.202","address":"Santo Tomas, Agusan del Norte, Philippines","path":"earth/countries/ph/2/202/data.json"},{"id":"ctry.ph.2.203","address":"Siempre Viva, Agusan del Norte, Philippines","path":"earth/countries/ph/2/203/data.json"},{"id":"ctry.ph.2.204","address":"Sillawit, Agusan del Norte, Philippines","path":"earth/countries/ph/2/204/data.json"},{"id":"ctry.ph.2.205","address":"Simanu Sur, Agusan del Norte, Philippines","path":"earth/countries/ph/2/205/data.json"},{"id":"ctry.ph.2.206","address":"Simimbaan, Agusan del Norte, Philippines","path":"earth/countries/ph/2/206/data.json"},{"id":"ctry.ph.2.207","address":"Sinamar, Agusan del Norte, Philippines","path":"earth/countries/ph/2/207/data.json"},{"id":"ctry.ph.2.208","address":"Sindon, Agusan del Norte, Philippines","path":"earth/countries/ph/2/208/data.json"},{"id":"ctry.ph.2.209","address":"Solana, Agusan del Norte, Philippines","path":"earth/countries/ph/2/209/data.json"},{"id":"ctry.ph.2.210","address":"Solano, Agusan del Norte, Philippines","path":"earth/countries/ph/2/210/data.json"},{"id":"ctry.ph.2.211","address":"Soyung, Agusan del Norte, Philippines","path":"earth/countries/ph/2/211/data.json"},{"id":"ctry.ph.2.212","address":"Taguing, Agusan del Norte, Philippines","path":"earth/countries/ph/2/212/data.json"},{"id":"ctry.ph.2.213","address":"Tapel, Agusan del Norte, Philippines","path":"earth/countries/ph/2/213/data.json"},{"id":"ctry.ph.2.214","address":"Tuao, Agusan del Norte, Philippines","path":"earth/countries/ph/2/214/data.json"},{"id":"ctry.ph.2.215","address":"Tuguegarao, Agusan del Norte, Philippines","path":"earth/countries/ph/2/215/data.json"},{"id":"ctry.ph.2.216","address":"Tuguegarao City, Agusan del Norte, Philippines","path":"earth/countries/ph/2/216/data.json"},{"id":"ctry.ph.2.217","address":"Tumauini, Agusan del Norte, Philippines","path":"earth/countries/ph/2/217/data.json"},{"id":"ctry.ph.2.218","address":"Tupang, Agusan del Norte, Philippines","path":"earth/countries/ph/2/218/data.json"},{"id":"ctry.ph.2.219","address":"Uddiawan, Agusan del Norte, Philippines","path":"earth/countries/ph/2/219/data.json"},{"id":"ctry.ph.2.220","address":"Ugac Sur, Agusan del Norte, Philippines","path":"earth/countries/ph/2/220/data.json"},{"id":"ctry.ph.2.221","address":"Ugad, Agusan del Norte, Philippines","path":"earth/countries/ph/2/221/data.json"},{"id":"ctry.ph.2.222","address":"Upi, Agusan del Norte, Philippines","path":"earth/countries/ph/2/222/data.json"},{"id":"ctry.ph.2.223","address":"Uyugan, Agusan del Norte, Philippines","path":"earth/countries/ph/2/223/data.json"},{"id":"ctry.ph.2.224","address":"Villaverde, Agusan del Norte, Philippines","path":"earth/countries/ph/2/224/data.json"},{"id":"ctry.ph.2.225","address":"Yeban Norte, Agusan del Norte, Philippines","path":"earth/countries/ph/2/225/data.json"}]}