{"data":[{"id":"ctry.it.101.1","type":"district","name":"Abbadia San Salvatore","path":"earth/countries/it/101/1/data.json"},{"id":"ctry.it.101.2","type":"district","name":"Abetone","path":"earth/countries/it/101/2/data.json"},{"id":"ctry.it.101.3","type":"district","name":"Acquaviva","path":"earth/countries/it/101/3/data.json"},{"id":"ctry.it.101.4","type":"district","name":"Agliana","path":"earth/countries/it/101/4/data.json"},{"id":"ctry.it.101.5","type":"district","name":"Albiano Magra","path":"earth/countries/it/101/5/data.json"},{"id":"ctry.it.101.6","type":"district","name":"Albinia","path":"earth/countries/it/101/6/data.json"},{"id":"ctry.it.101.7","type":"district","name":"Altopascio","path":"earth/countries/it/101/7/data.json"},{"id":"ctry.it.101.8","type":"district","name":"Ambra","path":"earth/countries/it/101/8/data.json"},{"id":"ctry.it.101.9","type":"district","name":"Anchione","path":"earth/countries/it/101/9/data.json"},{"id":"ctry.it.101.10","type":"district","name":"Anghiari","path":"earth/countries/it/101/10/data.json"},{"id":"ctry.it.101.11","type":"district","name":"Antella","path":"earth/countries/it/101/11/data.json"},{"id":"ctry.it.101.12","type":"district","name":"Arbia","path":"earth/countries/it/101/12/data.json"},{"id":"ctry.it.101.13","type":"district","name":"Arcidosso","path":"earth/countries/it/101/13/data.json"},{"id":"ctry.it.101.14","type":"district","name":"Arezzo","path":"earth/countries/it/101/14/data.json"},{"id":"ctry.it.101.15","type":"district","name":"Asciano","path":"earth/countries/it/101/15/data.json"},{"id":"ctry.it.101.16","type":"district","name":"Aulla","path":"earth/countries/it/101/16/data.json"},{"id":"ctry.it.101.17","type":"district","name":"Avane","path":"earth/countries/it/101/17/data.json"},{"id":"ctry.it.101.18","type":"district","name":"Badia al Pino","path":"earth/countries/it/101/18/data.json"},{"id":"ctry.it.101.19","type":"district","name":"Badia Tedalda","path":"earth/countries/it/101/19/data.json"},{"id":"ctry.it.101.20","type":"district","name":"Bagni di Lucca","path":"earth/countries/it/101/20/data.json"},{"id":"ctry.it.101.21","type":"district","name":"Bagno a Ripoli","path":"earth/countries/it/101/21/data.json"},{"id":"ctry.it.101.22","type":"district","name":"Bagno Roselle","path":"earth/countries/it/101/22/data.json"},{"id":"ctry.it.101.23","type":"district","name":"Bagnone","path":"earth/countries/it/101/23/data.json"},{"id":"ctry.it.101.24","type":"district","name":"Barba","path":"earth/countries/it/101/24/data.json"},{"id":"ctry.it.101.25","type":"district","name":"Barbarasco","path":"earth/countries/it/101/25/data.json"},{"id":"ctry.it.101.26","type":"district","name":"Barberino di Mugello","path":"earth/countries/it/101/26/data.json"},{"id":"ctry.it.101.27","type":"district","name":"Barberino Val d'Elsa","path":"earth/countries/it/101/27/data.json"},{"id":"ctry.it.101.28","type":"district","name":"Barga","path":"earth/countries/it/101/28/data.json"},{"id":"ctry.it.101.29","type":"district","name":"Battifolle-Ruscello-Poggiola","path":"earth/countries/it/101/29/data.json"},{"id":"ctry.it.101.30","type":"district","name":"Bellavista","path":"earth/countries/it/101/30/data.json"},{"id":"ctry.it.101.31","type":"district","name":"Belverde","path":"earth/countries/it/101/31/data.json"},{"id":"ctry.it.101.32","type":"district","name":"Bettolle","path":"earth/countries/it/101/32/data.json"},{"id":"ctry.it.101.33","type":"district","name":"Bibbiena","path":"earth/countries/it/101/33/data.json"},{"id":"ctry.it.101.34","type":"district","name":"Bibbona","path":"earth/countries/it/101/34/data.json"},{"id":"ctry.it.101.35","type":"district","name":"Bientina","path":"earth/countries/it/101/35/data.json"},{"id":"ctry.it.101.36","type":"district","name":"Borghetto-Melara","path":"earth/countries/it/101/36/data.json"},{"id":"ctry.it.101.37","type":"district","name":"Borgo a Buggiano","path":"earth/countries/it/101/37/data.json"},{"id":"ctry.it.101.38","type":"district","name":"Borgo a Mozzano","path":"earth/countries/it/101/38/data.json"},{"id":"ctry.it.101.39","type":"district","name":"Borgo San Lorenzo","path":"earth/countries/it/101/39/data.json"},{"id":"ctry.it.101.40","type":"district","name":"Braccagni","path":"earth/countries/it/101/40/data.json"},{"id":"ctry.it.101.41","type":"district","name":"Bucine","path":"earth/countries/it/101/41/data.json"},{"id":"ctry.it.101.42","type":"district","name":"Buonconvento","path":"earth/countries/it/101/42/data.json"},{"id":"ctry.it.101.43","type":"district","name":"Buti","path":"earth/countries/it/101/43/data.json"},{"id":"ctry.it.101.44","type":"district","name":"Calci","path":"earth/countries/it/101/44/data.json"},{"id":"ctry.it.101.45","type":"district","name":"Calcinaia","path":"earth/countries/it/101/45/data.json"},{"id":"ctry.it.101.46","type":"district","name":"Caldine","path":"earth/countries/it/101/46/data.json"},{"id":"ctry.it.101.47","type":"district","name":"Calenzano","path":"earth/countries/it/101/47/data.json"},{"id":"ctry.it.101.48","type":"district","name":"Camaiore","path":"earth/countries/it/101/48/data.json"},{"id":"ctry.it.101.49","type":"district","name":"Campagnatico","path":"earth/countries/it/101/49/data.json"},{"id":"ctry.it.101.50","type":"district","name":"Campi Bisenzio","path":"earth/countries/it/101/50/data.json"},{"id":"ctry.it.101.51","type":"district","name":"Campiglia Marittima","path":"earth/countries/it/101/51/data.json"},{"id":"ctry.it.101.52","type":"district","name":"Campo","path":"earth/countries/it/101/52/data.json"},{"id":"ctry.it.101.53","type":"district","name":"Campo nell'Elba","path":"earth/countries/it/101/53/data.json"},{"id":"ctry.it.101.54","type":"district","name":"Campo Tizzoro","path":"earth/countries/it/101/54/data.json"},{"id":"ctry.it.101.55","type":"district","name":"Camporgiano","path":"earth/countries/it/101/55/data.json"},{"id":"ctry.it.101.56","type":"district","name":"Camucia-Monsigliolo","path":"earth/countries/it/101/56/data.json"},{"id":"ctry.it.101.57","type":"district","name":"Cantagallo","path":"earth/countries/it/101/57/data.json"},{"id":"ctry.it.101.58","type":"district","name":"Cantagrillo-Casalguidi","path":"earth/countries/it/101/58/data.json"},{"id":"ctry.it.101.59","type":"district","name":"Capalbio","path":"earth/countries/it/101/59/data.json"},{"id":"ctry.it.101.60","type":"district","name":"Capanne-Prato-Cinquale","path":"earth/countries/it/101/60/data.json"},{"id":"ctry.it.101.61","type":"district","name":"Capannoli","path":"earth/countries/it/101/61/data.json"},{"id":"ctry.it.101.62","type":"district","name":"Capannori","path":"earth/countries/it/101/62/data.json"},{"id":"ctry.it.101.63","type":"district","name":"Capoliveri","path":"earth/countries/it/101/63/data.json"},{"id":"ctry.it.101.64","type":"district","name":"Capolona","path":"earth/countries/it/101/64/data.json"},{"id":"ctry.it.101.65","type":"district","name":"Capraia e Limite","path":"earth/countries/it/101/65/data.json"},{"id":"ctry.it.101.66","type":"district","name":"Capraia Isola","path":"earth/countries/it/101/66/data.json"},{"id":"ctry.it.101.67","type":"district","name":"Caprese Michelangelo","path":"earth/countries/it/101/67/data.json"},{"id":"ctry.it.101.68","type":"district","name":"Careggine","path":"earth/countries/it/101/68/data.json"},{"id":"ctry.it.101.69","type":"district","name":"Carmignano","path":"earth/countries/it/101/69/data.json"},{"id":"ctry.it.101.70","type":"district","name":"Carraia","path":"earth/countries/it/101/70/data.json"},{"id":"ctry.it.101.71","type":"district","name":"Carrara","path":"earth/countries/it/101/71/data.json"},{"id":"ctry.it.101.72","type":"district","name":"Casale Marittimo","path":"earth/countries/it/101/72/data.json"},{"id":"ctry.it.101.73","type":"district","name":"Casciana Terme","path":"earth/countries/it/101/73/data.json"},{"id":"ctry.it.101.74","type":"district","name":"Cascina","path":"earth/countries/it/101/74/data.json"},{"id":"ctry.it.101.75","type":"district","name":"Cascine-La Croce","path":"earth/countries/it/101/75/data.json"},{"id":"ctry.it.101.76","type":"district","name":"Casola in Lunigiana","path":"earth/countries/it/101/76/data.json"},{"id":"ctry.it.101.77","type":"district","name":"Casole d'Elsa","path":"earth/countries/it/101/77/data.json"},{"id":"ctry.it.101.78","type":"district","name":"Castagneto Carducci","path":"earth/countries/it/101/78/data.json"},{"id":"ctry.it.101.79","type":"district","name":"Castel del Piano","path":"earth/countries/it/101/79/data.json"},{"id":"ctry.it.101.80","type":"district","name":"Castel San Niccolò","path":"earth/countries/it/101/80/data.json"},{"id":"ctry.it.101.81","type":"district","name":"Castelfiorentino","path":"earth/countries/it/101/81/data.json"},{"id":"ctry.it.101.82","type":"district","name":"Castelfranco di Sopra","path":"earth/countries/it/101/82/data.json"},{"id":"ctry.it.101.83","type":"district","name":"Castelfranco di Sotto","path":"earth/countries/it/101/83/data.json"},{"id":"ctry.it.101.84","type":"district","name":"Castell'Azzara","path":"earth/countries/it/101/84/data.json"},{"id":"ctry.it.101.85","type":"district","name":"Castellina in Chianti","path":"earth/countries/it/101/85/data.json"},{"id":"ctry.it.101.86","type":"district","name":"Castellina Marittima","path":"earth/countries/it/101/86/data.json"},{"id":"ctry.it.101.87","type":"district","name":"Castellina Scalo","path":"earth/countries/it/101/87/data.json"},{"id":"ctry.it.101.88","type":"district","name":"Castelnuovo Berardenga","path":"earth/countries/it/101/88/data.json"},{"id":"ctry.it.101.89","type":"district","name":"Castelnuovo dei Sabbioni","path":"earth/countries/it/101/89/data.json"},{"id":"ctry.it.101.90","type":"district","name":"Castelnuovo di Garfagnana","path":"earth/countries/it/101/90/data.json"},{"id":"ctry.it.101.91","type":"district","name":"Castelnuovo di Val di Cecina","path":"earth/countries/it/101/91/data.json"},{"id":"ctry.it.101.92","type":"district","name":"Castiglion Fibocchi","path":"earth/countries/it/101/92/data.json"},{"id":"ctry.it.101.93","type":"district","name":"Castiglion Fiorentino","path":"earth/countries/it/101/93/data.json"},{"id":"ctry.it.101.94","type":"district","name":"Castiglione d'Orcia","path":"earth/countries/it/101/94/data.json"},{"id":"ctry.it.101.95","type":"district","name":"Castiglione della Pescaia","path":"earth/countries/it/101/95/data.json"},{"id":"ctry.it.101.96","type":"district","name":"Castiglione di Garfagnana","path":"earth/countries/it/101/96/data.json"},{"id":"ctry.it.101.97","type":"district","name":"Catena","path":"earth/countries/it/101/97/data.json"},{"id":"ctry.it.101.98","type":"district","name":"Cavallina","path":"earth/countries/it/101/98/data.json"},{"id":"ctry.it.101.99","type":"district","name":"Cavriglia-Monastero","path":"earth/countries/it/101/99/data.json"},{"id":"ctry.it.101.100","type":"district","name":"Cecina","path":"earth/countries/it/101/100/data.json"},{"id":"ctry.it.101.101","type":"district","name":"Cenaia","path":"earth/countries/it/101/101/data.json"},{"id":"ctry.it.101.102","type":"district","name":"Cerbaia","path":"earth/countries/it/101/102/data.json"},{"id":"ctry.it.101.103","type":"district","name":"Cerreto Guidi","path":"earth/countries/it/101/103/data.json"},{"id":"ctry.it.101.104","type":"district","name":"Certaldo","path":"earth/countries/it/101/104/data.json"},{"id":"ctry.it.101.105","type":"district","name":"Cesa","path":"earth/countries/it/101/105/data.json"},{"id":"ctry.it.101.106","type":"district","name":"Cetona","path":"earth/countries/it/101/106/data.json"},{"id":"ctry.it.101.107","type":"district","name":"Chianciano Terme","path":"earth/countries/it/101/107/data.json"},{"id":"ctry.it.101.108","type":"district","name":"Chianni","path":"earth/countries/it/101/108/data.json"},{"id":"ctry.it.101.109","type":"district","name":"Chiassa-Tregozzano","path":"earth/countries/it/101/109/data.json"},{"id":"ctry.it.101.110","type":"district","name":"Chiesina Uzzanese","path":"earth/countries/it/101/110/data.json"},{"id":"ctry.it.101.111","type":"district","name":"Chiesino-Collodi","path":"earth/countries/it/101/111/data.json"},{"id":"ctry.it.101.112","type":"district","name":"Chitignano","path":"earth/countries/it/101/112/data.json"},{"id":"ctry.it.101.113","type":"district","name":"Chiusdino","path":"earth/countries/it/101/113/data.json"},{"id":"ctry.it.101.114","type":"district","name":"Chiusi","path":"earth/countries/it/101/114/data.json"},{"id":"ctry.it.101.115","type":"district","name":"Chiusi della Verna","path":"earth/countries/it/101/115/data.json"},{"id":"ctry.it.101.116","type":"district","name":"Chiusi Scalo","path":"earth/countries/it/101/116/data.json"},{"id":"ctry.it.101.117","type":"district","name":"Cinigiano","path":"earth/countries/it/101/117/data.json"},{"id":"ctry.it.101.118","type":"district","name":"Cintolese","path":"earth/countries/it/101/118/data.json"},{"id":"ctry.it.101.119","type":"district","name":"Civitella in Val di Chiana","path":"earth/countries/it/101/119/data.json"},{"id":"ctry.it.101.120","type":"district","name":"Civitella Marittima","path":"earth/countries/it/101/120/data.json"},{"id":"ctry.it.101.121","type":"district","name":"Colle di Val d'Elsa","path":"earth/countries/it/101/121/data.json"},{"id":"ctry.it.101.122","type":"district","name":"Collesalvetti","path":"earth/countries/it/101/122/data.json"},{"id":"ctry.it.101.123","type":"district","name":"Comano","path":"earth/countries/it/101/123/data.json"},{"id":"ctry.it.101.124","type":"district","name":"Comeana","path":"earth/countries/it/101/124/data.json"},{"id":"ctry.it.101.125","type":"district","name":"Compiobbi","path":"earth/countries/it/101/125/data.json"},{"id":"ctry.it.101.126","type":"district","name":"Coreglia Antelminelli","path":"earth/countries/it/101/126/data.json"},{"id":"ctry.it.101.127","type":"district","name":"Corsanico-Bargecchia","path":"earth/countries/it/101/127/data.json"},{"id":"ctry.it.101.128","type":"district","name":"Cortona","path":"earth/countries/it/101/128/data.json"},{"id":"ctry.it.101.129","type":"district","name":"Crespina","path":"earth/countries/it/101/129/data.json"},{"id":"ctry.it.101.130","type":"district","name":"Cutigliano","path":"earth/countries/it/101/130/data.json"},{"id":"ctry.it.101.131","type":"district","name":"Dicomano","path":"earth/countries/it/101/131/data.json"},{"id":"ctry.it.101.132","type":"district","name":"Donoratico","path":"earth/countries/it/101/132/data.json"},{"id":"ctry.it.101.133","type":"district","name":"Empoli","path":"earth/countries/it/101/133/data.json"},{"id":"ctry.it.101.134","type":"district","name":"Fabbriche di Vallico","path":"earth/countries/it/101/134/data.json"},{"id":"ctry.it.101.135","type":"district","name":"Faella","path":"earth/countries/it/101/135/data.json"},{"id":"ctry.it.101.136","type":"district","name":"Fauglia","path":"earth/countries/it/101/136/data.json"},{"id":"ctry.it.101.137","type":"district","name":"Fiesole","path":"earth/countries/it/101/137/data.json"},{"id":"ctry.it.101.138","type":"district","name":"Figline Valdarno","path":"earth/countries/it/101/138/data.json"},{"id":"ctry.it.101.139","type":"district","name":"Filattiera","path":"earth/countries/it/101/139/data.json"},{"id":"ctry.it.101.140","type":"district","name":"Filettole","path":"earth/countries/it/101/140/data.json"},{"id":"ctry.it.101.141","type":"district","name":"Firenzuola","path":"earth/countries/it/101/141/data.json"},{"id":"ctry.it.101.142","type":"district","name":"Fivizzano","path":"earth/countries/it/101/142/data.json"},{"id":"ctry.it.101.143","type":"district","name":"Florence","path":"earth/countries/it/101/143/data.json"},{"id":"ctry.it.101.144","type":"district","name":"Foiano della Chiana","path":"earth/countries/it/101/144/data.json"},{"id":"ctry.it.101.145","type":"district","name":"Follonica","path":"earth/countries/it/101/145/data.json"},{"id":"ctry.it.101.146","type":"district","name":"Fontana delle Monache","path":"earth/countries/it/101/146/data.json"},{"id":"ctry.it.101.147","type":"district","name":"Fonteblanda","path":"earth/countries/it/101/147/data.json"},{"id":"ctry.it.101.148","type":"district","name":"Forcoli","path":"earth/countries/it/101/148/data.json"},{"id":"ctry.it.101.149","type":"district","name":"Fornacelle","path":"earth/countries/it/101/149/data.json"},{"id":"ctry.it.101.150","type":"district","name":"Fornacette","path":"earth/countries/it/101/150/data.json"},{"id":"ctry.it.101.151","type":"district","name":"Fornaci di Barga","path":"earth/countries/it/101/151/data.json"},{"id":"ctry.it.101.152","type":"district","name":"Forte dei Marmi","path":"earth/countries/it/101/152/data.json"},{"id":"ctry.it.101.153","type":"district","name":"Fosciandora","path":"earth/countries/it/101/153/data.json"},{"id":"ctry.it.101.154","type":"district","name":"Fosdinovo","path":"earth/countries/it/101/154/data.json"},{"id":"ctry.it.101.155","type":"district","name":"Fucecchio","path":"earth/countries/it/101/155/data.json"},{"id":"ctry.it.101.156","type":"district","name":"Gabella","path":"earth/countries/it/101/156/data.json"},{"id":"ctry.it.101.157","type":"district","name":"Gaiole in Chianti","path":"earth/countries/it/101/157/data.json"},{"id":"ctry.it.101.158","type":"district","name":"Galliano","path":"earth/countries/it/101/158/data.json"},{"id":"ctry.it.101.159","type":"district","name":"Gallicano","path":"earth/countries/it/101/159/data.json"},{"id":"ctry.it.101.160","type":"district","name":"Gambassi Terme","path":"earth/countries/it/101/160/data.json"},{"id":"ctry.it.101.161","type":"district","name":"Gavorrano","path":"earth/countries/it/101/161/data.json"},{"id":"ctry.it.101.162","type":"district","name":"Gello","path":"earth/countries/it/101/162/data.json"},{"id":"ctry.it.101.163","type":"district","name":"Giglio Castello","path":"earth/countries/it/101/163/data.json"},{"id":"ctry.it.101.164","type":"district","name":"Ginestra Fiorentina","path":"earth/countries/it/101/164/data.json"},{"id":"ctry.it.101.165","type":"district","name":"Giovi-Ponte alla Chiassa","path":"earth/countries/it/101/165/data.json"},{"id":"ctry.it.101.166","type":"district","name":"Giuncugnano","path":"earth/countries/it/101/166/data.json"},{"id":"ctry.it.101.167","type":"district","name":"Grassina Ponte a Ema","path":"earth/countries/it/101/167/data.json"},{"id":"ctry.it.101.168","type":"district","name":"Greve in Chianti","path":"earth/countries/it/101/168/data.json"},{"id":"ctry.it.101.169","type":"district","name":"Grosseto","path":"earth/countries/it/101/169/data.json"},{"id":"ctry.it.101.170","type":"district","name":"Guardistallo","path":"earth/countries/it/101/170/data.json"},{"id":"ctry.it.101.171","type":"district","name":"Guasticce","path":"earth/countries/it/101/171/data.json"},{"id":"ctry.it.101.172","type":"district","name":"Guazzino","path":"earth/countries/it/101/172/data.json"},{"id":"ctry.it.101.173","type":"district","name":"Il Romito","path":"earth/countries/it/101/173/data.json"},{"id":"ctry.it.101.174","type":"district","name":"Impruneta","path":"earth/countries/it/101/174/data.json"},{"id":"ctry.it.101.175","type":"district","name":"Incisa in Val d'Arno","path":"earth/countries/it/101/175/data.json"},{"id":"ctry.it.101.176","type":"district","name":"Isola D'Arbia","path":"earth/countries/it/101/176/data.json"},{"id":"ctry.it.101.177","type":"district","name":"Isola del Giglio","path":"earth/countries/it/101/177/data.json"},{"id":"ctry.it.101.178","type":"district","name":"Istia D'Ombrone-Le Stiacciole","path":"earth/countries/it/101/178/data.json"},{"id":"ctry.it.101.179","type":"district","name":"La California","path":"earth/countries/it/101/179/data.json"},{"id":"ctry.it.101.180","type":"district","name":"La Pieve-Molino","path":"earth/countries/it/101/180/data.json"},{"id":"ctry.it.101.181","type":"district","name":"La Rotta","path":"earth/countries/it/101/181/data.json"},{"id":"ctry.it.101.182","type":"district","name":"Lajatico","path":"earth/countries/it/101/182/data.json"},{"id":"ctry.it.101.183","type":"district","name":"Lamporecchio","path":"earth/countries/it/101/183/data.json"},{"id":"ctry.it.101.184","type":"district","name":"Larciano","path":"earth/countries/it/101/184/data.json"},{"id":"ctry.it.101.185","type":"district","name":"Lari","path":"earth/countries/it/101/185/data.json"},{"id":"ctry.it.101.186","type":"district","name":"Lastra a Signa","path":"earth/countries/it/101/186/data.json"},{"id":"ctry.it.101.187","type":"district","name":"Laterina","path":"earth/countries/it/101/187/data.json"},{"id":"ctry.it.101.188","type":"district","name":"Lazzeretto","path":"earth/countries/it/101/188/data.json"},{"id":"ctry.it.101.189","type":"district","name":"Le Casine-Perignano-Spinelli","path":"earth/countries/it/101/189/data.json"},{"id":"ctry.it.101.190","type":"district","name":"Licciana Nardi","path":"earth/countries/it/101/190/data.json"},{"id":"ctry.it.101.191","type":"district","name":"Limite","path":"earth/countries/it/101/191/data.json"},{"id":"ctry.it.101.192","type":"district","name":"Livorno","path":"earth/countries/it/101/192/data.json"},{"id":"ctry.it.101.193","type":"district","name":"Londa","path":"earth/countries/it/101/193/data.json"},{"id":"ctry.it.101.194","type":"district","name":"Lorenzana","path":"earth/countries/it/101/194/data.json"},{"id":"ctry.it.101.195","type":"district","name":"Loro Ciuffenna","path":"earth/countries/it/101/195/data.json"},{"id":"ctry.it.101.196","type":"district","name":"Lucca","path":"earth/countries/it/101/196/data.json"},{"id":"ctry.it.101.197","type":"district","name":"Lucignano","path":"earth/countries/it/101/197/data.json"},{"id":"ctry.it.101.198","type":"district","name":"Luco Mugello","path":"earth/countries/it/101/198/data.json"},{"id":"ctry.it.101.199","type":"district","name":"Madonna dell'Acqua","path":"earth/countries/it/101/199/data.json"},{"id":"ctry.it.101.200","type":"district","name":"Magliano in Toscana","path":"earth/countries/it/101/200/data.json"},{"id":"ctry.it.101.201","type":"district","name":"Malmantile","path":"earth/countries/it/101/201/data.json"},{"id":"ctry.it.101.202","type":"district","name":"Manciano","path":"earth/countries/it/101/202/data.json"},{"id":"ctry.it.101.203","type":"district","name":"Mantignano-Ugnano","path":"earth/countries/it/101/203/data.json"},{"id":"ctry.it.101.204","type":"district","name":"Marciana","path":"earth/countries/it/101/204/data.json"},{"id":"ctry.it.101.205","type":"district","name":"Marciana Marina","path":"earth/countries/it/101/205/data.json"},{"id":"ctry.it.101.206","type":"district","name":"Marciano","path":"earth/countries/it/101/206/data.json"},{"id":"ctry.it.101.207","type":"district","name":"Marciano della Chiana","path":"earth/countries/it/101/207/data.json"},{"id":"ctry.it.101.208","type":"district","name":"Marcignana","path":"earth/countries/it/101/208/data.json"},{"id":"ctry.it.101.209","type":"district","name":"Margine Coperta-Traversagna","path":"earth/countries/it/101/209/data.json"},{"id":"ctry.it.101.210","type":"district","name":"Marina di Campo","path":"earth/countries/it/101/210/data.json"},{"id":"ctry.it.101.211","type":"district","name":"Marina di Carrara","path":"earth/countries/it/101/211/data.json"},{"id":"ctry.it.101.212","type":"district","name":"Marina di Grosseto","path":"earth/countries/it/101/212/data.json"},{"id":"ctry.it.101.213","type":"district","name":"Marina di Massa","path":"earth/countries/it/101/213/data.json"},{"id":"ctry.it.101.214","type":"district","name":"Marina di Pisa","path":"earth/countries/it/101/214/data.json"},{"id":"ctry.it.101.215","type":"district","name":"Marina di Pisa-Tirrenia-Calambrone","path":"earth/countries/it/101/215/data.json"},{"id":"ctry.it.101.216","type":"district","name":"Marliana","path":"earth/countries/it/101/216/data.json"},{"id":"ctry.it.101.217","type":"district","name":"Marradi","path":"earth/countries/it/101/217/data.json"},{"id":"ctry.it.101.218","type":"district","name":"Marti","path":"earth/countries/it/101/218/data.json"},{"id":"ctry.it.101.219","type":"district","name":"Massa","path":"earth/countries/it/101/219/data.json"},{"id":"ctry.it.101.220","type":"district","name":"Massa Marittima","path":"earth/countries/it/101/220/data.json"},{"id":"ctry.it.101.221","type":"district","name":"Massarosa","path":"earth/countries/it/101/221/data.json"},{"id":"ctry.it.101.222","type":"district","name":"Mercatale","path":"earth/countries/it/101/222/data.json"},{"id":"ctry.it.101.223","type":"district","name":"Mercatale-San Quirico","path":"earth/countries/it/101/223/data.json"},{"id":"ctry.it.101.224","type":"district","name":"Metato","path":"earth/countries/it/101/224/data.json"},{"id":"ctry.it.101.225","type":"district","name":"Migliarino","path":"earth/countries/it/101/225/data.json"},{"id":"ctry.it.101.226","type":"district","name":"Minucciano","path":"earth/countries/it/101/226/data.json"},{"id":"ctry.it.101.227","type":"district","name":"Molazzana","path":"earth/countries/it/101/227/data.json"},{"id":"ctry.it.101.228","type":"district","name":"Molino del Piano","path":"earth/countries/it/101/228/data.json"},{"id":"ctry.it.101.229","type":"district","name":"Monsummano Terme","path":"earth/countries/it/101/229/data.json"},{"id":"ctry.it.101.230","type":"district","name":"Montaione","path":"earth/countries/it/101/230/data.json"},{"id":"ctry.it.101.231","type":"district","name":"Montalcino","path":"earth/countries/it/101/231/data.json"},{"id":"ctry.it.101.232","type":"district","name":"Montale","path":"earth/countries/it/101/232/data.json"},{"id":"ctry.it.101.233","type":"district","name":"Montalto","path":"earth/countries/it/101/233/data.json"},{"id":"ctry.it.101.234","type":"district","name":"Monte Argentario","path":"earth/countries/it/101/234/data.json"},{"id":"ctry.it.101.235","type":"district","name":"Monte San Savino","path":"earth/countries/it/101/235/data.json"},{"id":"ctry.it.101.236","type":"district","name":"Montebonello","path":"earth/countries/it/101/236/data.json"},{"id":"ctry.it.101.237","type":"district","name":"Montecalvoli","path":"earth/countries/it/101/237/data.json"},{"id":"ctry.it.101.238","type":"district","name":"Montecarlo","path":"earth/countries/it/101/238/data.json"},{"id":"ctry.it.101.239","type":"district","name":"Montecatini Val di Cecina","path":"earth/countries/it/101/239/data.json"},{"id":"ctry.it.101.240","type":"district","name":"Montecatini-Terme","path":"earth/countries/it/101/240/data.json"},{"id":"ctry.it.101.241","type":"district","name":"Montelupo Fiorentino","path":"earth/countries/it/101/241/data.json"},{"id":"ctry.it.101.242","type":"district","name":"Montemignaio","path":"earth/countries/it/101/242/data.json"},{"id":"ctry.it.101.243","type":"district","name":"Montemurlo","path":"earth/countries/it/101/243/data.json"},{"id":"ctry.it.101.244","type":"district","name":"Montepulciano","path":"earth/countries/it/101/244/data.json"},{"id":"ctry.it.101.245","type":"district","name":"Montepulciano Stazione","path":"earth/countries/it/101/245/data.json"},{"id":"ctry.it.101.246","type":"district","name":"Monterchi","path":"earth/countries/it/101/246/data.json"},{"id":"ctry.it.101.247","type":"district","name":"Monteriggioni","path":"earth/countries/it/101/247/data.json"},{"id":"ctry.it.101.248","type":"district","name":"Monteroni d'Arbia","path":"earth/countries/it/101/248/data.json"},{"id":"ctry.it.101.249","type":"district","name":"Monterotondo Marittimo","path":"earth/countries/it/101/249/data.json"},{"id":"ctry.it.101.250","type":"district","name":"Montescudaio","path":"earth/countries/it/101/250/data.json"},{"id":"ctry.it.101.251","type":"district","name":"Montespertoli","path":"earth/countries/it/101/251/data.json"},{"id":"ctry.it.101.252","type":"district","name":"Montevarchi","path":"earth/countries/it/101/252/data.json"},{"id":"ctry.it.101.253","type":"district","name":"Monteverdi Marittimo","path":"earth/countries/it/101/253/data.json"},{"id":"ctry.it.101.254","type":"district","name":"Monti","path":"earth/countries/it/101/254/data.json"},{"id":"ctry.it.101.255","type":"district","name":"Monticiano","path":"earth/countries/it/101/255/data.json"},{"id":"ctry.it.101.256","type":"district","name":"Montieri","path":"earth/countries/it/101/256/data.json"},{"id":"ctry.it.101.257","type":"district","name":"Montignoso","path":"earth/countries/it/101/257/data.json"},{"id":"ctry.it.101.258","type":"district","name":"Montopoli","path":"earth/countries/it/101/258/data.json"},{"id":"ctry.it.101.259","type":"district","name":"Mulazzo","path":"earth/countries/it/101/259/data.json"},{"id":"ctry.it.101.260","type":"district","name":"Murlo","path":"earth/countries/it/101/260/data.json"},{"id":"ctry.it.101.261","type":"district","name":"Orbetello","path":"earth/countries/it/101/261/data.json"},{"id":"ctry.it.101.262","type":"district","name":"Orbetello Scalo","path":"earth/countries/it/101/262/data.json"},{"id":"ctry.it.101.263","type":"district","name":"Orciano Pisano","path":"earth/countries/it/101/263/data.json"},{"id":"ctry.it.101.264","type":"district","name":"Orentano","path":"earth/countries/it/101/264/data.json"},{"id":"ctry.it.101.265","type":"district","name":"Ortignano Raggiolo","path":"earth/countries/it/101/265/data.json"},{"id":"ctry.it.101.266","type":"district","name":"Orzignano","path":"earth/countries/it/101/266/data.json"},{"id":"ctry.it.101.267","type":"district","name":"Palaia","path":"earth/countries/it/101/267/data.json"},{"id":"ctry.it.101.268","type":"district","name":"Palazzuolo sul Senio","path":"earth/countries/it/101/268/data.json"},{"id":"ctry.it.101.269","type":"district","name":"Pallerone","path":"earth/countries/it/101/269/data.json"},{"id":"ctry.it.101.270","type":"district","name":"Panzano in Chianti","path":"earth/countries/it/101/270/data.json"},{"id":"ctry.it.101.271","type":"district","name":"Patigno","path":"earth/countries/it/101/271/data.json"},{"id":"ctry.it.101.272","type":"district","name":"Peccioli","path":"earth/countries/it/101/272/data.json"},{"id":"ctry.it.101.273","type":"district","name":"Pelago","path":"earth/countries/it/101/273/data.json"},{"id":"ctry.it.101.274","type":"district","name":"Pergine Valdarno","path":"earth/countries/it/101/274/data.json"},{"id":"ctry.it.101.275","type":"district","name":"Pescaglia","path":"earth/countries/it/101/275/data.json"},{"id":"ctry.it.101.276","type":"district","name":"Pescia","path":"earth/countries/it/101/276/data.json"},{"id":"ctry.it.101.277","type":"district","name":"Pian di Mugnone","path":"earth/countries/it/101/277/data.json"},{"id":"ctry.it.101.278","type":"district","name":"Pian di Scò","path":"earth/countries/it/101/278/data.json"},{"id":"ctry.it.101.279","type":"district","name":"Piancastagnaio","path":"earth/countries/it/101/279/data.json"},{"id":"ctry.it.101.280","type":"district","name":"Piano di Conca","path":"earth/countries/it/101/280/data.json"},{"id":"ctry.it.101.281","type":"district","name":"Piano di Coreglia-Ghivizzano","path":"earth/countries/it/101/281/data.json"},{"id":"ctry.it.101.282","type":"district","name":"Piano di Mommio","path":"earth/countries/it/101/282/data.json"},{"id":"ctry.it.101.283","type":"district","name":"Piazza al Serchio-San Michele","path":"earth/countries/it/101/283/data.json"},{"id":"ctry.it.101.284","type":"district","name":"Pienza","path":"earth/countries/it/101/284/data.json"},{"id":"ctry.it.101.285","type":"district","name":"Pietrasanta","path":"earth/countries/it/101/285/data.json"},{"id":"ctry.it.101.286","type":"district","name":"Pieve a Nievole","path":"earth/countries/it/101/286/data.json"},{"id":"ctry.it.101.287","type":"district","name":"Pieve al Toppo","path":"earth/countries/it/101/287/data.json"},{"id":"ctry.it.101.288","type":"district","name":"Pieve Fosciana","path":"earth/countries/it/101/288/data.json"},{"id":"ctry.it.101.289","type":"district","name":"Pieve Santo Stefano","path":"earth/countries/it/101/289/data.json"},{"id":"ctry.it.101.290","type":"district","name":"Piombino","path":"earth/countries/it/101/290/data.json"},{"id":"ctry.it.101.291","type":"district","name":"Pisa","path":"earth/countries/it/101/291/data.json"},{"id":"ctry.it.101.292","type":"district","name":"Pistoia","path":"earth/countries/it/101/292/data.json"},{"id":"ctry.it.101.293","type":"district","name":"Piteglio","path":"earth/countries/it/101/293/data.json"},{"id":"ctry.it.101.294","type":"district","name":"Pitigliano","path":"earth/countries/it/101/294/data.json"},{"id":"ctry.it.101.295","type":"district","name":"Podenzana","path":"earth/countries/it/101/295/data.json"},{"id":"ctry.it.101.296","type":"district","name":"Poggetto","path":"earth/countries/it/101/296/data.json"},{"id":"ctry.it.101.297","type":"district","name":"Poggibonsi","path":"earth/countries/it/101/297/data.json"},{"id":"ctry.it.101.298","type":"district","name":"Poggio A Caiano","path":"earth/countries/it/101/298/data.json"},{"id":"ctry.it.101.299","type":"district","name":"Pomarance","path":"earth/countries/it/101/299/data.json"},{"id":"ctry.it.101.300","type":"district","name":"Ponsacco","path":"earth/countries/it/101/300/data.json"},{"id":"ctry.it.101.301","type":"district","name":"Pontasserchio","path":"earth/countries/it/101/301/data.json"},{"id":"ctry.it.101.302","type":"district","name":"Pontassieve","path":"earth/countries/it/101/302/data.json"},{"id":"ctry.it.101.303","type":"district","name":"Ponte A Elsa","path":"earth/countries/it/101/303/data.json"},{"id":"ctry.it.101.304","type":"district","name":"Ponte a Poppi","path":"earth/countries/it/101/304/data.json"},{"id":"ctry.it.101.305","type":"district","name":"Ponte A Tressa","path":"earth/countries/it/101/305/data.json"},{"id":"ctry.it.101.306","type":"district","name":"Ponte Buggianese","path":"earth/countries/it/101/306/data.json"},{"id":"ctry.it.101.307","type":"district","name":"Pontedera","path":"earth/countries/it/101/307/data.json"},{"id":"ctry.it.101.308","type":"district","name":"Pontestazzemese","path":"earth/countries/it/101/308/data.json"},{"id":"ctry.it.101.309","type":"district","name":"Ponticino","path":"earth/countries/it/101/309/data.json"},{"id":"ctry.it.101.310","type":"district","name":"Pontremoli","path":"earth/countries/it/101/310/data.json"},{"id":"ctry.it.101.311","type":"district","name":"Poppi","path":"earth/countries/it/101/311/data.json"},{"id":"ctry.it.101.312","type":"district","name":"Porcari","path":"earth/countries/it/101/312/data.json"},{"id":"ctry.it.101.313","type":"district","name":"Porto Azzurro","path":"earth/countries/it/101/313/data.json"},{"id":"ctry.it.101.314","type":"district","name":"Porto Ercole","path":"earth/countries/it/101/314/data.json"},{"id":"ctry.it.101.315","type":"district","name":"Porto Santo Stefano","path":"earth/countries/it/101/315/data.json"},{"id":"ctry.it.101.316","type":"district","name":"Portoferraio","path":"earth/countries/it/101/316/data.json"},{"id":"ctry.it.101.317","type":"district","name":"Pozzale-Case Nuove","path":"earth/countries/it/101/317/data.json"},{"id":"ctry.it.101.318","type":"district","name":"Pratantico-Indicatore","path":"earth/countries/it/101/318/data.json"},{"id":"ctry.it.101.319","type":"district","name":"Prato","path":"earth/countries/it/101/319/data.json"},{"id":"ctry.it.101.320","type":"district","name":"Pratovecchio","path":"earth/countries/it/101/320/data.json"},{"id":"ctry.it.101.321","type":"district","name":"Province of Arezzo","path":"earth/countries/it/101/321/data.json"},{"id":"ctry.it.101.322","type":"district","name":"Province of Florence","path":"earth/countries/it/101/322/data.json"},{"id":"ctry.it.101.323","type":"district","name":"Province of Pisa","path":"earth/countries/it/101/323/data.json"},{"id":"ctry.it.101.324","type":"district","name":"Provincia di Grosseto","path":"earth/countries/it/101/324/data.json"},{"id":"ctry.it.101.325","type":"district","name":"Provincia di Livorno","path":"earth/countries/it/101/325/data.json"},{"id":"ctry.it.101.326","type":"district","name":"Provincia di Lucca","path":"earth/countries/it/101/326/data.json"},{"id":"ctry.it.101.327","type":"district","name":"Provincia di Massa-Carrara","path":"earth/countries/it/101/327/data.json"},{"id":"ctry.it.101.328","type":"district","name":"Provincia di Pistoia","path":"earth/countries/it/101/328/data.json"},{"id":"ctry.it.101.329","type":"district","name":"Provincia di Prato","path":"earth/countries/it/101/329/data.json"},{"id":"ctry.it.101.330","type":"district","name":"Provincia di Siena","path":"earth/countries/it/101/330/data.json"},{"id":"ctry.it.101.331","type":"district","name":"Quarata","path":"earth/countries/it/101/331/data.json"},{"id":"ctry.it.101.332","type":"district","name":"Quarrata","path":"earth/countries/it/101/332/data.json"},{"id":"ctry.it.101.333","type":"district","name":"Quattro Strade","path":"earth/countries/it/101/333/data.json"},{"id":"ctry.it.101.334","type":"district","name":"Quercianella","path":"earth/countries/it/101/334/data.json"},{"id":"ctry.it.101.335","type":"district","name":"Radda in Chianti","path":"earth/countries/it/101/335/data.json"},{"id":"ctry.it.101.336","type":"district","name":"Radicofani","path":"earth/countries/it/101/336/data.json"},{"id":"ctry.it.101.337","type":"district","name":"Radicondoli","path":"earth/countries/it/101/337/data.json"},{"id":"ctry.it.101.338","type":"district","name":"Rapolano Terme","path":"earth/countries/it/101/338/data.json"},{"id":"ctry.it.101.339","type":"district","name":"Rassina","path":"earth/countries/it/101/339/data.json"},{"id":"ctry.it.101.340","type":"district","name":"Reggello","path":"earth/countries/it/101/340/data.json"},{"id":"ctry.it.101.341","type":"district","name":"Ribolla","path":"earth/countries/it/101/341/data.json"},{"id":"ctry.it.101.342","type":"district","name":"Rignano sull'Arno","path":"earth/countries/it/101/342/data.json"},{"id":"ctry.it.101.343","type":"district","name":"Rio Marina","path":"earth/countries/it/101/343/data.json"},{"id":"ctry.it.101.344","type":"district","name":"Rio nell'Elba","path":"earth/countries/it/101/344/data.json"},{"id":"ctry.it.101.345","type":"district","name":"Ripa-Pozzi-Querceta-Ponterosso","path":"earth/countries/it/101/345/data.json"},{"id":"ctry.it.101.346","type":"district","name":"Riparbella","path":"earth/countries/it/101/346/data.json"},{"id":"ctry.it.101.347","type":"district","name":"Roccalbegna","path":"earth/countries/it/101/347/data.json"},{"id":"ctry.it.101.348","type":"district","name":"Roccastrada","path":"earth/countries/it/101/348/data.json"},{"id":"ctry.it.101.349","type":"district","name":"Ronta","path":"earth/countries/it/101/349/data.json"},{"id":"ctry.it.101.350","type":"district","name":"Rosia","path":"earth/countries/it/101/350/data.json"},{"id":"ctry.it.101.351","type":"district","name":"Rosignano Marittimo","path":"earth/countries/it/101/351/data.json"},{"id":"ctry.it.101.352","type":"district","name":"Rosignano Solvay-Castiglioncello","path":"earth/countries/it/101/352/data.json"},{"id":"ctry.it.101.353","type":"district","name":"Rufina","path":"earth/countries/it/101/353/data.json"},{"id":"ctry.it.101.354","type":"district","name":"S.P. in Palazzi","path":"earth/countries/it/101/354/data.json"},{"id":"ctry.it.101.355","type":"district","name":"Saline","path":"earth/countries/it/101/355/data.json"},{"id":"ctry.it.101.356","type":"district","name":"Sambuca","path":"earth/countries/it/101/356/data.json"},{"id":"ctry.it.101.357","type":"district","name":"Sambuca Pistoiese","path":"earth/countries/it/101/357/data.json"},{"id":"ctry.it.101.358","type":"district","name":"San Casciano dei Bagni","path":"earth/countries/it/101/358/data.json"},{"id":"ctry.it.101.359","type":"district","name":"San Casciano in Val di Pesa","path":"earth/countries/it/101/359/data.json"},{"id":"ctry.it.101.360","type":"district","name":"San Cipriano-S.Barbara-Centinale","path":"earth/countries/it/101/360/data.json"},{"id":"ctry.it.101.361","type":"district","name":"San Donato","path":"earth/countries/it/101/361/data.json"},{"id":"ctry.it.101.362","type":"district","name":"San Donnino","path":"earth/countries/it/101/362/data.json"},{"id":"ctry.it.101.363","type":"district","name":"San Francesco","path":"earth/countries/it/101/363/data.json"},{"id":"ctry.it.101.364","type":"district","name":"San Gimignano","path":"earth/countries/it/101/364/data.json"},{"id":"ctry.it.101.365","type":"district","name":"San Giovanni d'Asso","path":"earth/countries/it/101/365/data.json"},{"id":"ctry.it.101.366","type":"district","name":"San Giovanni Valdarno","path":"earth/countries/it/101/366/data.json"},{"id":"ctry.it.101.367","type":"district","name":"San Giuliano Terme","path":"earth/countries/it/101/367/data.json"},{"id":"ctry.it.101.368","type":"district","name":"San Giustino Valdarno","path":"earth/countries/it/101/368/data.json"},{"id":"ctry.it.101.369","type":"district","name":"San Godenzo","path":"earth/countries/it/101/369/data.json"},{"id":"ctry.it.101.370","type":"district","name":"San Jacopo al Girone","path":"earth/countries/it/101/370/data.json"},{"id":"ctry.it.101.371","type":"district","name":"San Marcello Pistoiese","path":"earth/countries/it/101/371/data.json"},{"id":"ctry.it.101.372","type":"district","name":"San Martino in Freddana-Monsagrati","path":"earth/countries/it/101/372/data.json"},{"id":"ctry.it.101.373","type":"district","name":"San Mauro","path":"earth/countries/it/101/373/data.json"},{"id":"ctry.it.101.374","type":"district","name":"San Miniato","path":"earth/countries/it/101/374/data.json"},{"id":"ctry.it.101.375","type":"district","name":"San Miniato Basso","path":"earth/countries/it/101/375/data.json"},{"id":"ctry.it.101.376","type":"district","name":"San Pierino","path":"earth/countries/it/101/376/data.json"},{"id":"ctry.it.101.377","type":"district","name":"San Piero a Sieve","path":"earth/countries/it/101/377/data.json"},{"id":"ctry.it.101.378","type":"district","name":"San Pietro Belvedere","path":"earth/countries/it/101/378/data.json"},{"id":"ctry.it.101.379","type":"district","name":"San Quirico d'Orcia","path":"earth/countries/it/101/379/data.json"},{"id":"ctry.it.101.380","type":"district","name":"San Rocco","path":"earth/countries/it/101/380/data.json"},{"id":"ctry.it.101.381","type":"district","name":"San Romano","path":"earth/countries/it/101/381/data.json"},{"id":"ctry.it.101.382","type":"district","name":"San Romano in Garfagnana","path":"earth/countries/it/101/382/data.json"},{"id":"ctry.it.101.383","type":"district","name":"San Vincenzo","path":"earth/countries/it/101/383/data.json"},{"id":"ctry.it.101.384","type":"district","name":"San Vito-Cerreto","path":"earth/countries/it/101/384/data.json"},{"id":"ctry.it.101.385","type":"district","name":"Sansepolcro","path":"earth/countries/it/101/385/data.json"},{"id":"ctry.it.101.386","type":"district","name":"Sant'Albino","path":"earth/countries/it/101/386/data.json"},{"id":"ctry.it.101.387","type":"district","name":"Santa Croce sull'Arno","path":"earth/countries/it/101/387/data.json"},{"id":"ctry.it.101.388","type":"district","name":"Santa Fiora","path":"earth/countries/it/101/388/data.json"},{"id":"ctry.it.101.389","type":"district","name":"Santa Luce","path":"earth/countries/it/101/389/data.json"},{"id":"ctry.it.101.390","type":"district","name":"Santa Lucia","path":"earth/countries/it/101/390/data.json"},{"id":"ctry.it.101.391","type":"district","name":"Santa Maria a Monte","path":"earth/countries/it/101/391/data.json"},{"id":"ctry.it.101.392","type":"district","name":"Sarteano","path":"earth/countries/it/101/392/data.json"},{"id":"ctry.it.101.393","type":"district","name":"Sassetta","path":"earth/countries/it/101/393/data.json"},{"id":"ctry.it.101.394","type":"district","name":"Scandicci","path":"earth/countries/it/101/394/data.json"},{"id":"ctry.it.101.395","type":"district","name":"Scansano","path":"earth/countries/it/101/395/data.json"},{"id":"ctry.it.101.396","type":"district","name":"Scarlino","path":"earth/countries/it/101/396/data.json"},{"id":"ctry.it.101.397","type":"district","name":"Scarlino Scalo","path":"earth/countries/it/101/397/data.json"},{"id":"ctry.it.101.398","type":"district","name":"Scarperia","path":"earth/countries/it/101/398/data.json"},{"id":"ctry.it.101.399","type":"district","name":"Seano","path":"earth/countries/it/101/399/data.json"},{"id":"ctry.it.101.400","type":"district","name":"Seggiano","path":"earth/countries/it/101/400/data.json"},{"id":"ctry.it.101.401","type":"district","name":"Selvatelle","path":"earth/countries/it/101/401/data.json"},{"id":"ctry.it.101.402","type":"district","name":"Semproniano","path":"earth/countries/it/101/402/data.json"},{"id":"ctry.it.101.403","type":"district","name":"Seravezza","path":"earth/countries/it/101/403/data.json"},{"id":"ctry.it.101.404","type":"district","name":"Serravalle Pistoiese","path":"earth/countries/it/101/404/data.json"},{"id":"ctry.it.101.405","type":"district","name":"Serre di Rapolano","path":"earth/countries/it/101/405/data.json"},{"id":"ctry.it.101.406","type":"district","name":"Sestino","path":"earth/countries/it/101/406/data.json"},{"id":"ctry.it.101.407","type":"district","name":"Sesto Fiorentino","path":"earth/countries/it/101/407/data.json"},{"id":"ctry.it.101.408","type":"district","name":"Sieci","path":"earth/countries/it/101/408/data.json"},{"id":"ctry.it.101.409","type":"district","name":"Siena","path":"earth/countries/it/101/409/data.json"},{"id":"ctry.it.101.410","type":"district","name":"Signa","path":"earth/countries/it/101/410/data.json"},{"id":"ctry.it.101.411","type":"district","name":"Sillano","path":"earth/countries/it/101/411/data.json"},{"id":"ctry.it.101.412","type":"district","name":"Sinalunga","path":"earth/countries/it/101/412/data.json"},{"id":"ctry.it.101.413","type":"district","name":"Soci","path":"earth/countries/it/101/413/data.json"},{"id":"ctry.it.101.414","type":"district","name":"Sorano","path":"earth/countries/it/101/414/data.json"},{"id":"ctry.it.101.415","type":"district","name":"Sovicille","path":"earth/countries/it/101/415/data.json"},{"id":"ctry.it.101.416","type":"district","name":"Spianate","path":"earth/countries/it/101/416/data.json"},{"id":"ctry.it.101.417","type":"district","name":"Spicchio-Sovigliana","path":"earth/countries/it/101/417/data.json"},{"id":"ctry.it.101.418","type":"district","name":"Stabbia","path":"earth/countries/it/101/418/data.json"},{"id":"ctry.it.101.419","type":"district","name":"Staggia","path":"earth/countries/it/101/419/data.json"},{"id":"ctry.it.101.420","type":"district","name":"Stazione","path":"earth/countries/it/101/420/data.json"},{"id":"ctry.it.101.421","type":"district","name":"Stazione Masotti","path":"earth/countries/it/101/421/data.json"},{"id":"ctry.it.101.422","type":"district","name":"Stia","path":"earth/countries/it/101/422/data.json"},{"id":"ctry.it.101.423","type":"district","name":"Stiava","path":"earth/countries/it/101/423/data.json"},{"id":"ctry.it.101.424","type":"district","name":"Strada","path":"earth/countries/it/101/424/data.json"},{"id":"ctry.it.101.425","type":"district","name":"Strada in Chianti","path":"earth/countries/it/101/425/data.json"},{"id":"ctry.it.101.426","type":"district","name":"Strettoia","path":"earth/countries/it/101/426/data.json"},{"id":"ctry.it.101.427","type":"district","name":"Subbiano","path":"earth/countries/it/101/427/data.json"},{"id":"ctry.it.101.428","type":"district","name":"Suvereto","path":"earth/countries/it/101/428/data.json"},{"id":"ctry.it.101.429","type":"district","name":"Talla","path":"earth/countries/it/101/429/data.json"},{"id":"ctry.it.101.430","type":"district","name":"Tavarnelle Val di Pesa","path":"earth/countries/it/101/430/data.json"},{"id":"ctry.it.101.431","type":"district","name":"Tavarnuzze","path":"earth/countries/it/101/431/data.json"},{"id":"ctry.it.101.432","type":"district","name":"Taverne D'Arbia","path":"earth/countries/it/101/432/data.json"},{"id":"ctry.it.101.433","type":"district","name":"Tegoleto","path":"earth/countries/it/101/433/data.json"},{"id":"ctry.it.101.434","type":"district","name":"Terontola","path":"earth/countries/it/101/434/data.json"},{"id":"ctry.it.101.435","type":"district","name":"Terranuova Bracciolini","path":"earth/countries/it/101/435/data.json"},{"id":"ctry.it.101.436","type":"district","name":"Terrarossa","path":"earth/countries/it/101/436/data.json"},{"id":"ctry.it.101.437","type":"district","name":"Terricciola","path":"earth/countries/it/101/437/data.json"},{"id":"ctry.it.101.438","type":"district","name":"Torre del Lago Puccini","path":"earth/countries/it/101/438/data.json"},{"id":"ctry.it.101.439","type":"district","name":"Torrenieri","path":"earth/countries/it/101/439/data.json"},{"id":"ctry.it.101.440","type":"district","name":"Torrita di Siena","path":"earth/countries/it/101/440/data.json"},{"id":"ctry.it.101.441","type":"district","name":"Treggiaia","path":"earth/countries/it/101/441/data.json"},{"id":"ctry.it.101.442","type":"district","name":"Trequanda","path":"earth/countries/it/101/442/data.json"},{"id":"ctry.it.101.443","type":"district","name":"Tresana","path":"earth/countries/it/101/443/data.json"},{"id":"ctry.it.101.444","type":"district","name":"Uggia-Pazzera-Bizzarrino","path":"earth/countries/it/101/444/data.json"},{"id":"ctry.it.101.445","type":"district","name":"Uliveto Terme","path":"earth/countries/it/101/445/data.json"},{"id":"ctry.it.101.446","type":"district","name":"Uzzano","path":"earth/countries/it/101/446/data.json"},{"id":"ctry.it.101.447","type":"district","name":"Vacchereccia","path":"earth/countries/it/101/447/data.json"},{"id":"ctry.it.101.448","type":"district","name":"Vada","path":"earth/countries/it/101/448/data.json"},{"id":"ctry.it.101.449","type":"district","name":"Vaglia","path":"earth/countries/it/101/449/data.json"},{"id":"ctry.it.101.450","type":"district","name":"Vaiano","path":"earth/countries/it/101/450/data.json"},{"id":"ctry.it.101.451","type":"district","name":"Val di Cava","path":"earth/countries/it/101/451/data.json"},{"id":"ctry.it.101.452","type":"district","name":"Valdottavo","path":"earth/countries/it/101/452/data.json"},{"id":"ctry.it.101.453","type":"district","name":"Valenzatico","path":"earth/countries/it/101/453/data.json"},{"id":"ctry.it.101.454","type":"district","name":"Vecchiano-Nodica","path":"earth/countries/it/101/454/data.json"},{"id":"ctry.it.101.455","type":"district","name":"Venturina","path":"earth/countries/it/101/455/data.json"},{"id":"ctry.it.101.456","type":"district","name":"Vernio","path":"earth/countries/it/101/456/data.json"},{"id":"ctry.it.101.457","type":"district","name":"Vescovado","path":"earth/countries/it/101/457/data.json"},{"id":"ctry.it.101.458","type":"district","name":"Viareggio","path":"earth/countries/it/101/458/data.json"},{"id":"ctry.it.101.459","type":"district","name":"Vicarello","path":"earth/countries/it/101/459/data.json"},{"id":"ctry.it.101.460","type":"district","name":"Vicchio","path":"earth/countries/it/101/460/data.json"},{"id":"ctry.it.101.461","type":"district","name":"Viciomaggio","path":"earth/countries/it/101/461/data.json"},{"id":"ctry.it.101.462","type":"district","name":"Vicopisano","path":"earth/countries/it/101/462/data.json"},{"id":"ctry.it.101.463","type":"district","name":"Vignale Riotorto","path":"earth/countries/it/101/463/data.json"},{"id":"ctry.it.101.464","type":"district","name":"Vignole-Olmi","path":"earth/countries/it/101/464/data.json"},{"id":"ctry.it.101.465","type":"district","name":"Villa Basilica","path":"earth/countries/it/101/465/data.json"},{"id":"ctry.it.101.466","type":"district","name":"Villa Collemandina","path":"earth/countries/it/101/466/data.json"},{"id":"ctry.it.101.467","type":"district","name":"Villafranca in Lunigiana","path":"earth/countries/it/101/467/data.json"},{"id":"ctry.it.101.468","type":"district","name":"Vinci","path":"earth/countries/it/101/468/data.json"},{"id":"ctry.it.101.469","type":"district","name":"Volterra","path":"earth/countries/it/101/469/data.json"},{"id":"ctry.it.101.470","type":"district","name":"Zeri","path":"earth/countries/it/101/470/data.json"}]}